Frame,PDB,pep len,pK,cluster alg,Split,cluster alg train
replica1_1AQC_1,1AQC,10,5.34,1,Test,
replica2_1AQC_1,1AQC,10,5.34,1,Test,
replica3_1AQC_1,1AQC,10,5.34,1,Test,
replica4_1AQC_1,1AQC,10,5.34,1,Test,
replica5_1AQC_1,1AQC,10,5.34,1,Test,
replica1_1AQC_15,1AQC,10,5.34,1,Test,
replica2_1AQC_15,1AQC,10,5.34,1,Test,
replica3_1AQC_15,1AQC,10,5.34,1,Test,
replica4_1AQC_15,1AQC,10,5.34,1,Test,
replica5_1AQC_15,1AQC,10,5.34,1,Test,
replica1_1AQC_29,1AQC,10,5.34,1,Test,
replica2_1AQC_29,1AQC,10,5.34,1,Test,
replica3_1AQC_29,1AQC,10,5.34,1,Test,
replica4_1AQC_29,1AQC,10,5.34,1,Test,
replica5_1AQC_29,1AQC,10,5.34,1,Test,
replica1_1AQC_43,1AQC,10,5.34,1,Test,
replica2_1AQC_43,1AQC,10,5.34,1,Test,
replica3_1AQC_43,1AQC,10,5.34,1,Test,
replica4_1AQC_43,1AQC,10,5.34,1,Test,
replica5_1AQC_43,1AQC,10,5.34,1,Test,
replica1_1AQC_58,1AQC,10,5.34,1,Test,
replica2_1AQC_58,1AQC,10,5.34,1,Test,
replica3_1AQC_58,1AQC,10,5.34,1,Test,
replica4_1AQC_58,1AQC,10,5.34,1,Test,
replica5_1AQC_58,1AQC,10,5.34,1,Test,
replica1_1AQC_72,1AQC,10,5.34,1,Test,
replica2_1AQC_72,1AQC,10,5.34,1,Test,
replica3_1AQC_72,1AQC,10,5.34,1,Test,
replica4_1AQC_72,1AQC,10,5.34,1,Test,
replica5_1AQC_72,1AQC,10,5.34,1,Test,
replica1_1AQC_86,1AQC,10,5.34,1,Test,
replica2_1AQC_86,1AQC,10,5.34,1,Test,
replica3_1AQC_86,1AQC,10,5.34,1,Test,
replica4_1AQC_86,1AQC,10,5.34,1,Test,
replica5_1AQC_86,1AQC,10,5.34,1,Test,
replica1_1AQC_100,1AQC,10,5.34,1,Test,
replica2_1AQC_100,1AQC,10,5.34,1,Test,
replica3_1AQC_100,1AQC,10,5.34,1,Test,
replica4_1AQC_100,1AQC,10,5.34,1,Test,
replica5_1AQC_100,1AQC,10,5.34,1,Test,
replica1_1AWI_1,1AWI,10,4.05,2,Train,1
replica2_1AWI_1,1AWI,10,4.05,2,Train,1
replica3_1AWI_1,1AWI,10,4.05,2,Train,1
replica4_1AWI_1,1AWI,10,4.05,2,Train,1
replica5_1AWI_1,1AWI,10,4.05,2,Train,1
replica1_1AWI_8,1AWI,10,4.05,2,Train,1
replica2_1AWI_8,1AWI,10,4.05,2,Train,1
replica3_1AWI_8,1AWI,10,4.05,2,Train,1
replica4_1AWI_8,1AWI,10,4.05,2,Train,1
replica5_1AWI_8,1AWI,10,4.05,2,Train,1
replica1_1AWI_14,1AWI,10,4.05,2,Train,1
replica2_1AWI_14,1AWI,10,4.05,2,Train,1
replica3_1AWI_14,1AWI,10,4.05,2,Train,1
replica4_1AWI_14,1AWI,10,4.05,2,Train,1
replica5_1AWI_14,1AWI,10,4.05,2,Train,1
replica1_1AWI_21,1AWI,10,4.05,2,Train,1
replica2_1AWI_21,1AWI,10,4.05,2,Train,1
replica3_1AWI_21,1AWI,10,4.05,2,Train,1
replica4_1AWI_21,1AWI,10,4.05,2,Train,1
replica5_1AWI_21,1AWI,10,4.05,2,Train,1
replica1_1AWI_27,1AWI,10,4.05,2,Train,1
replica2_1AWI_27,1AWI,10,4.05,2,Train,1
replica3_1AWI_27,1AWI,10,4.05,2,Train,1
replica4_1AWI_27,1AWI,10,4.05,2,Train,1
replica5_1AWI_27,1AWI,10,4.05,2,Train,1
replica1_1AWI_34,1AWI,10,4.05,2,Train,1
replica2_1AWI_34,1AWI,10,4.05,2,Train,1
replica3_1AWI_34,1AWI,10,4.05,2,Train,1
replica4_1AWI_34,1AWI,10,4.05,2,Train,1
replica5_1AWI_34,1AWI,10,4.05,2,Train,1
replica1_1AWI_41,1AWI,10,4.05,2,Train,1
replica2_1AWI_41,1AWI,10,4.05,2,Train,1
replica3_1AWI_41,1AWI,10,4.05,2,Train,1
replica4_1AWI_41,1AWI,10,4.05,2,Train,1
replica5_1AWI_41,1AWI,10,4.05,2,Train,1
replica1_1AWI_47,1AWI,10,4.05,2,Train,1
replica2_1AWI_47,1AWI,10,4.05,2,Train,1
replica3_1AWI_47,1AWI,10,4.05,2,Train,1
replica4_1AWI_47,1AWI,10,4.05,2,Train,1
replica5_1AWI_47,1AWI,10,4.05,2,Train,1
replica1_1AWI_54,1AWI,10,4.05,2,Train,1
replica2_1AWI_54,1AWI,10,4.05,2,Train,1
replica3_1AWI_54,1AWI,10,4.05,2,Train,1
replica4_1AWI_54,1AWI,10,4.05,2,Train,1
replica5_1AWI_54,1AWI,10,4.05,2,Train,1
replica1_1AWI_60,1AWI,10,4.05,2,Train,1
replica2_1AWI_60,1AWI,10,4.05,2,Train,1
replica3_1AWI_60,1AWI,10,4.05,2,Train,1
replica4_1AWI_60,1AWI,10,4.05,2,Train,1
replica5_1AWI_60,1AWI,10,4.05,2,Train,1
replica1_1AWI_67,1AWI,10,4.05,2,Train,1
replica2_1AWI_67,1AWI,10,4.05,2,Train,1
replica3_1AWI_67,1AWI,10,4.05,2,Train,1
replica4_1AWI_67,1AWI,10,4.05,2,Train,1
replica5_1AWI_67,1AWI,10,4.05,2,Train,1
replica1_1AWI_74,1AWI,10,4.05,2,Train,1
replica2_1AWI_74,1AWI,10,4.05,2,Train,1
replica3_1AWI_74,1AWI,10,4.05,2,Train,1
replica4_1AWI_74,1AWI,10,4.05,2,Train,1
replica5_1AWI_74,1AWI,10,4.05,2,Train,1
replica1_1AWI_80,1AWI,10,4.05,2,Train,1
replica2_1AWI_80,1AWI,10,4.05,2,Train,1
replica3_1AWI_80,1AWI,10,4.05,2,Train,1
replica4_1AWI_80,1AWI,10,4.05,2,Train,1
replica5_1AWI_80,1AWI,10,4.05,2,Train,1
replica1_1AWI_87,1AWI,10,4.05,2,Train,1
replica2_1AWI_87,1AWI,10,4.05,2,Train,1
replica3_1AWI_87,1AWI,10,4.05,2,Train,1
replica4_1AWI_87,1AWI,10,4.05,2,Train,1
replica5_1AWI_87,1AWI,10,4.05,2,Train,1
replica1_1AWI_93,1AWI,10,4.05,2,Train,1
replica2_1AWI_93,1AWI,10,4.05,2,Train,1
replica3_1AWI_93,1AWI,10,4.05,2,Train,1
replica4_1AWI_93,1AWI,10,4.05,2,Train,1
replica5_1AWI_93,1AWI,10,4.05,2,Train,1
replica1_1AWI_100,1AWI,10,4.05,2,Train,1
replica2_1AWI_100,1AWI,10,4.05,2,Train,1
replica3_1AWI_100,1AWI,10,4.05,2,Train,1
replica4_1AWI_100,1AWI,10,4.05,2,Train,1
replica5_1AWI_100,1AWI,10,4.05,2,Train,1
replica1_1BJR_1,1BJR,10,7.68,3,Train,2
replica2_1BJR_1,1BJR,10,7.68,3,Train,2
replica3_1BJR_1,1BJR,10,7.68,3,Train,2
replica4_1BJR_1,1BJR,10,7.68,3,Train,2
replica5_1BJR_1,1BJR,10,7.68,3,Train,2
replica1_1BJR_8,1BJR,10,7.68,3,Train,2
replica2_1BJR_8,1BJR,10,7.68,3,Train,2
replica3_1BJR_8,1BJR,10,7.68,3,Train,2
replica4_1BJR_8,1BJR,10,7.68,3,Train,2
replica5_1BJR_8,1BJR,10,7.68,3,Train,2
replica1_1BJR_14,1BJR,10,7.68,3,Train,2
replica2_1BJR_14,1BJR,10,7.68,3,Train,2
replica3_1BJR_14,1BJR,10,7.68,3,Train,2
replica4_1BJR_14,1BJR,10,7.68,3,Train,2
replica5_1BJR_14,1BJR,10,7.68,3,Train,2
replica1_1BJR_21,1BJR,10,7.68,3,Train,2
replica2_1BJR_21,1BJR,10,7.68,3,Train,2
replica3_1BJR_21,1BJR,10,7.68,3,Train,2
replica4_1BJR_21,1BJR,10,7.68,3,Train,2
replica5_1BJR_21,1BJR,10,7.68,3,Train,2
replica1_1BJR_27,1BJR,10,7.68,3,Train,2
replica2_1BJR_27,1BJR,10,7.68,3,Train,2
replica3_1BJR_27,1BJR,10,7.68,3,Train,2
replica4_1BJR_27,1BJR,10,7.68,3,Train,2
replica5_1BJR_27,1BJR,10,7.68,3,Train,2
replica1_1BJR_34,1BJR,10,7.68,3,Train,2
replica2_1BJR_34,1BJR,10,7.68,3,Train,2
replica3_1BJR_34,1BJR,10,7.68,3,Train,2
replica4_1BJR_34,1BJR,10,7.68,3,Train,2
replica5_1BJR_34,1BJR,10,7.68,3,Train,2
replica1_1BJR_41,1BJR,10,7.68,3,Train,2
replica2_1BJR_41,1BJR,10,7.68,3,Train,2
replica3_1BJR_41,1BJR,10,7.68,3,Train,2
replica4_1BJR_41,1BJR,10,7.68,3,Train,2
replica5_1BJR_41,1BJR,10,7.68,3,Train,2
replica1_1BJR_47,1BJR,10,7.68,3,Train,2
replica2_1BJR_47,1BJR,10,7.68,3,Train,2
replica3_1BJR_47,1BJR,10,7.68,3,Train,2
replica4_1BJR_47,1BJR,10,7.68,3,Train,2
replica5_1BJR_47,1BJR,10,7.68,3,Train,2
replica1_1BJR_54,1BJR,10,7.68,3,Train,2
replica2_1BJR_54,1BJR,10,7.68,3,Train,2
replica3_1BJR_54,1BJR,10,7.68,3,Train,2
replica4_1BJR_54,1BJR,10,7.68,3,Train,2
replica5_1BJR_54,1BJR,10,7.68,3,Train,2
replica1_1BJR_60,1BJR,10,7.68,3,Train,2
replica2_1BJR_60,1BJR,10,7.68,3,Train,2
replica3_1BJR_60,1BJR,10,7.68,3,Train,2
replica4_1BJR_60,1BJR,10,7.68,3,Train,2
replica5_1BJR_60,1BJR,10,7.68,3,Train,2
replica1_1BJR_67,1BJR,10,7.68,3,Train,2
replica2_1BJR_67,1BJR,10,7.68,3,Train,2
replica3_1BJR_67,1BJR,10,7.68,3,Train,2
replica4_1BJR_67,1BJR,10,7.68,3,Train,2
replica5_1BJR_67,1BJR,10,7.68,3,Train,2
replica1_1BJR_74,1BJR,10,7.68,3,Train,2
replica2_1BJR_74,1BJR,10,7.68,3,Train,2
replica3_1BJR_74,1BJR,10,7.68,3,Train,2
replica4_1BJR_74,1BJR,10,7.68,3,Train,2
replica5_1BJR_74,1BJR,10,7.68,3,Train,2
replica1_1BJR_80,1BJR,10,7.68,3,Train,2
replica2_1BJR_80,1BJR,10,7.68,3,Train,2
replica3_1BJR_80,1BJR,10,7.68,3,Train,2
replica4_1BJR_80,1BJR,10,7.68,3,Train,2
replica5_1BJR_80,1BJR,10,7.68,3,Train,2
replica1_1BJR_87,1BJR,10,7.68,3,Train,2
replica2_1BJR_87,1BJR,10,7.68,3,Train,2
replica3_1BJR_87,1BJR,10,7.68,3,Train,2
replica4_1BJR_87,1BJR,10,7.68,3,Train,2
replica5_1BJR_87,1BJR,10,7.68,3,Train,2
replica1_1BJR_93,1BJR,10,7.68,3,Train,2
replica2_1BJR_93,1BJR,10,7.68,3,Train,2
replica3_1BJR_93,1BJR,10,7.68,3,Train,2
replica4_1BJR_93,1BJR,10,7.68,3,Train,2
replica5_1BJR_93,1BJR,10,7.68,3,Train,2
replica1_1BJR_100,1BJR,10,7.68,3,Train,2
replica2_1BJR_100,1BJR,10,7.68,3,Train,2
replica3_1BJR_100,1BJR,10,7.68,3,Train,2
replica4_1BJR_100,1BJR,10,7.68,3,Train,2
replica5_1BJR_100,1BJR,10,7.68,3,Train,2
replica1_1BT6_1,1BT6,14,5.7,4,Train,3
replica2_1BT6_1,1BT6,14,5.7,4,Train,3
replica3_1BT6_1,1BT6,14,5.7,4,Train,3
replica4_1BT6_1,1BT6,14,5.7,4,Train,3
replica5_1BT6_1,1BT6,14,5.7,4,Train,3
replica1_1BT6_8,1BT6,14,5.7,4,Train,3
replica2_1BT6_8,1BT6,14,5.7,4,Train,3
replica3_1BT6_8,1BT6,14,5.7,4,Train,3
replica4_1BT6_8,1BT6,14,5.7,4,Train,3
replica5_1BT6_8,1BT6,14,5.7,4,Train,3
replica1_1BT6_14,1BT6,14,5.7,4,Train,3
replica2_1BT6_14,1BT6,14,5.7,4,Train,3
replica3_1BT6_14,1BT6,14,5.7,4,Train,3
replica4_1BT6_14,1BT6,14,5.7,4,Train,3
replica5_1BT6_14,1BT6,14,5.7,4,Train,3
replica1_1BT6_21,1BT6,14,5.7,4,Train,3
replica2_1BT6_21,1BT6,14,5.7,4,Train,3
replica3_1BT6_21,1BT6,14,5.7,4,Train,3
replica4_1BT6_21,1BT6,14,5.7,4,Train,3
replica5_1BT6_21,1BT6,14,5.7,4,Train,3
replica1_1BT6_27,1BT6,14,5.7,4,Train,3
replica2_1BT6_27,1BT6,14,5.7,4,Train,3
replica3_1BT6_27,1BT6,14,5.7,4,Train,3
replica4_1BT6_27,1BT6,14,5.7,4,Train,3
replica5_1BT6_27,1BT6,14,5.7,4,Train,3
replica1_1BT6_34,1BT6,14,5.7,4,Train,3
replica2_1BT6_34,1BT6,14,5.7,4,Train,3
replica3_1BT6_34,1BT6,14,5.7,4,Train,3
replica4_1BT6_34,1BT6,14,5.7,4,Train,3
replica5_1BT6_34,1BT6,14,5.7,4,Train,3
replica1_1BT6_41,1BT6,14,5.7,4,Train,3
replica2_1BT6_41,1BT6,14,5.7,4,Train,3
replica3_1BT6_41,1BT6,14,5.7,4,Train,3
replica4_1BT6_41,1BT6,14,5.7,4,Train,3
replica5_1BT6_41,1BT6,14,5.7,4,Train,3
replica1_1BT6_47,1BT6,14,5.7,4,Train,3
replica2_1BT6_47,1BT6,14,5.7,4,Train,3
replica3_1BT6_47,1BT6,14,5.7,4,Train,3
replica4_1BT6_47,1BT6,14,5.7,4,Train,3
replica5_1BT6_47,1BT6,14,5.7,4,Train,3
replica1_1BT6_54,1BT6,14,5.7,4,Train,3
replica2_1BT6_54,1BT6,14,5.7,4,Train,3
replica3_1BT6_54,1BT6,14,5.7,4,Train,3
replica4_1BT6_54,1BT6,14,5.7,4,Train,3
replica5_1BT6_54,1BT6,14,5.7,4,Train,3
replica1_1BT6_60,1BT6,14,5.7,4,Train,3
replica2_1BT6_60,1BT6,14,5.7,4,Train,3
replica3_1BT6_60,1BT6,14,5.7,4,Train,3
replica4_1BT6_60,1BT6,14,5.7,4,Train,3
replica5_1BT6_60,1BT6,14,5.7,4,Train,3
replica1_1BT6_67,1BT6,14,5.7,4,Train,3
replica2_1BT6_67,1BT6,14,5.7,4,Train,3
replica3_1BT6_67,1BT6,14,5.7,4,Train,3
replica4_1BT6_67,1BT6,14,5.7,4,Train,3
replica5_1BT6_67,1BT6,14,5.7,4,Train,3
replica1_1BT6_74,1BT6,14,5.7,4,Train,3
replica2_1BT6_74,1BT6,14,5.7,4,Train,3
replica3_1BT6_74,1BT6,14,5.7,4,Train,3
replica4_1BT6_74,1BT6,14,5.7,4,Train,3
replica5_1BT6_74,1BT6,14,5.7,4,Train,3
replica1_1BT6_80,1BT6,14,5.7,4,Train,3
replica2_1BT6_80,1BT6,14,5.7,4,Train,3
replica3_1BT6_80,1BT6,14,5.7,4,Train,3
replica4_1BT6_80,1BT6,14,5.7,4,Train,3
replica5_1BT6_80,1BT6,14,5.7,4,Train,3
replica1_1BT6_87,1BT6,14,5.7,4,Train,3
replica2_1BT6_87,1BT6,14,5.7,4,Train,3
replica3_1BT6_87,1BT6,14,5.7,4,Train,3
replica4_1BT6_87,1BT6,14,5.7,4,Train,3
replica5_1BT6_87,1BT6,14,5.7,4,Train,3
replica1_1BT6_93,1BT6,14,5.7,4,Train,3
replica2_1BT6_93,1BT6,14,5.7,4,Train,3
replica3_1BT6_93,1BT6,14,5.7,4,Train,3
replica4_1BT6_93,1BT6,14,5.7,4,Train,3
replica5_1BT6_93,1BT6,14,5.7,4,Train,3
replica1_1BT6_100,1BT6,14,5.7,4,Train,3
replica2_1BT6_100,1BT6,14,5.7,4,Train,3
replica3_1BT6_100,1BT6,14,5.7,4,Train,3
replica4_1BT6_100,1BT6,14,5.7,4,Train,3
replica5_1BT6_100,1BT6,14,5.7,4,Train,3
replica1_1CKA_1,1CKA,10,5.72,5,Test,
replica2_1CKA_1,1CKA,10,5.72,5,Test,
replica3_1CKA_1,1CKA,10,5.72,5,Test,
replica4_1CKA_1,1CKA,10,5.72,5,Test,
replica5_1CKA_1,1CKA,10,5.72,5,Test,
replica1_1CKA_15,1CKA,10,5.72,5,Test,
replica2_1CKA_15,1CKA,10,5.72,5,Test,
replica3_1CKA_15,1CKA,10,5.72,5,Test,
replica4_1CKA_15,1CKA,10,5.72,5,Test,
replica5_1CKA_15,1CKA,10,5.72,5,Test,
replica1_1CKA_29,1CKA,10,5.72,5,Test,
replica2_1CKA_29,1CKA,10,5.72,5,Test,
replica3_1CKA_29,1CKA,10,5.72,5,Test,
replica4_1CKA_29,1CKA,10,5.72,5,Test,
replica5_1CKA_29,1CKA,10,5.72,5,Test,
replica1_1CKA_43,1CKA,10,5.72,5,Test,
replica2_1CKA_43,1CKA,10,5.72,5,Test,
replica3_1CKA_43,1CKA,10,5.72,5,Test,
replica4_1CKA_43,1CKA,10,5.72,5,Test,
replica5_1CKA_43,1CKA,10,5.72,5,Test,
replica1_1CKA_58,1CKA,10,5.72,5,Test,
replica2_1CKA_58,1CKA,10,5.72,5,Test,
replica3_1CKA_58,1CKA,10,5.72,5,Test,
replica4_1CKA_58,1CKA,10,5.72,5,Test,
replica5_1CKA_58,1CKA,10,5.72,5,Test,
replica1_1CKA_72,1CKA,10,5.72,5,Test,
replica2_1CKA_72,1CKA,10,5.72,5,Test,
replica3_1CKA_72,1CKA,10,5.72,5,Test,
replica4_1CKA_72,1CKA,10,5.72,5,Test,
replica5_1CKA_72,1CKA,10,5.72,5,Test,
replica1_1CKA_86,1CKA,10,5.72,5,Test,
replica2_1CKA_86,1CKA,10,5.72,5,Test,
replica3_1CKA_86,1CKA,10,5.72,5,Test,
replica4_1CKA_86,1CKA,10,5.72,5,Test,
replica5_1CKA_86,1CKA,10,5.72,5,Test,
replica1_1CKA_100,1CKA,10,5.72,5,Test,
replica2_1CKA_100,1CKA,10,5.72,5,Test,
replica3_1CKA_100,1CKA,10,5.72,5,Test,
replica4_1CKA_100,1CKA,10,5.72,5,Test,
replica5_1CKA_100,1CKA,10,5.72,5,Test,
replica1_1CKB_1,1CKB,10,5.28,5,Test,
replica2_1CKB_1,1CKB,10,5.28,5,Test,
replica3_1CKB_1,1CKB,10,5.28,5,Test,
replica4_1CKB_1,1CKB,10,5.28,5,Test,
replica5_1CKB_1,1CKB,10,5.28,5,Test,
replica1_1CKB_15,1CKB,10,5.28,5,Test,
replica2_1CKB_15,1CKB,10,5.28,5,Test,
replica3_1CKB_15,1CKB,10,5.28,5,Test,
replica4_1CKB_15,1CKB,10,5.28,5,Test,
replica5_1CKB_15,1CKB,10,5.28,5,Test,
replica1_1CKB_29,1CKB,10,5.28,5,Test,
replica2_1CKB_29,1CKB,10,5.28,5,Test,
replica3_1CKB_29,1CKB,10,5.28,5,Test,
replica4_1CKB_29,1CKB,10,5.28,5,Test,
replica5_1CKB_29,1CKB,10,5.28,5,Test,
replica1_1CKB_43,1CKB,10,5.28,5,Test,
replica2_1CKB_43,1CKB,10,5.28,5,Test,
replica3_1CKB_43,1CKB,10,5.28,5,Test,
replica4_1CKB_43,1CKB,10,5.28,5,Test,
replica5_1CKB_43,1CKB,10,5.28,5,Test,
replica1_1CKB_58,1CKB,10,5.28,5,Test,
replica2_1CKB_58,1CKB,10,5.28,5,Test,
replica3_1CKB_58,1CKB,10,5.28,5,Test,
replica4_1CKB_58,1CKB,10,5.28,5,Test,
replica5_1CKB_58,1CKB,10,5.28,5,Test,
replica1_1CKB_72,1CKB,10,5.28,5,Test,
replica2_1CKB_72,1CKB,10,5.28,5,Test,
replica3_1CKB_72,1CKB,10,5.28,5,Test,
replica4_1CKB_72,1CKB,10,5.28,5,Test,
replica5_1CKB_72,1CKB,10,5.28,5,Test,
replica1_1CKB_86,1CKB,10,5.28,5,Test,
replica2_1CKB_86,1CKB,10,5.28,5,Test,
replica3_1CKB_86,1CKB,10,5.28,5,Test,
replica4_1CKB_86,1CKB,10,5.28,5,Test,
replica5_1CKB_86,1CKB,10,5.28,5,Test,
replica1_1CKB_100,1CKB,10,5.28,5,Test,
replica2_1CKB_100,1CKB,10,5.28,5,Test,
replica3_1CKB_100,1CKB,10,5.28,5,Test,
replica4_1CKB_100,1CKB,10,5.28,5,Test,
replica5_1CKB_100,1CKB,10,5.28,5,Test,
replica1_1D4T_1,1D4T,11,6.19,6,Train,4
replica2_1D4T_1,1D4T,11,6.19,6,Train,4
replica3_1D4T_1,1D4T,11,6.19,6,Train,4
replica4_1D4T_1,1D4T,11,6.19,6,Train,4
replica5_1D4T_1,1D4T,11,6.19,6,Train,4
replica1_1D4T_8,1D4T,11,6.19,6,Train,4
replica2_1D4T_8,1D4T,11,6.19,6,Train,4
replica3_1D4T_8,1D4T,11,6.19,6,Train,4
replica4_1D4T_8,1D4T,11,6.19,6,Train,4
replica5_1D4T_8,1D4T,11,6.19,6,Train,4
replica1_1D4T_14,1D4T,11,6.19,6,Train,4
replica2_1D4T_14,1D4T,11,6.19,6,Train,4
replica3_1D4T_14,1D4T,11,6.19,6,Train,4
replica4_1D4T_14,1D4T,11,6.19,6,Train,4
replica5_1D4T_14,1D4T,11,6.19,6,Train,4
replica1_1D4T_21,1D4T,11,6.19,6,Train,4
replica2_1D4T_21,1D4T,11,6.19,6,Train,4
replica3_1D4T_21,1D4T,11,6.19,6,Train,4
replica4_1D4T_21,1D4T,11,6.19,6,Train,4
replica5_1D4T_21,1D4T,11,6.19,6,Train,4
replica1_1D4T_27,1D4T,11,6.19,6,Train,4
replica2_1D4T_27,1D4T,11,6.19,6,Train,4
replica3_1D4T_27,1D4T,11,6.19,6,Train,4
replica4_1D4T_27,1D4T,11,6.19,6,Train,4
replica5_1D4T_27,1D4T,11,6.19,6,Train,4
replica1_1D4T_34,1D4T,11,6.19,6,Train,4
replica2_1D4T_34,1D4T,11,6.19,6,Train,4
replica3_1D4T_34,1D4T,11,6.19,6,Train,4
replica4_1D4T_34,1D4T,11,6.19,6,Train,4
replica5_1D4T_34,1D4T,11,6.19,6,Train,4
replica1_1D4T_41,1D4T,11,6.19,6,Train,4
replica2_1D4T_41,1D4T,11,6.19,6,Train,4
replica3_1D4T_41,1D4T,11,6.19,6,Train,4
replica4_1D4T_41,1D4T,11,6.19,6,Train,4
replica5_1D4T_41,1D4T,11,6.19,6,Train,4
replica1_1D4T_47,1D4T,11,6.19,6,Train,4
replica2_1D4T_47,1D4T,11,6.19,6,Train,4
replica3_1D4T_47,1D4T,11,6.19,6,Train,4
replica4_1D4T_47,1D4T,11,6.19,6,Train,4
replica5_1D4T_47,1D4T,11,6.19,6,Train,4
replica1_1D4T_54,1D4T,11,6.19,6,Train,4
replica2_1D4T_54,1D4T,11,6.19,6,Train,4
replica3_1D4T_54,1D4T,11,6.19,6,Train,4
replica4_1D4T_54,1D4T,11,6.19,6,Train,4
replica5_1D4T_54,1D4T,11,6.19,6,Train,4
replica1_1D4T_60,1D4T,11,6.19,6,Train,4
replica2_1D4T_60,1D4T,11,6.19,6,Train,4
replica3_1D4T_60,1D4T,11,6.19,6,Train,4
replica4_1D4T_60,1D4T,11,6.19,6,Train,4
replica5_1D4T_60,1D4T,11,6.19,6,Train,4
replica1_1D4T_67,1D4T,11,6.19,6,Train,4
replica2_1D4T_67,1D4T,11,6.19,6,Train,4
replica3_1D4T_67,1D4T,11,6.19,6,Train,4
replica4_1D4T_67,1D4T,11,6.19,6,Train,4
replica5_1D4T_67,1D4T,11,6.19,6,Train,4
replica1_1D4T_74,1D4T,11,6.19,6,Train,4
replica2_1D4T_74,1D4T,11,6.19,6,Train,4
replica3_1D4T_74,1D4T,11,6.19,6,Train,4
replica4_1D4T_74,1D4T,11,6.19,6,Train,4
replica5_1D4T_74,1D4T,11,6.19,6,Train,4
replica1_1D4T_80,1D4T,11,6.19,6,Train,4
replica2_1D4T_80,1D4T,11,6.19,6,Train,4
replica3_1D4T_80,1D4T,11,6.19,6,Train,4
replica4_1D4T_80,1D4T,11,6.19,6,Train,4
replica5_1D4T_80,1D4T,11,6.19,6,Train,4
replica1_1D4T_87,1D4T,11,6.19,6,Train,4
replica2_1D4T_87,1D4T,11,6.19,6,Train,4
replica3_1D4T_87,1D4T,11,6.19,6,Train,4
replica4_1D4T_87,1D4T,11,6.19,6,Train,4
replica5_1D4T_87,1D4T,11,6.19,6,Train,4
replica1_1D4T_93,1D4T,11,6.19,6,Train,4
replica2_1D4T_93,1D4T,11,6.19,6,Train,4
replica3_1D4T_93,1D4T,11,6.19,6,Train,4
replica4_1D4T_93,1D4T,11,6.19,6,Train,4
replica5_1D4T_93,1D4T,11,6.19,6,Train,4
replica1_1D4T_100,1D4T,11,6.19,6,Train,4
replica2_1D4T_100,1D4T,11,6.19,6,Train,4
replica3_1D4T_100,1D4T,11,6.19,6,Train,4
replica4_1D4T_100,1D4T,11,6.19,6,Train,4
replica5_1D4T_100,1D4T,11,6.19,6,Train,4
replica1_1DKD_1,1DKD,12,5.7,7,Train,5
replica2_1DKD_1,1DKD,12,5.7,7,Train,5
replica3_1DKD_1,1DKD,12,5.7,7,Train,5
replica4_1DKD_1,1DKD,12,5.7,7,Train,5
replica5_1DKD_1,1DKD,12,5.7,7,Train,5
replica1_1DKD_8,1DKD,12,5.7,7,Train,5
replica2_1DKD_8,1DKD,12,5.7,7,Train,5
replica3_1DKD_8,1DKD,12,5.7,7,Train,5
replica4_1DKD_8,1DKD,12,5.7,7,Train,5
replica5_1DKD_8,1DKD,12,5.7,7,Train,5
replica1_1DKD_14,1DKD,12,5.7,7,Train,5
replica2_1DKD_14,1DKD,12,5.7,7,Train,5
replica3_1DKD_14,1DKD,12,5.7,7,Train,5
replica4_1DKD_14,1DKD,12,5.7,7,Train,5
replica5_1DKD_14,1DKD,12,5.7,7,Train,5
replica1_1DKD_21,1DKD,12,5.7,7,Train,5
replica2_1DKD_21,1DKD,12,5.7,7,Train,5
replica3_1DKD_21,1DKD,12,5.7,7,Train,5
replica4_1DKD_21,1DKD,12,5.7,7,Train,5
replica5_1DKD_21,1DKD,12,5.7,7,Train,5
replica1_1DKD_27,1DKD,12,5.7,7,Train,5
replica2_1DKD_27,1DKD,12,5.7,7,Train,5
replica3_1DKD_27,1DKD,12,5.7,7,Train,5
replica4_1DKD_27,1DKD,12,5.7,7,Train,5
replica5_1DKD_27,1DKD,12,5.7,7,Train,5
replica1_1DKD_34,1DKD,12,5.7,7,Train,5
replica2_1DKD_34,1DKD,12,5.7,7,Train,5
replica3_1DKD_34,1DKD,12,5.7,7,Train,5
replica4_1DKD_34,1DKD,12,5.7,7,Train,5
replica5_1DKD_34,1DKD,12,5.7,7,Train,5
replica1_1DKD_41,1DKD,12,5.7,7,Train,5
replica2_1DKD_41,1DKD,12,5.7,7,Train,5
replica3_1DKD_41,1DKD,12,5.7,7,Train,5
replica4_1DKD_41,1DKD,12,5.7,7,Train,5
replica5_1DKD_41,1DKD,12,5.7,7,Train,5
replica1_1DKD_47,1DKD,12,5.7,7,Train,5
replica2_1DKD_47,1DKD,12,5.7,7,Train,5
replica3_1DKD_47,1DKD,12,5.7,7,Train,5
replica4_1DKD_47,1DKD,12,5.7,7,Train,5
replica5_1DKD_47,1DKD,12,5.7,7,Train,5
replica1_1DKD_54,1DKD,12,5.7,7,Train,5
replica2_1DKD_54,1DKD,12,5.7,7,Train,5
replica3_1DKD_54,1DKD,12,5.7,7,Train,5
replica4_1DKD_54,1DKD,12,5.7,7,Train,5
replica5_1DKD_54,1DKD,12,5.7,7,Train,5
replica1_1DKD_60,1DKD,12,5.7,7,Train,5
replica2_1DKD_60,1DKD,12,5.7,7,Train,5
replica3_1DKD_60,1DKD,12,5.7,7,Train,5
replica4_1DKD_60,1DKD,12,5.7,7,Train,5
replica5_1DKD_60,1DKD,12,5.7,7,Train,5
replica1_1DKD_67,1DKD,12,5.7,7,Train,5
replica2_1DKD_67,1DKD,12,5.7,7,Train,5
replica3_1DKD_67,1DKD,12,5.7,7,Train,5
replica4_1DKD_67,1DKD,12,5.7,7,Train,5
replica5_1DKD_67,1DKD,12,5.7,7,Train,5
replica1_1DKD_74,1DKD,12,5.7,7,Train,5
replica2_1DKD_74,1DKD,12,5.7,7,Train,5
replica3_1DKD_74,1DKD,12,5.7,7,Train,5
replica4_1DKD_74,1DKD,12,5.7,7,Train,5
replica5_1DKD_74,1DKD,12,5.7,7,Train,5
replica1_1DKD_80,1DKD,12,5.7,7,Train,5
replica2_1DKD_80,1DKD,12,5.7,7,Train,5
replica3_1DKD_80,1DKD,12,5.7,7,Train,5
replica4_1DKD_80,1DKD,12,5.7,7,Train,5
replica5_1DKD_80,1DKD,12,5.7,7,Train,5
replica1_1DKD_87,1DKD,12,5.7,7,Train,5
replica2_1DKD_87,1DKD,12,5.7,7,Train,5
replica3_1DKD_87,1DKD,12,5.7,7,Train,5
replica4_1DKD_87,1DKD,12,5.7,7,Train,5
replica5_1DKD_87,1DKD,12,5.7,7,Train,5
replica1_1DKD_93,1DKD,12,5.7,7,Train,5
replica2_1DKD_93,1DKD,12,5.7,7,Train,5
replica3_1DKD_93,1DKD,12,5.7,7,Train,5
replica4_1DKD_93,1DKD,12,5.7,7,Train,5
replica5_1DKD_93,1DKD,12,5.7,7,Train,5
replica1_1DKD_100,1DKD,12,5.7,7,Train,5
replica2_1DKD_100,1DKD,12,5.7,7,Train,5
replica3_1DKD_100,1DKD,12,5.7,7,Train,5
replica4_1DKD_100,1DKD,12,5.7,7,Train,5
replica5_1DKD_100,1DKD,12,5.7,7,Train,5
replica1_1EB1_1,1EB1,10,10.43,8,Train,6
replica2_1EB1_1,1EB1,10,10.43,8,Train,6
replica3_1EB1_1,1EB1,10,10.43,8,Train,6
replica4_1EB1_1,1EB1,10,10.43,8,Train,6
replica5_1EB1_1,1EB1,10,10.43,8,Train,6
replica1_1EB1_15,1EB1,10,10.43,8,Train,6
replica2_1EB1_15,1EB1,10,10.43,8,Train,6
replica3_1EB1_15,1EB1,10,10.43,8,Train,6
replica4_1EB1_15,1EB1,10,10.43,8,Train,6
replica5_1EB1_15,1EB1,10,10.43,8,Train,6
replica1_1EB1_29,1EB1,10,10.43,8,Train,6
replica2_1EB1_29,1EB1,10,10.43,8,Train,6
replica3_1EB1_29,1EB1,10,10.43,8,Train,6
replica4_1EB1_29,1EB1,10,10.43,8,Train,6
replica5_1EB1_29,1EB1,10,10.43,8,Train,6
replica1_1EB1_43,1EB1,10,10.43,8,Train,6
replica2_1EB1_43,1EB1,10,10.43,8,Train,6
replica3_1EB1_43,1EB1,10,10.43,8,Train,6
replica4_1EB1_43,1EB1,10,10.43,8,Train,6
replica5_1EB1_43,1EB1,10,10.43,8,Train,6
replica1_1EB1_58,1EB1,10,10.43,8,Train,6
replica2_1EB1_58,1EB1,10,10.43,8,Train,6
replica3_1EB1_58,1EB1,10,10.43,8,Train,6
replica4_1EB1_58,1EB1,10,10.43,8,Train,6
replica5_1EB1_58,1EB1,10,10.43,8,Train,6
replica1_1EB1_72,1EB1,10,10.43,8,Train,6
replica2_1EB1_72,1EB1,10,10.43,8,Train,6
replica3_1EB1_72,1EB1,10,10.43,8,Train,6
replica4_1EB1_72,1EB1,10,10.43,8,Train,6
replica5_1EB1_72,1EB1,10,10.43,8,Train,6
replica1_1EB1_86,1EB1,10,10.43,8,Train,6
replica2_1EB1_86,1EB1,10,10.43,8,Train,6
replica3_1EB1_86,1EB1,10,10.43,8,Train,6
replica4_1EB1_86,1EB1,10,10.43,8,Train,6
replica5_1EB1_86,1EB1,10,10.43,8,Train,6
replica1_1EB1_100,1EB1,10,10.43,8,Train,6
replica2_1EB1_100,1EB1,10,10.43,8,Train,6
replica3_1EB1_100,1EB1,10,10.43,8,Train,6
replica4_1EB1_100,1EB1,10,10.43,8,Train,6
replica5_1EB1_100,1EB1,10,10.43,8,Train,6
replica1_1EJ4_1,1EJ4,14,7.3,9,Train,7
replica2_1EJ4_1,1EJ4,14,7.3,9,Train,7
replica3_1EJ4_1,1EJ4,14,7.3,9,Train,7
replica4_1EJ4_1,1EJ4,14,7.3,9,Train,7
replica5_1EJ4_1,1EJ4,14,7.3,9,Train,7
replica1_1EJ4_8,1EJ4,14,7.3,9,Train,7
replica2_1EJ4_8,1EJ4,14,7.3,9,Train,7
replica3_1EJ4_8,1EJ4,14,7.3,9,Train,7
replica4_1EJ4_8,1EJ4,14,7.3,9,Train,7
replica5_1EJ4_8,1EJ4,14,7.3,9,Train,7
replica1_1EJ4_14,1EJ4,14,7.3,9,Train,7
replica2_1EJ4_14,1EJ4,14,7.3,9,Train,7
replica3_1EJ4_14,1EJ4,14,7.3,9,Train,7
replica4_1EJ4_14,1EJ4,14,7.3,9,Train,7
replica5_1EJ4_14,1EJ4,14,7.3,9,Train,7
replica1_1EJ4_21,1EJ4,14,7.3,9,Train,7
replica2_1EJ4_21,1EJ4,14,7.3,9,Train,7
replica3_1EJ4_21,1EJ4,14,7.3,9,Train,7
replica4_1EJ4_21,1EJ4,14,7.3,9,Train,7
replica5_1EJ4_21,1EJ4,14,7.3,9,Train,7
replica1_1EJ4_27,1EJ4,14,7.3,9,Train,7
replica2_1EJ4_27,1EJ4,14,7.3,9,Train,7
replica3_1EJ4_27,1EJ4,14,7.3,9,Train,7
replica4_1EJ4_27,1EJ4,14,7.3,9,Train,7
replica5_1EJ4_27,1EJ4,14,7.3,9,Train,7
replica1_1EJ4_34,1EJ4,14,7.3,9,Train,7
replica2_1EJ4_34,1EJ4,14,7.3,9,Train,7
replica3_1EJ4_34,1EJ4,14,7.3,9,Train,7
replica4_1EJ4_34,1EJ4,14,7.3,9,Train,7
replica5_1EJ4_34,1EJ4,14,7.3,9,Train,7
replica1_1EJ4_41,1EJ4,14,7.3,9,Train,7
replica2_1EJ4_41,1EJ4,14,7.3,9,Train,7
replica3_1EJ4_41,1EJ4,14,7.3,9,Train,7
replica4_1EJ4_41,1EJ4,14,7.3,9,Train,7
replica5_1EJ4_41,1EJ4,14,7.3,9,Train,7
replica1_1EJ4_47,1EJ4,14,7.3,9,Train,7
replica2_1EJ4_47,1EJ4,14,7.3,9,Train,7
replica3_1EJ4_47,1EJ4,14,7.3,9,Train,7
replica4_1EJ4_47,1EJ4,14,7.3,9,Train,7
replica5_1EJ4_47,1EJ4,14,7.3,9,Train,7
replica1_1EJ4_54,1EJ4,14,7.3,9,Train,7
replica2_1EJ4_54,1EJ4,14,7.3,9,Train,7
replica3_1EJ4_54,1EJ4,14,7.3,9,Train,7
replica4_1EJ4_54,1EJ4,14,7.3,9,Train,7
replica5_1EJ4_54,1EJ4,14,7.3,9,Train,7
replica1_1EJ4_60,1EJ4,14,7.3,9,Train,7
replica2_1EJ4_60,1EJ4,14,7.3,9,Train,7
replica3_1EJ4_60,1EJ4,14,7.3,9,Train,7
replica4_1EJ4_60,1EJ4,14,7.3,9,Train,7
replica5_1EJ4_60,1EJ4,14,7.3,9,Train,7
replica1_1EJ4_67,1EJ4,14,7.3,9,Train,7
replica2_1EJ4_67,1EJ4,14,7.3,9,Train,7
replica3_1EJ4_67,1EJ4,14,7.3,9,Train,7
replica4_1EJ4_67,1EJ4,14,7.3,9,Train,7
replica5_1EJ4_67,1EJ4,14,7.3,9,Train,7
replica1_1EJ4_74,1EJ4,14,7.3,9,Train,7
replica2_1EJ4_74,1EJ4,14,7.3,9,Train,7
replica3_1EJ4_74,1EJ4,14,7.3,9,Train,7
replica4_1EJ4_74,1EJ4,14,7.3,9,Train,7
replica5_1EJ4_74,1EJ4,14,7.3,9,Train,7
replica1_1EJ4_80,1EJ4,14,7.3,9,Train,7
replica2_1EJ4_80,1EJ4,14,7.3,9,Train,7
replica3_1EJ4_80,1EJ4,14,7.3,9,Train,7
replica4_1EJ4_80,1EJ4,14,7.3,9,Train,7
replica5_1EJ4_80,1EJ4,14,7.3,9,Train,7
replica1_1EJ4_87,1EJ4,14,7.3,9,Train,7
replica2_1EJ4_87,1EJ4,14,7.3,9,Train,7
replica3_1EJ4_87,1EJ4,14,7.3,9,Train,7
replica4_1EJ4_87,1EJ4,14,7.3,9,Train,7
replica5_1EJ4_87,1EJ4,14,7.3,9,Train,7
replica1_1EJ4_93,1EJ4,14,7.3,9,Train,7
replica2_1EJ4_93,1EJ4,14,7.3,9,Train,7
replica3_1EJ4_93,1EJ4,14,7.3,9,Train,7
replica4_1EJ4_93,1EJ4,14,7.3,9,Train,7
replica5_1EJ4_93,1EJ4,14,7.3,9,Train,7
replica1_1EJ4_100,1EJ4,14,7.3,9,Train,7
replica2_1EJ4_100,1EJ4,14,7.3,9,Train,7
replica3_1EJ4_100,1EJ4,14,7.3,9,Train,7
replica4_1EJ4_100,1EJ4,14,7.3,9,Train,7
replica5_1EJ4_100,1EJ4,14,7.3,9,Train,7
replica1_1F90_1,1F90,9,7.92,10,Test,
replica2_1F90_1,1F90,9,7.92,10,Test,
replica3_1F90_1,1F90,9,7.92,10,Test,
replica4_1F90_1,1F90,9,7.92,10,Test,
replica5_1F90_1,1F90,9,7.92,10,Test,
replica1_1F90_15,1F90,9,7.92,10,Test,
replica2_1F90_15,1F90,9,7.92,10,Test,
replica3_1F90_15,1F90,9,7.92,10,Test,
replica4_1F90_15,1F90,9,7.92,10,Test,
replica5_1F90_15,1F90,9,7.92,10,Test,
replica1_1F90_29,1F90,9,7.92,10,Test,
replica2_1F90_29,1F90,9,7.92,10,Test,
replica3_1F90_29,1F90,9,7.92,10,Test,
replica4_1F90_29,1F90,9,7.92,10,Test,
replica5_1F90_29,1F90,9,7.92,10,Test,
replica1_1F90_43,1F90,9,7.92,10,Test,
replica2_1F90_43,1F90,9,7.92,10,Test,
replica3_1F90_43,1F90,9,7.92,10,Test,
replica4_1F90_43,1F90,9,7.92,10,Test,
replica5_1F90_43,1F90,9,7.92,10,Test,
replica1_1F90_58,1F90,9,7.92,10,Test,
replica2_1F90_58,1F90,9,7.92,10,Test,
replica3_1F90_58,1F90,9,7.92,10,Test,
replica4_1F90_58,1F90,9,7.92,10,Test,
replica5_1F90_58,1F90,9,7.92,10,Test,
replica1_1F90_72,1F90,9,7.92,10,Test,
replica2_1F90_72,1F90,9,7.92,10,Test,
replica3_1F90_72,1F90,9,7.92,10,Test,
replica4_1F90_72,1F90,9,7.92,10,Test,
replica5_1F90_72,1F90,9,7.92,10,Test,
replica1_1F90_86,1F90,9,7.92,10,Test,
replica2_1F90_86,1F90,9,7.92,10,Test,
replica3_1F90_86,1F90,9,7.92,10,Test,
replica4_1F90_86,1F90,9,7.92,10,Test,
replica5_1F90_86,1F90,9,7.92,10,Test,
replica1_1F90_100,1F90,9,7.92,10,Test,
replica2_1F90_100,1F90,9,7.92,10,Test,
replica3_1F90_100,1F90,9,7.92,10,Test,
replica4_1F90_100,1F90,9,7.92,10,Test,
replica5_1F90_100,1F90,9,7.92,10,Test,
replica1_1FCH_1,1FCH,5,7.15,11,Train,8
replica2_1FCH_1,1FCH,5,7.15,11,Train,8
replica3_1FCH_1,1FCH,5,7.15,11,Train,8
replica4_1FCH_1,1FCH,5,7.15,11,Train,8
replica5_1FCH_1,1FCH,5,7.15,11,Train,8
replica1_1FCH_8,1FCH,5,7.15,11,Train,8
replica2_1FCH_8,1FCH,5,7.15,11,Train,8
replica3_1FCH_8,1FCH,5,7.15,11,Train,8
replica4_1FCH_8,1FCH,5,7.15,11,Train,8
replica5_1FCH_8,1FCH,5,7.15,11,Train,8
replica1_1FCH_14,1FCH,5,7.15,11,Train,8
replica2_1FCH_14,1FCH,5,7.15,11,Train,8
replica3_1FCH_14,1FCH,5,7.15,11,Train,8
replica4_1FCH_14,1FCH,5,7.15,11,Train,8
replica5_1FCH_14,1FCH,5,7.15,11,Train,8
replica1_1FCH_21,1FCH,5,7.15,11,Train,8
replica2_1FCH_21,1FCH,5,7.15,11,Train,8
replica3_1FCH_21,1FCH,5,7.15,11,Train,8
replica4_1FCH_21,1FCH,5,7.15,11,Train,8
replica5_1FCH_21,1FCH,5,7.15,11,Train,8
replica1_1FCH_27,1FCH,5,7.15,11,Train,8
replica2_1FCH_27,1FCH,5,7.15,11,Train,8
replica3_1FCH_27,1FCH,5,7.15,11,Train,8
replica4_1FCH_27,1FCH,5,7.15,11,Train,8
replica5_1FCH_27,1FCH,5,7.15,11,Train,8
replica1_1FCH_34,1FCH,5,7.15,11,Train,8
replica2_1FCH_34,1FCH,5,7.15,11,Train,8
replica3_1FCH_34,1FCH,5,7.15,11,Train,8
replica4_1FCH_34,1FCH,5,7.15,11,Train,8
replica5_1FCH_34,1FCH,5,7.15,11,Train,8
replica1_1FCH_41,1FCH,5,7.15,11,Train,8
replica2_1FCH_41,1FCH,5,7.15,11,Train,8
replica3_1FCH_41,1FCH,5,7.15,11,Train,8
replica4_1FCH_41,1FCH,5,7.15,11,Train,8
replica5_1FCH_41,1FCH,5,7.15,11,Train,8
replica1_1FCH_47,1FCH,5,7.15,11,Train,8
replica2_1FCH_47,1FCH,5,7.15,11,Train,8
replica3_1FCH_47,1FCH,5,7.15,11,Train,8
replica4_1FCH_47,1FCH,5,7.15,11,Train,8
replica5_1FCH_47,1FCH,5,7.15,11,Train,8
replica1_1FCH_54,1FCH,5,7.15,11,Train,8
replica2_1FCH_54,1FCH,5,7.15,11,Train,8
replica3_1FCH_54,1FCH,5,7.15,11,Train,8
replica4_1FCH_54,1FCH,5,7.15,11,Train,8
replica5_1FCH_54,1FCH,5,7.15,11,Train,8
replica1_1FCH_60,1FCH,5,7.15,11,Train,8
replica2_1FCH_60,1FCH,5,7.15,11,Train,8
replica3_1FCH_60,1FCH,5,7.15,11,Train,8
replica4_1FCH_60,1FCH,5,7.15,11,Train,8
replica5_1FCH_60,1FCH,5,7.15,11,Train,8
replica1_1FCH_67,1FCH,5,7.15,11,Train,8
replica2_1FCH_67,1FCH,5,7.15,11,Train,8
replica3_1FCH_67,1FCH,5,7.15,11,Train,8
replica4_1FCH_67,1FCH,5,7.15,11,Train,8
replica5_1FCH_67,1FCH,5,7.15,11,Train,8
replica1_1FCH_74,1FCH,5,7.15,11,Train,8
replica2_1FCH_74,1FCH,5,7.15,11,Train,8
replica3_1FCH_74,1FCH,5,7.15,11,Train,8
replica4_1FCH_74,1FCH,5,7.15,11,Train,8
replica5_1FCH_74,1FCH,5,7.15,11,Train,8
replica1_1FCH_80,1FCH,5,7.15,11,Train,8
replica2_1FCH_80,1FCH,5,7.15,11,Train,8
replica3_1FCH_80,1FCH,5,7.15,11,Train,8
replica4_1FCH_80,1FCH,5,7.15,11,Train,8
replica5_1FCH_80,1FCH,5,7.15,11,Train,8
replica1_1FCH_87,1FCH,5,7.15,11,Train,8
replica2_1FCH_87,1FCH,5,7.15,11,Train,8
replica3_1FCH_87,1FCH,5,7.15,11,Train,8
replica4_1FCH_87,1FCH,5,7.15,11,Train,8
replica5_1FCH_87,1FCH,5,7.15,11,Train,8
replica1_1FCH_93,1FCH,5,7.15,11,Train,8
replica2_1FCH_93,1FCH,5,7.15,11,Train,8
replica3_1FCH_93,1FCH,5,7.15,11,Train,8
replica4_1FCH_93,1FCH,5,7.15,11,Train,8
replica5_1FCH_93,1FCH,5,7.15,11,Train,8
replica1_1FCH_100,1FCH,5,7.15,11,Train,8
replica2_1FCH_100,1FCH,5,7.15,11,Train,8
replica3_1FCH_100,1FCH,5,7.15,11,Train,8
replica4_1FCH_100,1FCH,5,7.15,11,Train,8
replica5_1FCH_100,1FCH,5,7.15,11,Train,8
replica1_1FZJ_1,1FZJ,8,8.1,12,Train,9
replica2_1FZJ_1,1FZJ,8,8.1,12,Train,9
replica3_1FZJ_1,1FZJ,8,8.1,12,Train,9
replica4_1FZJ_1,1FZJ,8,8.1,12,Train,9
replica5_1FZJ_1,1FZJ,8,8.1,12,Train,9
replica1_1FZK_1,1FZK,9,8.4,12,Train,10
replica2_1FZK_1,1FZK,9,8.4,12,Train,10
replica3_1FZK_1,1FZK,9,8.4,12,Train,10
replica4_1FZK_1,1FZK,9,8.4,12,Train,10
replica5_1FZK_1,1FZK,9,8.4,12,Train,10
replica1_1FZM_1,1FZM,8,7.7,12,Train,9
replica2_1FZM_1,1FZM,8,7.7,12,Train,9
replica3_1FZM_1,1FZM,8,7.7,12,Train,9
replica4_1FZM_1,1FZM,8,7.7,12,Train,9
replica5_1FZM_1,1FZM,8,7.7,12,Train,9
replica1_1FZO_1,1FZO,9,7.89,12,Train,11
replica2_1FZO_1,1FZO,9,7.89,12,Train,11
replica3_1FZO_1,1FZO,9,7.89,12,Train,11
replica4_1FZO_1,1FZO,9,7.89,12,Train,11
replica5_1FZO_1,1FZO,9,7.89,12,Train,11
replica1_1G6R_1,1G6R,8,4.27,12,Train,12
replica2_1G6R_1,1G6R,8,4.27,12,Train,12
replica3_1G6R_1,1G6R,8,4.27,12,Train,12
replica4_1G6R_1,1G6R,8,4.27,12,Train,12
replica5_1G6R_1,1G6R,8,4.27,12,Train,12
replica1_1G7P_1,1G7P,9,7.05,12,Train,13
replica2_1G7P_1,1G7P,9,7.05,12,Train,13
replica3_1G7P_1,1G7P,9,7.05,12,Train,13
replica4_1G7P_1,1G7P,9,7.05,12,Train,13
replica5_1G7P_1,1G7P,9,7.05,12,Train,13
replica1_1G7Q_1,1G7Q,8,6.06,12,Train,14
replica2_1G7Q_1,1G7Q,8,6.06,12,Train,14
replica3_1G7Q_1,1G7Q,8,6.06,12,Train,14
replica4_1G7Q_1,1G7Q,8,6.06,12,Train,14
replica5_1G7Q_1,1G7Q,8,6.06,12,Train,14
replica1_1GUX_1,1GUX,9,6.96,13,Train,15
replica2_1GUX_1,1GUX,9,6.96,13,Train,15
replica3_1GUX_1,1GUX,9,6.96,13,Train,15
replica4_1GUX_1,1GUX,9,6.96,13,Train,15
replica5_1GUX_1,1GUX,9,6.96,13,Train,15
replica1_1GUX_15,1GUX,9,6.96,13,Train,15
replica2_1GUX_15,1GUX,9,6.96,13,Train,15
replica3_1GUX_15,1GUX,9,6.96,13,Train,15
replica4_1GUX_15,1GUX,9,6.96,13,Train,15
replica5_1GUX_15,1GUX,9,6.96,13,Train,15
replica1_1GUX_29,1GUX,9,6.96,13,Train,15
replica2_1GUX_29,1GUX,9,6.96,13,Train,15
replica3_1GUX_29,1GUX,9,6.96,13,Train,15
replica4_1GUX_29,1GUX,9,6.96,13,Train,15
replica5_1GUX_29,1GUX,9,6.96,13,Train,15
replica1_1GUX_43,1GUX,9,6.96,13,Train,15
replica2_1GUX_43,1GUX,9,6.96,13,Train,15
replica3_1GUX_43,1GUX,9,6.96,13,Train,15
replica4_1GUX_43,1GUX,9,6.96,13,Train,15
replica5_1GUX_43,1GUX,9,6.96,13,Train,15
replica1_1GUX_58,1GUX,9,6.96,13,Train,15
replica2_1GUX_58,1GUX,9,6.96,13,Train,15
replica3_1GUX_58,1GUX,9,6.96,13,Train,15
replica4_1GUX_58,1GUX,9,6.96,13,Train,15
replica5_1GUX_58,1GUX,9,6.96,13,Train,15
replica1_1GUX_72,1GUX,9,6.96,13,Train,15
replica2_1GUX_72,1GUX,9,6.96,13,Train,15
replica3_1GUX_72,1GUX,9,6.96,13,Train,15
replica4_1GUX_72,1GUX,9,6.96,13,Train,15
replica5_1GUX_72,1GUX,9,6.96,13,Train,15
replica1_1GUX_86,1GUX,9,6.96,13,Train,15
replica2_1GUX_86,1GUX,9,6.96,13,Train,15
replica3_1GUX_86,1GUX,9,6.96,13,Train,15
replica4_1GUX_86,1GUX,9,6.96,13,Train,15
replica5_1GUX_86,1GUX,9,6.96,13,Train,15
replica1_1GUX_100,1GUX,9,6.96,13,Train,15
replica2_1GUX_100,1GUX,9,6.96,13,Train,15
replica3_1GUX_100,1GUX,9,6.96,13,Train,15
replica4_1GUX_100,1GUX,9,6.96,13,Train,15
replica5_1GUX_100,1GUX,9,6.96,13,Train,15
replica1_1GWQ_1,1GWQ,9,7.12,14,Train,16
replica2_1GWQ_1,1GWQ,9,7.12,14,Train,16
replica3_1GWQ_1,1GWQ,9,7.12,14,Train,16
replica4_1GWQ_1,1GWQ,9,7.12,14,Train,16
replica5_1GWQ_1,1GWQ,9,7.12,14,Train,16
replica1_1GWQ_26,1GWQ,9,7.12,14,Train,16
replica2_1GWQ_26,1GWQ,9,7.12,14,Train,16
replica3_1GWQ_26,1GWQ,9,7.12,14,Train,16
replica4_1GWQ_26,1GWQ,9,7.12,14,Train,16
replica5_1GWQ_26,1GWQ,9,7.12,14,Train,16
replica1_1GWQ_51,1GWQ,9,7.12,14,Train,16
replica2_1GWQ_51,1GWQ,9,7.12,14,Train,16
replica3_1GWQ_51,1GWQ,9,7.12,14,Train,16
replica4_1GWQ_51,1GWQ,9,7.12,14,Train,16
replica5_1GWQ_51,1GWQ,9,7.12,14,Train,16
replica1_1GWQ_75,1GWQ,9,7.12,14,Train,16
replica2_1GWQ_75,1GWQ,9,7.12,14,Train,16
replica3_1GWQ_75,1GWQ,9,7.12,14,Train,16
replica4_1GWQ_75,1GWQ,9,7.12,14,Train,16
replica5_1GWQ_75,1GWQ,9,7.12,14,Train,16
replica1_1GWQ_100,1GWQ,9,7.12,14,Train,16
replica2_1GWQ_100,1GWQ,9,7.12,14,Train,16
replica3_1GWQ_100,1GWQ,9,7.12,14,Train,16
replica4_1GWQ_100,1GWQ,9,7.12,14,Train,16
replica5_1GWQ_100,1GWQ,9,7.12,14,Train,16
replica1_1GWR_1,1GWR,9,6.6,14,Train,17
replica2_1GWR_1,1GWR,9,6.6,14,Train,17
replica3_1GWR_1,1GWR,9,6.6,14,Train,17
replica4_1GWR_1,1GWR,9,6.6,14,Train,17
replica5_1GWR_1,1GWR,9,6.6,14,Train,17
replica1_1GWR_26,1GWR,9,6.6,14,Train,17
replica2_1GWR_26,1GWR,9,6.6,14,Train,17
replica3_1GWR_26,1GWR,9,6.6,14,Train,17
replica4_1GWR_26,1GWR,9,6.6,14,Train,17
replica5_1GWR_26,1GWR,9,6.6,14,Train,17
replica1_1GWR_51,1GWR,9,6.6,14,Train,17
replica2_1GWR_51,1GWR,9,6.6,14,Train,17
replica3_1GWR_51,1GWR,9,6.6,14,Train,17
replica4_1GWR_51,1GWR,9,6.6,14,Train,17
replica5_1GWR_51,1GWR,9,6.6,14,Train,17
replica1_1GWR_75,1GWR,9,6.6,14,Train,17
replica2_1GWR_75,1GWR,9,6.6,14,Train,17
replica3_1GWR_75,1GWR,9,6.6,14,Train,17
replica4_1GWR_75,1GWR,9,6.6,14,Train,17
replica5_1GWR_75,1GWR,9,6.6,14,Train,17
replica1_1GWR_100,1GWR,9,6.6,14,Train,17
replica2_1GWR_100,1GWR,9,6.6,14,Train,17
replica3_1GWR_100,1GWR,9,6.6,14,Train,17
replica4_1GWR_100,1GWR,9,6.6,14,Train,17
replica5_1GWR_100,1GWR,9,6.6,14,Train,17
replica1_1H24_1,1H24,9,6.3,15,Test,
replica2_1H24_1,1H24,9,6.3,15,Test,
replica3_1H24_1,1H24,9,6.3,15,Test,
replica4_1H24_1,1H24,9,6.3,15,Test,
replica5_1H24_1,1H24,9,6.3,15,Test,
replica1_1H24_100,1H24,9,6.3,15,Test,
replica2_1H24_100,1H24,9,6.3,15,Test,
replica3_1H24_100,1H24,9,6.3,15,Test,
replica4_1H24_100,1H24,9,6.3,15,Test,
replica5_1H24_100,1H24,9,6.3,15,Test,
replica1_1H25_1,1H25,11,5.74,15,Test,
replica2_1H25_1,1H25,11,5.74,15,Test,
replica3_1H25_1,1H25,11,5.74,15,Test,
replica4_1H25_1,1H25,11,5.74,15,Test,
replica5_1H25_1,1H25,11,5.74,15,Test,
replica1_1H25_100,1H25,11,5.74,15,Test,
replica2_1H25_100,1H25,11,5.74,15,Test,
replica3_1H25_100,1H25,11,5.74,15,Test,
replica4_1H25_100,1H25,11,5.74,15,Test,
replica5_1H25_100,1H25,11,5.74,15,Test,
replica1_1H26_1,1H26,9,5.54,15,Test,
replica2_1H26_1,1H26,9,5.54,15,Test,
replica3_1H26_1,1H26,9,5.54,15,Test,
replica4_1H26_1,1H26,9,5.54,15,Test,
replica5_1H26_1,1H26,9,5.54,15,Test,
replica1_1H26_100,1H26,9,5.54,15,Test,
replica2_1H26_100,1H26,9,5.54,15,Test,
replica3_1H26_100,1H26,9,5.54,15,Test,
replica4_1H26_100,1H26,9,5.54,15,Test,
replica5_1H26_100,1H26,9,5.54,15,Test,
replica1_1H27_1,1H27,6,5.6,15,Test,
replica2_1H27_1,1H27,6,5.6,15,Test,
replica3_1H27_1,1H27,6,5.6,15,Test,
replica4_1H27_1,1H27,6,5.6,15,Test,
replica5_1H27_1,1H27,6,5.6,15,Test,
replica1_1H27_100,1H27,6,5.6,15,Test,
replica2_1H27_100,1H27,6,5.6,15,Test,
replica3_1H27_100,1H27,6,5.6,15,Test,
replica4_1H27_100,1H27,6,5.6,15,Test,
replica5_1H27_100,1H27,6,5.6,15,Test,
replica1_1H28_1,1H28,11,6.52,15,Test,
replica2_1H28_1,1H28,11,6.52,15,Test,
replica3_1H28_1,1H28,11,6.52,15,Test,
replica4_1H28_1,1H28,11,6.52,15,Test,
replica5_1H28_1,1H28,11,6.52,15,Test,
replica1_1H28_100,1H28,11,6.52,15,Test,
replica2_1H28_100,1H28,11,6.52,15,Test,
replica3_1H28_100,1H28,11,6.52,15,Test,
replica4_1H28_100,1H28,11,6.52,15,Test,
replica5_1H28_100,1H28,11,6.52,15,Test,
replica1_1H9L_1,1H9L,5,3.12,16,Test,
replica2_1H9L_1,1H9L,5,3.12,16,Test,
replica3_1H9L_1,1H9L,5,3.12,16,Test,
replica4_1H9L_1,1H9L,5,3.12,16,Test,
replica5_1H9L_1,1H9L,5,3.12,16,Test,
replica1_1H9L_8,1H9L,5,3.12,16,Test,
replica2_1H9L_8,1H9L,5,3.12,16,Test,
replica3_1H9L_8,1H9L,5,3.12,16,Test,
replica4_1H9L_8,1H9L,5,3.12,16,Test,
replica5_1H9L_8,1H9L,5,3.12,16,Test,
replica1_1H9L_14,1H9L,5,3.12,16,Test,
replica2_1H9L_14,1H9L,5,3.12,16,Test,
replica3_1H9L_14,1H9L,5,3.12,16,Test,
replica4_1H9L_14,1H9L,5,3.12,16,Test,
replica5_1H9L_14,1H9L,5,3.12,16,Test,
replica1_1H9L_21,1H9L,5,3.12,16,Test,
replica2_1H9L_21,1H9L,5,3.12,16,Test,
replica3_1H9L_21,1H9L,5,3.12,16,Test,
replica4_1H9L_21,1H9L,5,3.12,16,Test,
replica5_1H9L_21,1H9L,5,3.12,16,Test,
replica1_1H9L_27,1H9L,5,3.12,16,Test,
replica2_1H9L_27,1H9L,5,3.12,16,Test,
replica3_1H9L_27,1H9L,5,3.12,16,Test,
replica4_1H9L_27,1H9L,5,3.12,16,Test,
replica5_1H9L_27,1H9L,5,3.12,16,Test,
replica1_1H9L_34,1H9L,5,3.12,16,Test,
replica2_1H9L_34,1H9L,5,3.12,16,Test,
replica3_1H9L_34,1H9L,5,3.12,16,Test,
replica4_1H9L_34,1H9L,5,3.12,16,Test,
replica5_1H9L_34,1H9L,5,3.12,16,Test,
replica1_1H9L_41,1H9L,5,3.12,16,Test,
replica2_1H9L_41,1H9L,5,3.12,16,Test,
replica3_1H9L_41,1H9L,5,3.12,16,Test,
replica4_1H9L_41,1H9L,5,3.12,16,Test,
replica5_1H9L_41,1H9L,5,3.12,16,Test,
replica1_1H9L_47,1H9L,5,3.12,16,Test,
replica2_1H9L_47,1H9L,5,3.12,16,Test,
replica3_1H9L_47,1H9L,5,3.12,16,Test,
replica4_1H9L_47,1H9L,5,3.12,16,Test,
replica5_1H9L_47,1H9L,5,3.12,16,Test,
replica1_1H9L_54,1H9L,5,3.12,16,Test,
replica2_1H9L_54,1H9L,5,3.12,16,Test,
replica3_1H9L_54,1H9L,5,3.12,16,Test,
replica4_1H9L_54,1H9L,5,3.12,16,Test,
replica5_1H9L_54,1H9L,5,3.12,16,Test,
replica1_1H9L_60,1H9L,5,3.12,16,Test,
replica2_1H9L_60,1H9L,5,3.12,16,Test,
replica3_1H9L_60,1H9L,5,3.12,16,Test,
replica4_1H9L_60,1H9L,5,3.12,16,Test,
replica5_1H9L_60,1H9L,5,3.12,16,Test,
replica1_1H9L_67,1H9L,5,3.12,16,Test,
replica2_1H9L_67,1H9L,5,3.12,16,Test,
replica3_1H9L_67,1H9L,5,3.12,16,Test,
replica4_1H9L_67,1H9L,5,3.12,16,Test,
replica5_1H9L_67,1H9L,5,3.12,16,Test,
replica1_1H9L_74,1H9L,5,3.12,16,Test,
replica2_1H9L_74,1H9L,5,3.12,16,Test,
replica3_1H9L_74,1H9L,5,3.12,16,Test,
replica4_1H9L_74,1H9L,5,3.12,16,Test,
replica5_1H9L_74,1H9L,5,3.12,16,Test,
replica1_1H9L_80,1H9L,5,3.12,16,Test,
replica2_1H9L_80,1H9L,5,3.12,16,Test,
replica3_1H9L_80,1H9L,5,3.12,16,Test,
replica4_1H9L_80,1H9L,5,3.12,16,Test,
replica5_1H9L_80,1H9L,5,3.12,16,Test,
replica1_1H9L_87,1H9L,5,3.12,16,Test,
replica2_1H9L_87,1H9L,5,3.12,16,Test,
replica3_1H9L_87,1H9L,5,3.12,16,Test,
replica4_1H9L_87,1H9L,5,3.12,16,Test,
replica5_1H9L_87,1H9L,5,3.12,16,Test,
replica1_1H9L_93,1H9L,5,3.12,16,Test,
replica2_1H9L_93,1H9L,5,3.12,16,Test,
replica3_1H9L_93,1H9L,5,3.12,16,Test,
replica4_1H9L_93,1H9L,5,3.12,16,Test,
replica5_1H9L_93,1H9L,5,3.12,16,Test,
replica1_1H9L_100,1H9L,5,3.12,16,Test,
replica2_1H9L_100,1H9L,5,3.12,16,Test,
replica3_1H9L_100,1H9L,5,3.12,16,Test,
replica4_1H9L_100,1H9L,5,3.12,16,Test,
replica5_1H9L_100,1H9L,5,3.12,16,Test,
replica1_1JD5_1,1JD5,10,6.62,17,Train,18
replica2_1JD5_1,1JD5,10,6.62,17,Train,18
replica3_1JD5_1,1JD5,10,6.62,17,Train,18
replica4_1JD5_1,1JD5,10,6.62,17,Train,18
replica5_1JD5_1,1JD5,10,6.62,17,Train,18
replica1_1JD5_15,1JD5,10,6.62,17,Train,18
replica2_1JD5_15,1JD5,10,6.62,17,Train,18
replica3_1JD5_15,1JD5,10,6.62,17,Train,18
replica4_1JD5_15,1JD5,10,6.62,17,Train,18
replica5_1JD5_15,1JD5,10,6.62,17,Train,18
replica1_1JD5_29,1JD5,10,6.62,17,Train,18
replica2_1JD5_29,1JD5,10,6.62,17,Train,18
replica3_1JD5_29,1JD5,10,6.62,17,Train,18
replica4_1JD5_29,1JD5,10,6.62,17,Train,18
replica5_1JD5_29,1JD5,10,6.62,17,Train,18
replica1_1JD5_43,1JD5,10,6.62,17,Train,18
replica2_1JD5_43,1JD5,10,6.62,17,Train,18
replica3_1JD5_43,1JD5,10,6.62,17,Train,18
replica4_1JD5_43,1JD5,10,6.62,17,Train,18
replica5_1JD5_43,1JD5,10,6.62,17,Train,18
replica1_1JD5_58,1JD5,10,6.62,17,Train,18
replica2_1JD5_58,1JD5,10,6.62,17,Train,18
replica3_1JD5_58,1JD5,10,6.62,17,Train,18
replica4_1JD5_58,1JD5,10,6.62,17,Train,18
replica5_1JD5_58,1JD5,10,6.62,17,Train,18
replica1_1JD5_72,1JD5,10,6.62,17,Train,18
replica2_1JD5_72,1JD5,10,6.62,17,Train,18
replica3_1JD5_72,1JD5,10,6.62,17,Train,18
replica4_1JD5_72,1JD5,10,6.62,17,Train,18
replica5_1JD5_72,1JD5,10,6.62,17,Train,18
replica1_1JD5_86,1JD5,10,6.62,17,Train,18
replica2_1JD5_86,1JD5,10,6.62,17,Train,18
replica3_1JD5_86,1JD5,10,6.62,17,Train,18
replica4_1JD5_86,1JD5,10,6.62,17,Train,18
replica5_1JD5_86,1JD5,10,6.62,17,Train,18
replica1_1JD5_100,1JD5,10,6.62,17,Train,18
replica2_1JD5_100,1JD5,10,6.62,17,Train,18
replica3_1JD5_100,1JD5,10,6.62,17,Train,18
replica4_1JD5_100,1JD5,10,6.62,17,Train,18
replica5_1JD5_100,1JD5,10,6.62,17,Train,18
replica1_1JD6_1,1JD6,10,7.39,17,Train,19
replica2_1JD6_1,1JD6,10,7.39,17,Train,19
replica3_1JD6_1,1JD6,10,7.39,17,Train,19
replica4_1JD6_1,1JD6,10,7.39,17,Train,19
replica5_1JD6_1,1JD6,10,7.39,17,Train,19
replica1_1JD6_15,1JD6,10,7.39,17,Train,19
replica2_1JD6_15,1JD6,10,7.39,17,Train,19
replica3_1JD6_15,1JD6,10,7.39,17,Train,19
replica4_1JD6_15,1JD6,10,7.39,17,Train,19
replica5_1JD6_15,1JD6,10,7.39,17,Train,19
replica1_1JD6_29,1JD6,10,7.39,17,Train,19
replica2_1JD6_29,1JD6,10,7.39,17,Train,19
replica3_1JD6_29,1JD6,10,7.39,17,Train,19
replica4_1JD6_29,1JD6,10,7.39,17,Train,19
replica5_1JD6_29,1JD6,10,7.39,17,Train,19
replica1_1JD6_43,1JD6,10,7.39,17,Train,19
replica2_1JD6_43,1JD6,10,7.39,17,Train,19
replica3_1JD6_43,1JD6,10,7.39,17,Train,19
replica4_1JD6_43,1JD6,10,7.39,17,Train,19
replica5_1JD6_43,1JD6,10,7.39,17,Train,19
replica1_1JD6_58,1JD6,10,7.39,17,Train,19
replica2_1JD6_58,1JD6,10,7.39,17,Train,19
replica3_1JD6_58,1JD6,10,7.39,17,Train,19
replica4_1JD6_58,1JD6,10,7.39,17,Train,19
replica5_1JD6_58,1JD6,10,7.39,17,Train,19
replica1_1JD6_72,1JD6,10,7.39,17,Train,19
replica2_1JD6_72,1JD6,10,7.39,17,Train,19
replica3_1JD6_72,1JD6,10,7.39,17,Train,19
replica4_1JD6_72,1JD6,10,7.39,17,Train,19
replica5_1JD6_72,1JD6,10,7.39,17,Train,19
replica1_1JD6_86,1JD6,10,7.39,17,Train,19
replica2_1JD6_86,1JD6,10,7.39,17,Train,19
replica3_1JD6_86,1JD6,10,7.39,17,Train,19
replica4_1JD6_86,1JD6,10,7.39,17,Train,19
replica5_1JD6_86,1JD6,10,7.39,17,Train,19
replica1_1JD6_100,1JD6,10,7.39,17,Train,19
replica2_1JD6_100,1JD6,10,7.39,17,Train,19
replica3_1JD6_100,1JD6,10,7.39,17,Train,19
replica4_1JD6_100,1JD6,10,7.39,17,Train,19
replica5_1JD6_100,1JD6,10,7.39,17,Train,19
replica1_1JQ8_1,1JQ8,5,6,18,Test,
replica2_1JQ8_1,1JQ8,5,6,18,Test,
replica3_1JQ8_1,1JQ8,5,6,18,Test,
replica4_1JQ8_1,1JQ8,5,6,18,Test,
replica5_1JQ8_1,1JQ8,5,6,18,Test,
replica1_1JQ8_15,1JQ8,5,6,18,Test,
replica2_1JQ8_15,1JQ8,5,6,18,Test,
replica3_1JQ8_15,1JQ8,5,6,18,Test,
replica4_1JQ8_15,1JQ8,5,6,18,Test,
replica5_1JQ8_15,1JQ8,5,6,18,Test,
replica1_1JQ8_29,1JQ8,5,6,18,Test,
replica2_1JQ8_29,1JQ8,5,6,18,Test,
replica3_1JQ8_29,1JQ8,5,6,18,Test,
replica4_1JQ8_29,1JQ8,5,6,18,Test,
replica5_1JQ8_29,1JQ8,5,6,18,Test,
replica1_1JQ8_43,1JQ8,5,6,18,Test,
replica4_1JQ8_43,1JQ8,5,6,18,Test,
replica5_1JQ8_43,1JQ8,5,6,18,Test,
replica1_1JQ8_58,1JQ8,5,6,18,Test,
replica2_1JQ8_58,1JQ8,5,6,18,Test,
replica4_1JQ8_58,1JQ8,5,6,18,Test,
replica5_1JQ8_58,1JQ8,5,6,18,Test,
replica1_1JQ8_72,1JQ8,5,6,18,Test,
replica2_1JQ8_72,1JQ8,5,6,18,Test,
replica3_1JQ8_72,1JQ8,5,6,18,Test,
replica4_1JQ8_72,1JQ8,5,6,18,Test,
replica5_1JQ8_72,1JQ8,5,6,18,Test,
replica1_1JQ8_86,1JQ8,5,6,18,Test,
replica4_1JQ8_86,1JQ8,5,6,18,Test,
replica5_1JQ8_86,1JQ8,5,6,18,Test,
replica1_1JQ8_100,1JQ8,5,6,18,Test,
replica2_1JQ8_100,1JQ8,5,6,18,Test,
replica3_1JQ8_100,1JQ8,5,6,18,Test,
replica4_1JQ8_100,1JQ8,5,6,18,Test,
replica5_1JQ8_100,1JQ8,5,6,18,Test,
replica1_1JQ9_1,1JQ9,5,8.45,19,Train,20
replica2_1JQ9_1,1JQ9,5,8.45,19,Train,20
replica3_1JQ9_1,1JQ9,5,8.45,19,Train,20
replica4_1JQ9_1,1JQ9,5,8.45,19,Train,20
replica5_1JQ9_1,1JQ9,5,8.45,19,Train,20
replica1_1JQ9_15,1JQ9,5,8.45,19,Train,20
replica2_1JQ9_15,1JQ9,5,8.45,19,Train,20
replica3_1JQ9_15,1JQ9,5,8.45,19,Train,20
replica4_1JQ9_15,1JQ9,5,8.45,19,Train,20
replica5_1JQ9_15,1JQ9,5,8.45,19,Train,20
replica1_1JQ9_29,1JQ9,5,8.45,19,Train,20
replica2_1JQ9_29,1JQ9,5,8.45,19,Train,20
replica3_1JQ9_29,1JQ9,5,8.45,19,Train,20
replica4_1JQ9_29,1JQ9,5,8.45,19,Train,20
replica5_1JQ9_29,1JQ9,5,8.45,19,Train,20
replica1_1JQ9_43,1JQ9,5,8.45,19,Train,20
replica2_1JQ9_43,1JQ9,5,8.45,19,Train,20
replica3_1JQ9_43,1JQ9,5,8.45,19,Train,20
replica5_1JQ9_43,1JQ9,5,8.45,19,Train,20
replica1_1JQ9_58,1JQ9,5,8.45,19,Train,20
replica2_1JQ9_58,1JQ9,5,8.45,19,Train,20
replica3_1JQ9_58,1JQ9,5,8.45,19,Train,20
replica4_1JQ9_58,1JQ9,5,8.45,19,Train,20
replica5_1JQ9_58,1JQ9,5,8.45,19,Train,20
replica1_1JQ9_72,1JQ9,5,8.45,19,Train,20
replica2_1JQ9_72,1JQ9,5,8.45,19,Train,20
replica3_1JQ9_72,1JQ9,5,8.45,19,Train,20
replica4_1JQ9_72,1JQ9,5,8.45,19,Train,20
replica5_1JQ9_72,1JQ9,5,8.45,19,Train,20
replica1_1JQ9_86,1JQ9,5,8.45,19,Train,20
replica3_1JQ9_86,1JQ9,5,8.45,19,Train,20
replica4_1JQ9_86,1JQ9,5,8.45,19,Train,20
replica5_1JQ9_86,1JQ9,5,8.45,19,Train,20
replica1_1JQ9_100,1JQ9,5,8.45,19,Train,20
replica2_1JQ9_100,1JQ9,5,8.45,19,Train,20
replica3_1JQ9_100,1JQ9,5,8.45,19,Train,20
replica4_1JQ9_100,1JQ9,5,8.45,19,Train,20
replica5_1JQ9_100,1JQ9,5,8.45,19,Train,20
replica1_1JWM_1,1JWM,13,3.57,20,Train,21
replica2_1JWM_1,1JWM,13,3.57,20,Train,21
replica3_1JWM_1,1JWM,13,3.57,20,Train,21
replica4_1JWM_1,1JWM,13,3.57,20,Train,21
replica5_1JWM_1,1JWM,13,3.57,20,Train,21
replica1_1JWM_51,1JWM,13,3.57,20,Train,21
replica2_1JWM_51,1JWM,13,3.57,20,Train,21
replica3_1JWM_51,1JWM,13,3.57,20,Train,21
replica4_1JWM_51,1JWM,13,3.57,20,Train,21
replica5_1JWM_51,1JWM,13,3.57,20,Train,21
replica1_1JWM_100,1JWM,13,3.57,20,Train,21
replica2_1JWM_100,1JWM,13,3.57,20,Train,21
replica3_1JWM_100,1JWM,13,3.57,20,Train,21
replica4_1JWM_100,1JWM,13,3.57,20,Train,21
replica5_1JWM_100,1JWM,13,3.57,20,Train,21
replica1_1JWS_1,1JWS,13,4.85,20,Train,22
replica2_1JWS_1,1JWS,13,4.85,20,Train,22
replica3_1JWS_1,1JWS,13,4.85,20,Train,22
replica4_1JWS_1,1JWS,13,4.85,20,Train,22
replica5_1JWS_1,1JWS,13,4.85,20,Train,22
replica1_1JWS_51,1JWS,13,4.85,20,Train,22
replica2_1JWS_51,1JWS,13,4.85,20,Train,22
replica3_1JWS_51,1JWS,13,4.85,20,Train,22
replica4_1JWS_51,1JWS,13,4.85,20,Train,22
replica5_1JWS_51,1JWS,13,4.85,20,Train,22
replica1_1JWS_100,1JWS,13,4.85,20,Train,22
replica2_1JWS_100,1JWS,13,4.85,20,Train,22
replica3_1JWS_100,1JWS,13,4.85,20,Train,22
replica4_1JWS_100,1JWS,13,4.85,20,Train,22
replica5_1JWS_100,1JWS,13,4.85,20,Train,22
replica1_1JWU_1,1JWU,13,5.34,20,Train,22
replica2_1JWU_1,1JWU,13,5.34,20,Train,22
replica3_1JWU_1,1JWU,13,5.34,20,Train,22
replica4_1JWU_1,1JWU,13,5.34,20,Train,22
replica5_1JWU_1,1JWU,13,5.34,20,Train,22
replica1_1JWU_51,1JWU,13,5.34,20,Train,22
replica2_1JWU_51,1JWU,13,5.34,20,Train,22
replica3_1JWU_51,1JWU,13,5.34,20,Train,22
replica4_1JWU_51,1JWU,13,5.34,20,Train,22
replica5_1JWU_51,1JWU,13,5.34,20,Train,22
replica1_1JWU_100,1JWU,13,5.34,20,Train,22
replica2_1JWU_100,1JWU,13,5.34,20,Train,22
replica3_1JWU_100,1JWU,13,5.34,20,Train,22
replica4_1JWU_100,1JWU,13,5.34,20,Train,22
replica5_1JWU_100,1JWU,13,5.34,20,Train,22
replica1_1JYC_1,1JYC,15,4.34,21,Test,
replica2_1JYC_1,1JYC,15,4.34,21,Test,
replica3_1JYC_1,1JYC,15,4.34,21,Test,
replica4_1JYC_1,1JYC,15,4.34,21,Test,
replica5_1JYC_1,1JYC,15,4.34,21,Test,
replica1_1JYC_8,1JYC,15,4.34,21,Test,
replica2_1JYC_8,1JYC,15,4.34,21,Test,
replica3_1JYC_8,1JYC,15,4.34,21,Test,
replica4_1JYC_8,1JYC,15,4.34,21,Test,
replica5_1JYC_8,1JYC,15,4.34,21,Test,
replica1_1JYC_14,1JYC,15,4.34,21,Test,
replica2_1JYC_14,1JYC,15,4.34,21,Test,
replica3_1JYC_14,1JYC,15,4.34,21,Test,
replica4_1JYC_14,1JYC,15,4.34,21,Test,
replica5_1JYC_14,1JYC,15,4.34,21,Test,
replica1_1JYC_21,1JYC,15,4.34,21,Test,
replica2_1JYC_21,1JYC,15,4.34,21,Test,
replica3_1JYC_21,1JYC,15,4.34,21,Test,
replica4_1JYC_21,1JYC,15,4.34,21,Test,
replica5_1JYC_21,1JYC,15,4.34,21,Test,
replica1_1JYC_27,1JYC,15,4.34,21,Test,
replica2_1JYC_27,1JYC,15,4.34,21,Test,
replica3_1JYC_27,1JYC,15,4.34,21,Test,
replica4_1JYC_27,1JYC,15,4.34,21,Test,
replica5_1JYC_27,1JYC,15,4.34,21,Test,
replica1_1JYC_34,1JYC,15,4.34,21,Test,
replica2_1JYC_34,1JYC,15,4.34,21,Test,
replica3_1JYC_34,1JYC,15,4.34,21,Test,
replica4_1JYC_34,1JYC,15,4.34,21,Test,
replica5_1JYC_34,1JYC,15,4.34,21,Test,
replica1_1JYC_41,1JYC,15,4.34,21,Test,
replica2_1JYC_41,1JYC,15,4.34,21,Test,
replica3_1JYC_41,1JYC,15,4.34,21,Test,
replica4_1JYC_41,1JYC,15,4.34,21,Test,
replica5_1JYC_41,1JYC,15,4.34,21,Test,
replica1_1JYC_47,1JYC,15,4.34,21,Test,
replica2_1JYC_47,1JYC,15,4.34,21,Test,
replica3_1JYC_47,1JYC,15,4.34,21,Test,
replica4_1JYC_47,1JYC,15,4.34,21,Test,
replica5_1JYC_47,1JYC,15,4.34,21,Test,
replica1_1JYC_54,1JYC,15,4.34,21,Test,
replica2_1JYC_54,1JYC,15,4.34,21,Test,
replica3_1JYC_54,1JYC,15,4.34,21,Test,
replica4_1JYC_54,1JYC,15,4.34,21,Test,
replica5_1JYC_54,1JYC,15,4.34,21,Test,
replica1_1JYC_60,1JYC,15,4.34,21,Test,
replica2_1JYC_60,1JYC,15,4.34,21,Test,
replica3_1JYC_60,1JYC,15,4.34,21,Test,
replica4_1JYC_60,1JYC,15,4.34,21,Test,
replica5_1JYC_60,1JYC,15,4.34,21,Test,
replica1_1JYC_67,1JYC,15,4.34,21,Test,
replica2_1JYC_67,1JYC,15,4.34,21,Test,
replica3_1JYC_67,1JYC,15,4.34,21,Test,
replica4_1JYC_67,1JYC,15,4.34,21,Test,
replica5_1JYC_67,1JYC,15,4.34,21,Test,
replica1_1JYC_74,1JYC,15,4.34,21,Test,
replica2_1JYC_74,1JYC,15,4.34,21,Test,
replica3_1JYC_74,1JYC,15,4.34,21,Test,
replica4_1JYC_74,1JYC,15,4.34,21,Test,
replica5_1JYC_74,1JYC,15,4.34,21,Test,
replica1_1JYC_80,1JYC,15,4.34,21,Test,
replica2_1JYC_80,1JYC,15,4.34,21,Test,
replica3_1JYC_80,1JYC,15,4.34,21,Test,
replica4_1JYC_80,1JYC,15,4.34,21,Test,
replica5_1JYC_80,1JYC,15,4.34,21,Test,
replica1_1JYC_87,1JYC,15,4.34,21,Test,
replica2_1JYC_87,1JYC,15,4.34,21,Test,
replica3_1JYC_87,1JYC,15,4.34,21,Test,
replica4_1JYC_87,1JYC,15,4.34,21,Test,
replica5_1JYC_87,1JYC,15,4.34,21,Test,
replica1_1JYC_93,1JYC,15,4.34,21,Test,
replica2_1JYC_93,1JYC,15,4.34,21,Test,
replica3_1JYC_93,1JYC,15,4.34,21,Test,
replica4_1JYC_93,1JYC,15,4.34,21,Test,
replica5_1JYC_93,1JYC,15,4.34,21,Test,
replica1_1JYC_100,1JYC,15,4.34,21,Test,
replica2_1JYC_100,1JYC,15,4.34,21,Test,
replica3_1JYC_100,1JYC,15,4.34,21,Test,
replica4_1JYC_100,1JYC,15,4.34,21,Test,
replica5_1JYC_100,1JYC,15,4.34,21,Test,
replica1_1KL3_1,1KL3,9,5.86,22,Train,23
replica2_1KL3_1,1KL3,9,5.86,22,Train,23
replica3_1KL3_1,1KL3,9,5.86,22,Train,23
replica4_1KL3_1,1KL3,9,5.86,22,Train,23
replica5_1KL3_1,1KL3,9,5.86,22,Train,23
replica1_1KL3_26,1KL3,9,5.86,22,Train,23
replica2_1KL3_26,1KL3,9,5.86,22,Train,23
replica3_1KL3_26,1KL3,9,5.86,22,Train,23
replica4_1KL3_26,1KL3,9,5.86,22,Train,23
replica5_1KL3_26,1KL3,9,5.86,22,Train,23
replica1_1KL3_51,1KL3,9,5.86,22,Train,23
replica2_1KL3_51,1KL3,9,5.86,22,Train,23
replica3_1KL3_51,1KL3,9,5.86,22,Train,23
replica4_1KL3_51,1KL3,9,5.86,22,Train,23
replica5_1KL3_51,1KL3,9,5.86,22,Train,23
replica1_1KL3_75,1KL3,9,5.86,22,Train,23
replica2_1KL3_75,1KL3,9,5.86,22,Train,23
replica3_1KL3_75,1KL3,9,5.86,22,Train,23
replica4_1KL3_75,1KL3,9,5.86,22,Train,23
replica5_1KL3_75,1KL3,9,5.86,22,Train,23
replica1_1KL3_100,1KL3,9,5.86,22,Train,23
replica2_1KL3_100,1KL3,9,5.86,22,Train,23
replica3_1KL3_100,1KL3,9,5.86,22,Train,23
replica4_1KL3_100,1KL3,9,5.86,22,Train,23
replica5_1KL3_100,1KL3,9,5.86,22,Train,23
replica1_1KL5_1,1KL5,9,5.99,22,Train,23
replica2_1KL5_1,1KL5,9,5.99,22,Train,23
replica3_1KL5_1,1KL5,9,5.99,22,Train,23
replica4_1KL5_1,1KL5,9,5.99,22,Train,23
replica5_1KL5_1,1KL5,9,5.99,22,Train,23
replica1_1KL5_26,1KL5,9,5.99,22,Train,23
replica2_1KL5_26,1KL5,9,5.99,22,Train,23
replica3_1KL5_26,1KL5,9,5.99,22,Train,23
replica4_1KL5_26,1KL5,9,5.99,22,Train,23
replica5_1KL5_26,1KL5,9,5.99,22,Train,23
replica1_1KL5_51,1KL5,9,5.99,22,Train,23
replica2_1KL5_51,1KL5,9,5.99,22,Train,23
replica3_1KL5_51,1KL5,9,5.99,22,Train,23
replica4_1KL5_51,1KL5,9,5.99,22,Train,23
replica5_1KL5_51,1KL5,9,5.99,22,Train,23
replica1_1KL5_75,1KL5,9,5.99,22,Train,23
replica2_1KL5_75,1KL5,9,5.99,22,Train,23
replica3_1KL5_75,1KL5,9,5.99,22,Train,23
replica4_1KL5_75,1KL5,9,5.99,22,Train,23
replica5_1KL5_75,1KL5,9,5.99,22,Train,23
replica1_1KL5_100,1KL5,9,5.99,22,Train,23
replica2_1KL5_100,1KL5,9,5.99,22,Train,23
replica3_1KL5_100,1KL5,9,5.99,22,Train,23
replica4_1KL5_100,1KL5,9,5.99,22,Train,23
replica5_1KL5_100,1KL5,9,5.99,22,Train,23
replica1_1LB6_1,1LB6,9,4.08,23,Train,24
replica2_1LB6_1,1LB6,9,4.08,23,Train,24
replica3_1LB6_1,1LB6,9,4.08,23,Train,24
replica4_1LB6_1,1LB6,9,4.08,23,Train,24
replica5_1LB6_1,1LB6,9,4.08,23,Train,24
replica1_1LB6_8,1LB6,9,4.08,23,Train,24
replica2_1LB6_8,1LB6,9,4.08,23,Train,24
replica3_1LB6_8,1LB6,9,4.08,23,Train,24
replica4_1LB6_8,1LB6,9,4.08,23,Train,24
replica5_1LB6_8,1LB6,9,4.08,23,Train,24
replica1_1LB6_14,1LB6,9,4.08,23,Train,24
replica2_1LB6_14,1LB6,9,4.08,23,Train,24
replica3_1LB6_14,1LB6,9,4.08,23,Train,24
replica4_1LB6_14,1LB6,9,4.08,23,Train,24
replica5_1LB6_14,1LB6,9,4.08,23,Train,24
replica1_1LB6_21,1LB6,9,4.08,23,Train,24
replica2_1LB6_21,1LB6,9,4.08,23,Train,24
replica3_1LB6_21,1LB6,9,4.08,23,Train,24
replica4_1LB6_21,1LB6,9,4.08,23,Train,24
replica5_1LB6_21,1LB6,9,4.08,23,Train,24
replica1_1LB6_27,1LB6,9,4.08,23,Train,24
replica2_1LB6_27,1LB6,9,4.08,23,Train,24
replica3_1LB6_27,1LB6,9,4.08,23,Train,24
replica4_1LB6_27,1LB6,9,4.08,23,Train,24
replica5_1LB6_27,1LB6,9,4.08,23,Train,24
replica1_1LB6_34,1LB6,9,4.08,23,Train,24
replica2_1LB6_34,1LB6,9,4.08,23,Train,24
replica3_1LB6_34,1LB6,9,4.08,23,Train,24
replica4_1LB6_34,1LB6,9,4.08,23,Train,24
replica5_1LB6_34,1LB6,9,4.08,23,Train,24
replica1_1LB6_41,1LB6,9,4.08,23,Train,24
replica2_1LB6_41,1LB6,9,4.08,23,Train,24
replica3_1LB6_41,1LB6,9,4.08,23,Train,24
replica4_1LB6_41,1LB6,9,4.08,23,Train,24
replica5_1LB6_41,1LB6,9,4.08,23,Train,24
replica1_1LB6_47,1LB6,9,4.08,23,Train,24
replica2_1LB6_47,1LB6,9,4.08,23,Train,24
replica3_1LB6_47,1LB6,9,4.08,23,Train,24
replica4_1LB6_47,1LB6,9,4.08,23,Train,24
replica5_1LB6_47,1LB6,9,4.08,23,Train,24
replica1_1LB6_54,1LB6,9,4.08,23,Train,24
replica2_1LB6_54,1LB6,9,4.08,23,Train,24
replica3_1LB6_54,1LB6,9,4.08,23,Train,24
replica4_1LB6_54,1LB6,9,4.08,23,Train,24
replica5_1LB6_54,1LB6,9,4.08,23,Train,24
replica1_1LB6_60,1LB6,9,4.08,23,Train,24
replica2_1LB6_60,1LB6,9,4.08,23,Train,24
replica3_1LB6_60,1LB6,9,4.08,23,Train,24
replica4_1LB6_60,1LB6,9,4.08,23,Train,24
replica5_1LB6_60,1LB6,9,4.08,23,Train,24
replica1_1LB6_67,1LB6,9,4.08,23,Train,24
replica2_1LB6_67,1LB6,9,4.08,23,Train,24
replica3_1LB6_67,1LB6,9,4.08,23,Train,24
replica4_1LB6_67,1LB6,9,4.08,23,Train,24
replica5_1LB6_67,1LB6,9,4.08,23,Train,24
replica1_1LB6_74,1LB6,9,4.08,23,Train,24
replica2_1LB6_74,1LB6,9,4.08,23,Train,24
replica3_1LB6_74,1LB6,9,4.08,23,Train,24
replica4_1LB6_74,1LB6,9,4.08,23,Train,24
replica5_1LB6_74,1LB6,9,4.08,23,Train,24
replica1_1LB6_80,1LB6,9,4.08,23,Train,24
replica2_1LB6_80,1LB6,9,4.08,23,Train,24
replica3_1LB6_80,1LB6,9,4.08,23,Train,24
replica4_1LB6_80,1LB6,9,4.08,23,Train,24
replica5_1LB6_80,1LB6,9,4.08,23,Train,24
replica1_1LB6_87,1LB6,9,4.08,23,Train,24
replica2_1LB6_87,1LB6,9,4.08,23,Train,24
replica3_1LB6_87,1LB6,9,4.08,23,Train,24
replica4_1LB6_87,1LB6,9,4.08,23,Train,24
replica5_1LB6_87,1LB6,9,4.08,23,Train,24
replica1_1LB6_93,1LB6,9,4.08,23,Train,24
replica2_1LB6_93,1LB6,9,4.08,23,Train,24
replica3_1LB6_93,1LB6,9,4.08,23,Train,24
replica4_1LB6_93,1LB6,9,4.08,23,Train,24
replica5_1LB6_93,1LB6,9,4.08,23,Train,24
replica1_1LB6_100,1LB6,9,4.08,23,Train,24
replica2_1LB6_100,1LB6,9,4.08,23,Train,24
replica3_1LB6_100,1LB6,9,4.08,23,Train,24
replica4_1LB6_100,1LB6,9,4.08,23,Train,24
replica5_1LB6_100,1LB6,9,4.08,23,Train,24
replica1_1LEG_1,1LEG,8,7.95,12,Train,25
replica2_1LEG_1,1LEG,8,7.95,12,Train,25
replica3_1LEG_1,1LEG,8,7.95,12,Train,25
replica4_1LEG_1,1LEG,8,7.95,12,Train,25
replica5_1LEG_1,1LEG,8,7.95,12,Train,25
replica1_1LEK_1,1LEK,8,8.89,12,Train,26
replica2_1LEK_1,1LEK,8,8.89,12,Train,26
replica3_1LEK_1,1LEK,8,8.89,12,Train,26
replica4_1LEK_1,1LEK,8,8.89,12,Train,26
replica5_1LEK_1,1LEK,8,8.89,12,Train,26
replica1_1MF4_1,1MF4,5,7.99,24,Test,
replica2_1MF4_1,1MF4,5,7.99,24,Test,
replica3_1MF4_1,1MF4,5,7.99,24,Test,
replica4_1MF4_1,1MF4,5,7.99,24,Test,
replica5_1MF4_1,1MF4,5,7.99,24,Test,
replica1_1MF4_26,1MF4,5,7.99,24,Test,
replica2_1MF4_26,1MF4,5,7.99,24,Test,
replica3_1MF4_26,1MF4,5,7.99,24,Test,
replica4_1MF4_26,1MF4,5,7.99,24,Test,
replica5_1MF4_26,1MF4,5,7.99,24,Test,
replica1_1MF4_51,1MF4,5,7.99,24,Test,
replica2_1MF4_51,1MF4,5,7.99,24,Test,
replica3_1MF4_51,1MF4,5,7.99,24,Test,
replica4_1MF4_51,1MF4,5,7.99,24,Test,
replica5_1MF4_51,1MF4,5,7.99,24,Test,
replica1_1MF4_75,1MF4,5,7.99,24,Test,
replica2_1MF4_75,1MF4,5,7.99,24,Test,
replica3_1MF4_75,1MF4,5,7.99,24,Test,
replica4_1MF4_75,1MF4,5,7.99,24,Test,
replica5_1MF4_75,1MF4,5,7.99,24,Test,
replica1_1MF4_100,1MF4,5,7.99,24,Test,
replica2_1MF4_100,1MF4,5,7.99,24,Test,
replica3_1MF4_100,1MF4,5,7.99,24,Test,
replica4_1MF4_100,1MF4,5,7.99,24,Test,
replica5_1MF4_100,1MF4,5,7.99,24,Test,
replica1_1MFG_1,1MFG,9,4.3,25,Train,27
replica2_1MFG_1,1MFG,9,4.3,25,Train,27
replica3_1MFG_1,1MFG,9,4.3,25,Train,27
replica4_1MFG_1,1MFG,9,4.3,25,Train,27
replica5_1MFG_1,1MFG,9,4.3,25,Train,27
replica1_1MFG_8,1MFG,9,4.3,25,Train,27
replica2_1MFG_8,1MFG,9,4.3,25,Train,27
replica3_1MFG_8,1MFG,9,4.3,25,Train,27
replica4_1MFG_8,1MFG,9,4.3,25,Train,27
replica5_1MFG_8,1MFG,9,4.3,25,Train,27
replica1_1MFG_14,1MFG,9,4.3,25,Train,27
replica2_1MFG_14,1MFG,9,4.3,25,Train,27
replica3_1MFG_14,1MFG,9,4.3,25,Train,27
replica4_1MFG_14,1MFG,9,4.3,25,Train,27
replica5_1MFG_14,1MFG,9,4.3,25,Train,27
replica1_1MFG_21,1MFG,9,4.3,25,Train,27
replica2_1MFG_21,1MFG,9,4.3,25,Train,27
replica3_1MFG_21,1MFG,9,4.3,25,Train,27
replica4_1MFG_21,1MFG,9,4.3,25,Train,27
replica5_1MFG_21,1MFG,9,4.3,25,Train,27
replica1_1MFG_27,1MFG,9,4.3,25,Train,27
replica2_1MFG_27,1MFG,9,4.3,25,Train,27
replica3_1MFG_27,1MFG,9,4.3,25,Train,27
replica4_1MFG_27,1MFG,9,4.3,25,Train,27
replica5_1MFG_27,1MFG,9,4.3,25,Train,27
replica1_1MFG_34,1MFG,9,4.3,25,Train,27
replica2_1MFG_34,1MFG,9,4.3,25,Train,27
replica3_1MFG_34,1MFG,9,4.3,25,Train,27
replica4_1MFG_34,1MFG,9,4.3,25,Train,27
replica5_1MFG_34,1MFG,9,4.3,25,Train,27
replica1_1MFG_41,1MFG,9,4.3,25,Train,27
replica2_1MFG_41,1MFG,9,4.3,25,Train,27
replica3_1MFG_41,1MFG,9,4.3,25,Train,27
replica4_1MFG_41,1MFG,9,4.3,25,Train,27
replica5_1MFG_41,1MFG,9,4.3,25,Train,27
replica1_1MFG_47,1MFG,9,4.3,25,Train,27
replica2_1MFG_47,1MFG,9,4.3,25,Train,27
replica3_1MFG_47,1MFG,9,4.3,25,Train,27
replica4_1MFG_47,1MFG,9,4.3,25,Train,27
replica5_1MFG_47,1MFG,9,4.3,25,Train,27
replica1_1MFG_54,1MFG,9,4.3,25,Train,27
replica2_1MFG_54,1MFG,9,4.3,25,Train,27
replica3_1MFG_54,1MFG,9,4.3,25,Train,27
replica4_1MFG_54,1MFG,9,4.3,25,Train,27
replica5_1MFG_54,1MFG,9,4.3,25,Train,27
replica1_1MFG_60,1MFG,9,4.3,25,Train,27
replica2_1MFG_60,1MFG,9,4.3,25,Train,27
replica3_1MFG_60,1MFG,9,4.3,25,Train,27
replica4_1MFG_60,1MFG,9,4.3,25,Train,27
replica5_1MFG_60,1MFG,9,4.3,25,Train,27
replica1_1MFG_67,1MFG,9,4.3,25,Train,27
replica2_1MFG_67,1MFG,9,4.3,25,Train,27
replica3_1MFG_67,1MFG,9,4.3,25,Train,27
replica4_1MFG_67,1MFG,9,4.3,25,Train,27
replica5_1MFG_67,1MFG,9,4.3,25,Train,27
replica1_1MFG_74,1MFG,9,4.3,25,Train,27
replica2_1MFG_74,1MFG,9,4.3,25,Train,27
replica3_1MFG_74,1MFG,9,4.3,25,Train,27
replica4_1MFG_74,1MFG,9,4.3,25,Train,27
replica5_1MFG_74,1MFG,9,4.3,25,Train,27
replica1_1MFG_80,1MFG,9,4.3,25,Train,27
replica2_1MFG_80,1MFG,9,4.3,25,Train,27
replica3_1MFG_80,1MFG,9,4.3,25,Train,27
replica4_1MFG_80,1MFG,9,4.3,25,Train,27
replica5_1MFG_80,1MFG,9,4.3,25,Train,27
replica1_1MFG_87,1MFG,9,4.3,25,Train,27
replica2_1MFG_87,1MFG,9,4.3,25,Train,27
replica3_1MFG_87,1MFG,9,4.3,25,Train,27
replica4_1MFG_87,1MFG,9,4.3,25,Train,27
replica5_1MFG_87,1MFG,9,4.3,25,Train,27
replica1_1MFG_93,1MFG,9,4.3,25,Train,27
replica2_1MFG_93,1MFG,9,4.3,25,Train,27
replica3_1MFG_93,1MFG,9,4.3,25,Train,27
replica4_1MFG_93,1MFG,9,4.3,25,Train,27
replica5_1MFG_93,1MFG,9,4.3,25,Train,27
replica1_1MFG_100,1MFG,9,4.3,25,Train,27
replica2_1MFG_100,1MFG,9,4.3,25,Train,27
replica3_1MFG_100,1MFG,9,4.3,25,Train,27
replica4_1MFG_100,1MFG,9,4.3,25,Train,27
replica5_1MFG_100,1MFG,9,4.3,25,Train,27
replica1_1N5Z_1,1N5Z,14,4.35655,5,Test,
replica2_1N5Z_1,1N5Z,14,4.35655,5,Test,
replica3_1N5Z_1,1N5Z,14,4.35655,5,Test,
replica4_1N5Z_1,1N5Z,14,4.35655,5,Test,
replica5_1N5Z_1,1N5Z,14,4.35655,5,Test,
replica1_1N5Z_8,1N5Z,14,4.35655,5,Test,
replica2_1N5Z_8,1N5Z,14,4.35655,5,Test,
replica3_1N5Z_8,1N5Z,14,4.35655,5,Test,
replica4_1N5Z_8,1N5Z,14,4.35655,5,Test,
replica5_1N5Z_8,1N5Z,14,4.35655,5,Test,
replica1_1N5Z_14,1N5Z,14,4.35655,5,Test,
replica2_1N5Z_14,1N5Z,14,4.35655,5,Test,
replica3_1N5Z_14,1N5Z,14,4.35655,5,Test,
replica4_1N5Z_14,1N5Z,14,4.35655,5,Test,
replica5_1N5Z_14,1N5Z,14,4.35655,5,Test,
replica1_1N5Z_21,1N5Z,14,4.35655,5,Test,
replica2_1N5Z_21,1N5Z,14,4.35655,5,Test,
replica3_1N5Z_21,1N5Z,14,4.35655,5,Test,
replica4_1N5Z_21,1N5Z,14,4.35655,5,Test,
replica5_1N5Z_21,1N5Z,14,4.35655,5,Test,
replica1_1N5Z_27,1N5Z,14,4.35655,5,Test,
replica2_1N5Z_27,1N5Z,14,4.35655,5,Test,
replica3_1N5Z_27,1N5Z,14,4.35655,5,Test,
replica4_1N5Z_27,1N5Z,14,4.35655,5,Test,
replica5_1N5Z_27,1N5Z,14,4.35655,5,Test,
replica1_1N5Z_34,1N5Z,14,4.35655,5,Test,
replica2_1N5Z_34,1N5Z,14,4.35655,5,Test,
replica3_1N5Z_34,1N5Z,14,4.35655,5,Test,
replica4_1N5Z_34,1N5Z,14,4.35655,5,Test,
replica5_1N5Z_34,1N5Z,14,4.35655,5,Test,
replica1_1N5Z_41,1N5Z,14,4.35655,5,Test,
replica2_1N5Z_41,1N5Z,14,4.35655,5,Test,
replica3_1N5Z_41,1N5Z,14,4.35655,5,Test,
replica4_1N5Z_41,1N5Z,14,4.35655,5,Test,
replica5_1N5Z_41,1N5Z,14,4.35655,5,Test,
replica1_1N5Z_47,1N5Z,14,4.35655,5,Test,
replica2_1N5Z_47,1N5Z,14,4.35655,5,Test,
replica3_1N5Z_47,1N5Z,14,4.35655,5,Test,
replica4_1N5Z_47,1N5Z,14,4.35655,5,Test,
replica5_1N5Z_47,1N5Z,14,4.35655,5,Test,
replica1_1N5Z_54,1N5Z,14,4.35655,5,Test,
replica2_1N5Z_54,1N5Z,14,4.35655,5,Test,
replica3_1N5Z_54,1N5Z,14,4.35655,5,Test,
replica4_1N5Z_54,1N5Z,14,4.35655,5,Test,
replica5_1N5Z_54,1N5Z,14,4.35655,5,Test,
replica1_1N5Z_60,1N5Z,14,4.35655,5,Test,
replica2_1N5Z_60,1N5Z,14,4.35655,5,Test,
replica3_1N5Z_60,1N5Z,14,4.35655,5,Test,
replica4_1N5Z_60,1N5Z,14,4.35655,5,Test,
replica5_1N5Z_60,1N5Z,14,4.35655,5,Test,
replica1_1N5Z_67,1N5Z,14,4.35655,5,Test,
replica2_1N5Z_67,1N5Z,14,4.35655,5,Test,
replica3_1N5Z_67,1N5Z,14,4.35655,5,Test,
replica4_1N5Z_67,1N5Z,14,4.35655,5,Test,
replica5_1N5Z_67,1N5Z,14,4.35655,5,Test,
replica1_1N5Z_74,1N5Z,14,4.35655,5,Test,
replica2_1N5Z_74,1N5Z,14,4.35655,5,Test,
replica3_1N5Z_74,1N5Z,14,4.35655,5,Test,
replica4_1N5Z_74,1N5Z,14,4.35655,5,Test,
replica5_1N5Z_74,1N5Z,14,4.35655,5,Test,
replica1_1N5Z_80,1N5Z,14,4.35655,5,Test,
replica2_1N5Z_80,1N5Z,14,4.35655,5,Test,
replica3_1N5Z_80,1N5Z,14,4.35655,5,Test,
replica4_1N5Z_80,1N5Z,14,4.35655,5,Test,
replica5_1N5Z_80,1N5Z,14,4.35655,5,Test,
replica1_1N5Z_87,1N5Z,14,4.35655,5,Test,
replica2_1N5Z_87,1N5Z,14,4.35655,5,Test,
replica3_1N5Z_87,1N5Z,14,4.35655,5,Test,
replica4_1N5Z_87,1N5Z,14,4.35655,5,Test,
replica5_1N5Z_87,1N5Z,14,4.35655,5,Test,
replica1_1N5Z_93,1N5Z,14,4.35655,5,Test,
replica2_1N5Z_93,1N5Z,14,4.35655,5,Test,
replica3_1N5Z_93,1N5Z,14,4.35655,5,Test,
replica4_1N5Z_93,1N5Z,14,4.35655,5,Test,
replica5_1N5Z_93,1N5Z,14,4.35655,5,Test,
replica1_1N5Z_100,1N5Z,14,4.35655,5,Test,
replica2_1N5Z_100,1N5Z,14,4.35655,5,Test,
replica3_1N5Z_100,1N5Z,14,4.35655,5,Test,
replica4_1N5Z_100,1N5Z,14,4.35655,5,Test,
replica5_1N5Z_100,1N5Z,14,4.35655,5,Test,
replica1_1NLT_1,1NLT,7,4.92,26,Train,28
replica2_1NLT_1,1NLT,7,4.92,26,Train,28
replica3_1NLT_1,1NLT,7,4.92,26,Train,28
replica4_1NLT_1,1NLT,7,4.92,26,Train,28
replica5_1NLT_1,1NLT,7,4.92,26,Train,28
replica1_1NLT_8,1NLT,7,4.92,26,Train,28
replica2_1NLT_8,1NLT,7,4.92,26,Train,28
replica3_1NLT_8,1NLT,7,4.92,26,Train,28
replica4_1NLT_8,1NLT,7,4.92,26,Train,28
replica5_1NLT_8,1NLT,7,4.92,26,Train,28
replica1_1NLT_14,1NLT,7,4.92,26,Train,28
replica2_1NLT_14,1NLT,7,4.92,26,Train,28
replica3_1NLT_14,1NLT,7,4.92,26,Train,28
replica4_1NLT_14,1NLT,7,4.92,26,Train,28
replica5_1NLT_14,1NLT,7,4.92,26,Train,28
replica1_1NLT_21,1NLT,7,4.92,26,Train,28
replica2_1NLT_21,1NLT,7,4.92,26,Train,28
replica3_1NLT_21,1NLT,7,4.92,26,Train,28
replica4_1NLT_21,1NLT,7,4.92,26,Train,28
replica5_1NLT_21,1NLT,7,4.92,26,Train,28
replica1_1NLT_27,1NLT,7,4.92,26,Train,28
replica2_1NLT_27,1NLT,7,4.92,26,Train,28
replica3_1NLT_27,1NLT,7,4.92,26,Train,28
replica4_1NLT_27,1NLT,7,4.92,26,Train,28
replica5_1NLT_27,1NLT,7,4.92,26,Train,28
replica1_1NLT_34,1NLT,7,4.92,26,Train,28
replica2_1NLT_34,1NLT,7,4.92,26,Train,28
replica3_1NLT_34,1NLT,7,4.92,26,Train,28
replica4_1NLT_34,1NLT,7,4.92,26,Train,28
replica5_1NLT_34,1NLT,7,4.92,26,Train,28
replica1_1NLT_41,1NLT,7,4.92,26,Train,28
replica2_1NLT_41,1NLT,7,4.92,26,Train,28
replica3_1NLT_41,1NLT,7,4.92,26,Train,28
replica4_1NLT_41,1NLT,7,4.92,26,Train,28
replica5_1NLT_41,1NLT,7,4.92,26,Train,28
replica1_1NLT_47,1NLT,7,4.92,26,Train,28
replica2_1NLT_47,1NLT,7,4.92,26,Train,28
replica3_1NLT_47,1NLT,7,4.92,26,Train,28
replica4_1NLT_47,1NLT,7,4.92,26,Train,28
replica5_1NLT_47,1NLT,7,4.92,26,Train,28
replica1_1NLT_54,1NLT,7,4.92,26,Train,28
replica2_1NLT_54,1NLT,7,4.92,26,Train,28
replica3_1NLT_54,1NLT,7,4.92,26,Train,28
replica4_1NLT_54,1NLT,7,4.92,26,Train,28
replica5_1NLT_54,1NLT,7,4.92,26,Train,28
replica1_1NLT_60,1NLT,7,4.92,26,Train,28
replica2_1NLT_60,1NLT,7,4.92,26,Train,28
replica3_1NLT_60,1NLT,7,4.92,26,Train,28
replica4_1NLT_60,1NLT,7,4.92,26,Train,28
replica5_1NLT_60,1NLT,7,4.92,26,Train,28
replica1_1NLT_67,1NLT,7,4.92,26,Train,28
replica2_1NLT_67,1NLT,7,4.92,26,Train,28
replica3_1NLT_67,1NLT,7,4.92,26,Train,28
replica4_1NLT_67,1NLT,7,4.92,26,Train,28
replica5_1NLT_67,1NLT,7,4.92,26,Train,28
replica1_1NLT_74,1NLT,7,4.92,26,Train,28
replica2_1NLT_74,1NLT,7,4.92,26,Train,28
replica3_1NLT_74,1NLT,7,4.92,26,Train,28
replica4_1NLT_74,1NLT,7,4.92,26,Train,28
replica5_1NLT_74,1NLT,7,4.92,26,Train,28
replica1_1NLT_80,1NLT,7,4.92,26,Train,28
replica2_1NLT_80,1NLT,7,4.92,26,Train,28
replica3_1NLT_80,1NLT,7,4.92,26,Train,28
replica4_1NLT_80,1NLT,7,4.92,26,Train,28
replica5_1NLT_80,1NLT,7,4.92,26,Train,28
replica1_1NLT_87,1NLT,7,4.92,26,Train,28
replica2_1NLT_87,1NLT,7,4.92,26,Train,28
replica3_1NLT_87,1NLT,7,4.92,26,Train,28
replica4_1NLT_87,1NLT,7,4.92,26,Train,28
replica5_1NLT_87,1NLT,7,4.92,26,Train,28
replica1_1NLT_93,1NLT,7,4.92,26,Train,28
replica2_1NLT_93,1NLT,7,4.92,26,Train,28
replica3_1NLT_93,1NLT,7,4.92,26,Train,28
replica4_1NLT_93,1NLT,7,4.92,26,Train,28
replica5_1NLT_93,1NLT,7,4.92,26,Train,28
replica1_1NLT_100,1NLT,7,4.92,26,Train,28
replica2_1NLT_100,1NLT,7,4.92,26,Train,28
replica3_1NLT_100,1NLT,7,4.92,26,Train,28
replica4_1NLT_100,1NLT,7,4.92,26,Train,28
replica5_1NLT_100,1NLT,7,4.92,26,Train,28
replica1_1NTV_1,1NTV,10,5.82,27,Train,29
replica2_1NTV_1,1NTV,10,5.82,27,Train,29
replica3_1NTV_1,1NTV,10,5.82,27,Train,29
replica4_1NTV_1,1NTV,10,5.82,27,Train,29
replica5_1NTV_1,1NTV,10,5.82,27,Train,29
replica1_1NTV_8,1NTV,10,5.82,27,Train,29
replica2_1NTV_8,1NTV,10,5.82,27,Train,29
replica3_1NTV_8,1NTV,10,5.82,27,Train,29
replica4_1NTV_8,1NTV,10,5.82,27,Train,29
replica5_1NTV_8,1NTV,10,5.82,27,Train,29
replica1_1NTV_14,1NTV,10,5.82,27,Train,29
replica2_1NTV_14,1NTV,10,5.82,27,Train,29
replica3_1NTV_14,1NTV,10,5.82,27,Train,29
replica4_1NTV_14,1NTV,10,5.82,27,Train,29
replica5_1NTV_14,1NTV,10,5.82,27,Train,29
replica1_1NTV_21,1NTV,10,5.82,27,Train,29
replica2_1NTV_21,1NTV,10,5.82,27,Train,29
replica3_1NTV_21,1NTV,10,5.82,27,Train,29
replica4_1NTV_21,1NTV,10,5.82,27,Train,29
replica5_1NTV_21,1NTV,10,5.82,27,Train,29
replica1_1NTV_27,1NTV,10,5.82,27,Train,29
replica2_1NTV_27,1NTV,10,5.82,27,Train,29
replica3_1NTV_27,1NTV,10,5.82,27,Train,29
replica4_1NTV_27,1NTV,10,5.82,27,Train,29
replica5_1NTV_27,1NTV,10,5.82,27,Train,29
replica1_1NTV_34,1NTV,10,5.82,27,Train,29
replica2_1NTV_34,1NTV,10,5.82,27,Train,29
replica3_1NTV_34,1NTV,10,5.82,27,Train,29
replica4_1NTV_34,1NTV,10,5.82,27,Train,29
replica5_1NTV_34,1NTV,10,5.82,27,Train,29
replica1_1NTV_41,1NTV,10,5.82,27,Train,29
replica2_1NTV_41,1NTV,10,5.82,27,Train,29
replica3_1NTV_41,1NTV,10,5.82,27,Train,29
replica4_1NTV_41,1NTV,10,5.82,27,Train,29
replica5_1NTV_41,1NTV,10,5.82,27,Train,29
replica1_1NTV_47,1NTV,10,5.82,27,Train,29
replica2_1NTV_47,1NTV,10,5.82,27,Train,29
replica3_1NTV_47,1NTV,10,5.82,27,Train,29
replica4_1NTV_47,1NTV,10,5.82,27,Train,29
replica5_1NTV_47,1NTV,10,5.82,27,Train,29
replica1_1NTV_54,1NTV,10,5.82,27,Train,29
replica2_1NTV_54,1NTV,10,5.82,27,Train,29
replica3_1NTV_54,1NTV,10,5.82,27,Train,29
replica4_1NTV_54,1NTV,10,5.82,27,Train,29
replica5_1NTV_54,1NTV,10,5.82,27,Train,29
replica1_1NTV_60,1NTV,10,5.82,27,Train,29
replica2_1NTV_60,1NTV,10,5.82,27,Train,29
replica3_1NTV_60,1NTV,10,5.82,27,Train,29
replica4_1NTV_60,1NTV,10,5.82,27,Train,29
replica5_1NTV_60,1NTV,10,5.82,27,Train,29
replica1_1NTV_67,1NTV,10,5.82,27,Train,29
replica2_1NTV_67,1NTV,10,5.82,27,Train,29
replica3_1NTV_67,1NTV,10,5.82,27,Train,29
replica4_1NTV_67,1NTV,10,5.82,27,Train,29
replica5_1NTV_67,1NTV,10,5.82,27,Train,29
replica1_1NTV_74,1NTV,10,5.82,27,Train,29
replica2_1NTV_74,1NTV,10,5.82,27,Train,29
replica3_1NTV_74,1NTV,10,5.82,27,Train,29
replica4_1NTV_74,1NTV,10,5.82,27,Train,29
replica5_1NTV_74,1NTV,10,5.82,27,Train,29
replica1_1NTV_80,1NTV,10,5.82,27,Train,29
replica2_1NTV_80,1NTV,10,5.82,27,Train,29
replica3_1NTV_80,1NTV,10,5.82,27,Train,29
replica4_1NTV_80,1NTV,10,5.82,27,Train,29
replica5_1NTV_80,1NTV,10,5.82,27,Train,29
replica1_1NTV_87,1NTV,10,5.82,27,Train,29
replica2_1NTV_87,1NTV,10,5.82,27,Train,29
replica3_1NTV_87,1NTV,10,5.82,27,Train,29
replica4_1NTV_87,1NTV,10,5.82,27,Train,29
replica5_1NTV_87,1NTV,10,5.82,27,Train,29
replica1_1NTV_93,1NTV,10,5.82,27,Train,29
replica2_1NTV_93,1NTV,10,5.82,27,Train,29
replica3_1NTV_93,1NTV,10,5.82,27,Train,29
replica4_1NTV_93,1NTV,10,5.82,27,Train,29
replica5_1NTV_93,1NTV,10,5.82,27,Train,29
replica1_1NTV_100,1NTV,10,5.82,27,Train,29
replica2_1NTV_100,1NTV,10,5.82,27,Train,29
replica3_1NTV_100,1NTV,10,5.82,27,Train,29
replica4_1NTV_100,1NTV,10,5.82,27,Train,29
replica5_1NTV_100,1NTV,10,5.82,27,Train,29
replica1_1NY2_1,1NY2,5,2.76,16,Test,
replica2_1NY2_1,1NY2,5,2.76,16,Test,
replica3_1NY2_1,1NY2,5,2.76,16,Test,
replica4_1NY2_1,1NY2,5,2.76,16,Test,
replica5_1NY2_1,1NY2,5,2.76,16,Test,
replica1_1NY2_15,1NY2,5,2.76,16,Test,
replica2_1NY2_15,1NY2,5,2.76,16,Test,
replica3_1NY2_15,1NY2,5,2.76,16,Test,
replica4_1NY2_15,1NY2,5,2.76,16,Test,
replica5_1NY2_15,1NY2,5,2.76,16,Test,
replica1_1NY2_29,1NY2,5,2.76,16,Test,
replica2_1NY2_29,1NY2,5,2.76,16,Test,
replica3_1NY2_29,1NY2,5,2.76,16,Test,
replica4_1NY2_29,1NY2,5,2.76,16,Test,
replica5_1NY2_29,1NY2,5,2.76,16,Test,
replica1_1NY2_43,1NY2,5,2.76,16,Test,
replica2_1NY2_43,1NY2,5,2.76,16,Test,
replica3_1NY2_43,1NY2,5,2.76,16,Test,
replica4_1NY2_43,1NY2,5,2.76,16,Test,
replica5_1NY2_43,1NY2,5,2.76,16,Test,
replica1_1NY2_58,1NY2,5,2.76,16,Test,
replica2_1NY2_58,1NY2,5,2.76,16,Test,
replica3_1NY2_58,1NY2,5,2.76,16,Test,
replica4_1NY2_58,1NY2,5,2.76,16,Test,
replica5_1NY2_58,1NY2,5,2.76,16,Test,
replica1_1NY2_72,1NY2,5,2.76,16,Test,
replica2_1NY2_72,1NY2,5,2.76,16,Test,
replica3_1NY2_72,1NY2,5,2.76,16,Test,
replica4_1NY2_72,1NY2,5,2.76,16,Test,
replica5_1NY2_72,1NY2,5,2.76,16,Test,
replica1_1NY2_86,1NY2,5,2.76,16,Test,
replica2_1NY2_86,1NY2,5,2.76,16,Test,
replica3_1NY2_86,1NY2,5,2.76,16,Test,
replica4_1NY2_86,1NY2,5,2.76,16,Test,
replica5_1NY2_86,1NY2,5,2.76,16,Test,
replica1_1NY2_100,1NY2,5,2.76,16,Test,
replica2_1NY2_100,1NY2,5,2.76,16,Test,
replica3_1NY2_100,1NY2,5,2.76,16,Test,
replica4_1NY2_100,1NY2,5,2.76,16,Test,
replica5_1NY2_100,1NY2,5,2.76,16,Test,
replica1_1OAI_1,1OAI,9,5,28,Train,30
replica2_1OAI_1,1OAI,9,5,28,Train,30
replica3_1OAI_1,1OAI,9,5,28,Train,30
replica4_1OAI_1,1OAI,9,5,28,Train,30
replica5_1OAI_1,1OAI,9,5,28,Train,30
replica1_1OAI_8,1OAI,9,5,28,Train,30
replica2_1OAI_8,1OAI,9,5,28,Train,30
replica3_1OAI_8,1OAI,9,5,28,Train,30
replica4_1OAI_8,1OAI,9,5,28,Train,30
replica5_1OAI_8,1OAI,9,5,28,Train,30
replica1_1OAI_14,1OAI,9,5,28,Train,30
replica2_1OAI_14,1OAI,9,5,28,Train,30
replica3_1OAI_14,1OAI,9,5,28,Train,30
replica4_1OAI_14,1OAI,9,5,28,Train,30
replica5_1OAI_14,1OAI,9,5,28,Train,30
replica1_1OAI_21,1OAI,9,5,28,Train,30
replica2_1OAI_21,1OAI,9,5,28,Train,30
replica3_1OAI_21,1OAI,9,5,28,Train,30
replica4_1OAI_21,1OAI,9,5,28,Train,30
replica5_1OAI_21,1OAI,9,5,28,Train,30
replica1_1OAI_27,1OAI,9,5,28,Train,30
replica2_1OAI_27,1OAI,9,5,28,Train,30
replica3_1OAI_27,1OAI,9,5,28,Train,30
replica4_1OAI_27,1OAI,9,5,28,Train,30
replica5_1OAI_27,1OAI,9,5,28,Train,30
replica1_1OAI_34,1OAI,9,5,28,Train,30
replica2_1OAI_34,1OAI,9,5,28,Train,30
replica3_1OAI_34,1OAI,9,5,28,Train,30
replica4_1OAI_34,1OAI,9,5,28,Train,30
replica5_1OAI_34,1OAI,9,5,28,Train,30
replica1_1OAI_41,1OAI,9,5,28,Train,30
replica2_1OAI_41,1OAI,9,5,28,Train,30
replica3_1OAI_41,1OAI,9,5,28,Train,30
replica4_1OAI_41,1OAI,9,5,28,Train,30
replica5_1OAI_41,1OAI,9,5,28,Train,30
replica1_1OAI_47,1OAI,9,5,28,Train,30
replica2_1OAI_47,1OAI,9,5,28,Train,30
replica3_1OAI_47,1OAI,9,5,28,Train,30
replica4_1OAI_47,1OAI,9,5,28,Train,30
replica5_1OAI_47,1OAI,9,5,28,Train,30
replica1_1OAI_54,1OAI,9,5,28,Train,30
replica2_1OAI_54,1OAI,9,5,28,Train,30
replica3_1OAI_54,1OAI,9,5,28,Train,30
replica4_1OAI_54,1OAI,9,5,28,Train,30
replica5_1OAI_54,1OAI,9,5,28,Train,30
replica1_1OAI_60,1OAI,9,5,28,Train,30
replica2_1OAI_60,1OAI,9,5,28,Train,30
replica3_1OAI_60,1OAI,9,5,28,Train,30
replica4_1OAI_60,1OAI,9,5,28,Train,30
replica5_1OAI_60,1OAI,9,5,28,Train,30
replica1_1OAI_67,1OAI,9,5,28,Train,30
replica2_1OAI_67,1OAI,9,5,28,Train,30
replica3_1OAI_67,1OAI,9,5,28,Train,30
replica4_1OAI_67,1OAI,9,5,28,Train,30
replica5_1OAI_67,1OAI,9,5,28,Train,30
replica1_1OAI_74,1OAI,9,5,28,Train,30
replica2_1OAI_74,1OAI,9,5,28,Train,30
replica3_1OAI_74,1OAI,9,5,28,Train,30
replica4_1OAI_74,1OAI,9,5,28,Train,30
replica5_1OAI_74,1OAI,9,5,28,Train,30
replica1_1OAI_80,1OAI,9,5,28,Train,30
replica2_1OAI_80,1OAI,9,5,28,Train,30
replica3_1OAI_80,1OAI,9,5,28,Train,30
replica4_1OAI_80,1OAI,9,5,28,Train,30
replica5_1OAI_80,1OAI,9,5,28,Train,30
replica1_1OAI_87,1OAI,9,5,28,Train,30
replica2_1OAI_87,1OAI,9,5,28,Train,30
replica3_1OAI_87,1OAI,9,5,28,Train,30
replica4_1OAI_87,1OAI,9,5,28,Train,30
replica5_1OAI_87,1OAI,9,5,28,Train,30
replica1_1OAI_93,1OAI,9,5,28,Train,30
replica2_1OAI_93,1OAI,9,5,28,Train,30
replica3_1OAI_93,1OAI,9,5,28,Train,30
replica4_1OAI_93,1OAI,9,5,28,Train,30
replica5_1OAI_93,1OAI,9,5,28,Train,30
replica1_1OAI_100,1OAI,9,5,28,Train,30
replica2_1OAI_100,1OAI,9,5,28,Train,30
replica3_1OAI_100,1OAI,9,5,28,Train,30
replica4_1OAI_100,1OAI,9,5,28,Train,30
replica5_1OAI_100,1OAI,9,5,28,Train,30
replica1_1OM9_1,1OM9,15,4.15,29,Train,31
replica2_1OM9_1,1OM9,15,4.15,29,Train,31
replica3_1OM9_1,1OM9,15,4.15,29,Train,31
replica4_1OM9_1,1OM9,15,4.15,29,Train,31
replica5_1OM9_1,1OM9,15,4.15,29,Train,31
replica1_1OM9_8,1OM9,15,4.15,29,Train,31
replica2_1OM9_8,1OM9,15,4.15,29,Train,31
replica3_1OM9_8,1OM9,15,4.15,29,Train,31
replica4_1OM9_8,1OM9,15,4.15,29,Train,31
replica5_1OM9_8,1OM9,15,4.15,29,Train,31
replica1_1OM9_14,1OM9,15,4.15,29,Train,31
replica2_1OM9_14,1OM9,15,4.15,29,Train,31
replica3_1OM9_14,1OM9,15,4.15,29,Train,31
replica4_1OM9_14,1OM9,15,4.15,29,Train,31
replica5_1OM9_14,1OM9,15,4.15,29,Train,31
replica1_1OM9_21,1OM9,15,4.15,29,Train,31
replica2_1OM9_21,1OM9,15,4.15,29,Train,31
replica3_1OM9_21,1OM9,15,4.15,29,Train,31
replica4_1OM9_21,1OM9,15,4.15,29,Train,31
replica5_1OM9_21,1OM9,15,4.15,29,Train,31
replica1_1OM9_27,1OM9,15,4.15,29,Train,31
replica2_1OM9_27,1OM9,15,4.15,29,Train,31
replica3_1OM9_27,1OM9,15,4.15,29,Train,31
replica4_1OM9_27,1OM9,15,4.15,29,Train,31
replica5_1OM9_27,1OM9,15,4.15,29,Train,31
replica1_1OM9_34,1OM9,15,4.15,29,Train,31
replica2_1OM9_34,1OM9,15,4.15,29,Train,31
replica3_1OM9_34,1OM9,15,4.15,29,Train,31
replica4_1OM9_34,1OM9,15,4.15,29,Train,31
replica5_1OM9_34,1OM9,15,4.15,29,Train,31
replica1_1OM9_41,1OM9,15,4.15,29,Train,31
replica2_1OM9_41,1OM9,15,4.15,29,Train,31
replica3_1OM9_41,1OM9,15,4.15,29,Train,31
replica4_1OM9_41,1OM9,15,4.15,29,Train,31
replica5_1OM9_41,1OM9,15,4.15,29,Train,31
replica1_1OM9_47,1OM9,15,4.15,29,Train,31
replica2_1OM9_47,1OM9,15,4.15,29,Train,31
replica3_1OM9_47,1OM9,15,4.15,29,Train,31
replica4_1OM9_47,1OM9,15,4.15,29,Train,31
replica5_1OM9_47,1OM9,15,4.15,29,Train,31
replica1_1OM9_54,1OM9,15,4.15,29,Train,31
replica2_1OM9_54,1OM9,15,4.15,29,Train,31
replica3_1OM9_54,1OM9,15,4.15,29,Train,31
replica4_1OM9_54,1OM9,15,4.15,29,Train,31
replica5_1OM9_54,1OM9,15,4.15,29,Train,31
replica1_1OM9_60,1OM9,15,4.15,29,Train,31
replica2_1OM9_60,1OM9,15,4.15,29,Train,31
replica3_1OM9_60,1OM9,15,4.15,29,Train,31
replica4_1OM9_60,1OM9,15,4.15,29,Train,31
replica5_1OM9_60,1OM9,15,4.15,29,Train,31
replica1_1OM9_67,1OM9,15,4.15,29,Train,31
replica2_1OM9_67,1OM9,15,4.15,29,Train,31
replica3_1OM9_67,1OM9,15,4.15,29,Train,31
replica4_1OM9_67,1OM9,15,4.15,29,Train,31
replica5_1OM9_67,1OM9,15,4.15,29,Train,31
replica1_1OM9_74,1OM9,15,4.15,29,Train,31
replica2_1OM9_74,1OM9,15,4.15,29,Train,31
replica3_1OM9_74,1OM9,15,4.15,29,Train,31
replica4_1OM9_74,1OM9,15,4.15,29,Train,31
replica5_1OM9_74,1OM9,15,4.15,29,Train,31
replica1_1OM9_80,1OM9,15,4.15,29,Train,31
replica2_1OM9_80,1OM9,15,4.15,29,Train,31
replica3_1OM9_80,1OM9,15,4.15,29,Train,31
replica4_1OM9_80,1OM9,15,4.15,29,Train,31
replica5_1OM9_80,1OM9,15,4.15,29,Train,31
replica1_1OM9_87,1OM9,15,4.15,29,Train,31
replica2_1OM9_87,1OM9,15,4.15,29,Train,31
replica3_1OM9_87,1OM9,15,4.15,29,Train,31
replica4_1OM9_87,1OM9,15,4.15,29,Train,31
replica5_1OM9_87,1OM9,15,4.15,29,Train,31
replica1_1OM9_93,1OM9,15,4.15,29,Train,31
replica2_1OM9_93,1OM9,15,4.15,29,Train,31
replica3_1OM9_93,1OM9,15,4.15,29,Train,31
replica4_1OM9_93,1OM9,15,4.15,29,Train,31
replica5_1OM9_93,1OM9,15,4.15,29,Train,31
replica1_1OM9_100,1OM9,15,4.15,29,Train,31
replica2_1OM9_100,1OM9,15,4.15,29,Train,31
replica3_1OM9_100,1OM9,15,4.15,29,Train,31
replica4_1OM9_100,1OM9,15,4.15,29,Train,31
replica5_1OM9_100,1OM9,15,4.15,29,Train,31
replica1_1OSG_1,1OSG,12,7.52,30,Train,32
replica2_1OSG_1,1OSG,12,7.52,30,Train,32
replica3_1OSG_1,1OSG,12,7.52,30,Train,32
replica4_1OSG_1,1OSG,12,7.52,30,Train,32
replica5_1OSG_1,1OSG,12,7.52,30,Train,32
replica1_1OSG_8,1OSG,12,7.52,30,Train,32
replica2_1OSG_8,1OSG,12,7.52,30,Train,32
replica3_1OSG_8,1OSG,12,7.52,30,Train,32
replica4_1OSG_8,1OSG,12,7.52,30,Train,32
replica5_1OSG_8,1OSG,12,7.52,30,Train,32
replica1_1OSG_14,1OSG,12,7.52,30,Train,32
replica2_1OSG_14,1OSG,12,7.52,30,Train,32
replica3_1OSG_14,1OSG,12,7.52,30,Train,32
replica4_1OSG_14,1OSG,12,7.52,30,Train,32
replica5_1OSG_14,1OSG,12,7.52,30,Train,32
replica1_1OSG_21,1OSG,12,7.52,30,Train,32
replica2_1OSG_21,1OSG,12,7.52,30,Train,32
replica3_1OSG_21,1OSG,12,7.52,30,Train,32
replica4_1OSG_21,1OSG,12,7.52,30,Train,32
replica5_1OSG_21,1OSG,12,7.52,30,Train,32
replica1_1OSG_27,1OSG,12,7.52,30,Train,32
replica2_1OSG_27,1OSG,12,7.52,30,Train,32
replica3_1OSG_27,1OSG,12,7.52,30,Train,32
replica4_1OSG_27,1OSG,12,7.52,30,Train,32
replica5_1OSG_27,1OSG,12,7.52,30,Train,32
replica1_1OSG_34,1OSG,12,7.52,30,Train,32
replica2_1OSG_34,1OSG,12,7.52,30,Train,32
replica3_1OSG_34,1OSG,12,7.52,30,Train,32
replica4_1OSG_34,1OSG,12,7.52,30,Train,32
replica5_1OSG_34,1OSG,12,7.52,30,Train,32
replica1_1OSG_41,1OSG,12,7.52,30,Train,32
replica2_1OSG_41,1OSG,12,7.52,30,Train,32
replica3_1OSG_41,1OSG,12,7.52,30,Train,32
replica4_1OSG_41,1OSG,12,7.52,30,Train,32
replica5_1OSG_41,1OSG,12,7.52,30,Train,32
replica1_1OSG_47,1OSG,12,7.52,30,Train,32
replica2_1OSG_47,1OSG,12,7.52,30,Train,32
replica3_1OSG_47,1OSG,12,7.52,30,Train,32
replica4_1OSG_47,1OSG,12,7.52,30,Train,32
replica5_1OSG_47,1OSG,12,7.52,30,Train,32
replica1_1OSG_54,1OSG,12,7.52,30,Train,32
replica2_1OSG_54,1OSG,12,7.52,30,Train,32
replica3_1OSG_54,1OSG,12,7.52,30,Train,32
replica4_1OSG_54,1OSG,12,7.52,30,Train,32
replica5_1OSG_54,1OSG,12,7.52,30,Train,32
replica1_1OSG_60,1OSG,12,7.52,30,Train,32
replica2_1OSG_60,1OSG,12,7.52,30,Train,32
replica3_1OSG_60,1OSG,12,7.52,30,Train,32
replica4_1OSG_60,1OSG,12,7.52,30,Train,32
replica5_1OSG_60,1OSG,12,7.52,30,Train,32
replica1_1OSG_67,1OSG,12,7.52,30,Train,32
replica2_1OSG_67,1OSG,12,7.52,30,Train,32
replica3_1OSG_67,1OSG,12,7.52,30,Train,32
replica4_1OSG_67,1OSG,12,7.52,30,Train,32
replica5_1OSG_67,1OSG,12,7.52,30,Train,32
replica1_1OSG_74,1OSG,12,7.52,30,Train,32
replica2_1OSG_74,1OSG,12,7.52,30,Train,32
replica3_1OSG_74,1OSG,12,7.52,30,Train,32
replica4_1OSG_74,1OSG,12,7.52,30,Train,32
replica5_1OSG_74,1OSG,12,7.52,30,Train,32
replica1_1OSG_80,1OSG,12,7.52,30,Train,32
replica2_1OSG_80,1OSG,12,7.52,30,Train,32
replica3_1OSG_80,1OSG,12,7.52,30,Train,32
replica4_1OSG_80,1OSG,12,7.52,30,Train,32
replica5_1OSG_80,1OSG,12,7.52,30,Train,32
replica1_1OSG_87,1OSG,12,7.52,30,Train,32
replica2_1OSG_87,1OSG,12,7.52,30,Train,32
replica3_1OSG_87,1OSG,12,7.52,30,Train,32
replica4_1OSG_87,1OSG,12,7.52,30,Train,32
replica5_1OSG_87,1OSG,12,7.52,30,Train,32
replica1_1OSG_93,1OSG,12,7.52,30,Train,32
replica2_1OSG_93,1OSG,12,7.52,30,Train,32
replica3_1OSG_93,1OSG,12,7.52,30,Train,32
replica4_1OSG_93,1OSG,12,7.52,30,Train,32
replica5_1OSG_93,1OSG,12,7.52,30,Train,32
replica1_1OSG_100,1OSG,12,7.52,30,Train,32
replica2_1OSG_100,1OSG,12,7.52,30,Train,32
replica3_1OSG_100,1OSG,12,7.52,30,Train,32
replica4_1OSG_100,1OSG,12,7.52,30,Train,32
replica5_1OSG_100,1OSG,12,7.52,30,Train,32
replica1_1OSV_1,1OSV,12,3.48,31,Train,33
replica2_1OSV_1,1OSV,12,3.48,31,Train,33
replica3_1OSV_1,1OSV,12,3.48,31,Train,33
replica4_1OSV_1,1OSV,12,3.48,31,Train,33
replica5_1OSV_1,1OSV,12,3.48,31,Train,33
replica1_1OSV_8,1OSV,12,3.48,31,Train,33
replica2_1OSV_8,1OSV,12,3.48,31,Train,33
replica3_1OSV_8,1OSV,12,3.48,31,Train,33
replica4_1OSV_8,1OSV,12,3.48,31,Train,33
replica5_1OSV_8,1OSV,12,3.48,31,Train,33
replica1_1OSV_14,1OSV,12,3.48,31,Train,33
replica2_1OSV_14,1OSV,12,3.48,31,Train,33
replica3_1OSV_14,1OSV,12,3.48,31,Train,33
replica4_1OSV_14,1OSV,12,3.48,31,Train,33
replica5_1OSV_14,1OSV,12,3.48,31,Train,33
replica1_1OSV_21,1OSV,12,3.48,31,Train,33
replica2_1OSV_21,1OSV,12,3.48,31,Train,33
replica3_1OSV_21,1OSV,12,3.48,31,Train,33
replica4_1OSV_21,1OSV,12,3.48,31,Train,33
replica5_1OSV_21,1OSV,12,3.48,31,Train,33
replica1_1OSV_27,1OSV,12,3.48,31,Train,33
replica2_1OSV_27,1OSV,12,3.48,31,Train,33
replica3_1OSV_27,1OSV,12,3.48,31,Train,33
replica4_1OSV_27,1OSV,12,3.48,31,Train,33
replica5_1OSV_27,1OSV,12,3.48,31,Train,33
replica1_1OSV_34,1OSV,12,3.48,31,Train,33
replica2_1OSV_34,1OSV,12,3.48,31,Train,33
replica3_1OSV_34,1OSV,12,3.48,31,Train,33
replica4_1OSV_34,1OSV,12,3.48,31,Train,33
replica5_1OSV_34,1OSV,12,3.48,31,Train,33
replica1_1OSV_41,1OSV,12,3.48,31,Train,33
replica2_1OSV_41,1OSV,12,3.48,31,Train,33
replica3_1OSV_41,1OSV,12,3.48,31,Train,33
replica4_1OSV_41,1OSV,12,3.48,31,Train,33
replica5_1OSV_41,1OSV,12,3.48,31,Train,33
replica1_1OSV_47,1OSV,12,3.48,31,Train,33
replica2_1OSV_47,1OSV,12,3.48,31,Train,33
replica3_1OSV_47,1OSV,12,3.48,31,Train,33
replica4_1OSV_47,1OSV,12,3.48,31,Train,33
replica5_1OSV_47,1OSV,12,3.48,31,Train,33
replica1_1OSV_54,1OSV,12,3.48,31,Train,33
replica2_1OSV_54,1OSV,12,3.48,31,Train,33
replica3_1OSV_54,1OSV,12,3.48,31,Train,33
replica4_1OSV_54,1OSV,12,3.48,31,Train,33
replica5_1OSV_54,1OSV,12,3.48,31,Train,33
replica1_1OSV_60,1OSV,12,3.48,31,Train,33
replica2_1OSV_60,1OSV,12,3.48,31,Train,33
replica3_1OSV_60,1OSV,12,3.48,31,Train,33
replica4_1OSV_60,1OSV,12,3.48,31,Train,33
replica5_1OSV_60,1OSV,12,3.48,31,Train,33
replica1_1OSV_67,1OSV,12,3.48,31,Train,33
replica2_1OSV_67,1OSV,12,3.48,31,Train,33
replica3_1OSV_67,1OSV,12,3.48,31,Train,33
replica4_1OSV_67,1OSV,12,3.48,31,Train,33
replica5_1OSV_67,1OSV,12,3.48,31,Train,33
replica1_1OSV_74,1OSV,12,3.48,31,Train,33
replica2_1OSV_74,1OSV,12,3.48,31,Train,33
replica3_1OSV_74,1OSV,12,3.48,31,Train,33
replica4_1OSV_74,1OSV,12,3.48,31,Train,33
replica5_1OSV_74,1OSV,12,3.48,31,Train,33
replica1_1OSV_80,1OSV,12,3.48,31,Train,33
replica2_1OSV_80,1OSV,12,3.48,31,Train,33
replica3_1OSV_80,1OSV,12,3.48,31,Train,33
replica4_1OSV_80,1OSV,12,3.48,31,Train,33
replica5_1OSV_80,1OSV,12,3.48,31,Train,33
replica1_1OSV_87,1OSV,12,3.48,31,Train,33
replica2_1OSV_87,1OSV,12,3.48,31,Train,33
replica3_1OSV_87,1OSV,12,3.48,31,Train,33
replica4_1OSV_87,1OSV,12,3.48,31,Train,33
replica5_1OSV_87,1OSV,12,3.48,31,Train,33
replica1_1OSV_93,1OSV,12,3.48,31,Train,33
replica2_1OSV_93,1OSV,12,3.48,31,Train,33
replica3_1OSV_93,1OSV,12,3.48,31,Train,33
replica4_1OSV_93,1OSV,12,3.48,31,Train,33
replica5_1OSV_93,1OSV,12,3.48,31,Train,33
replica1_1OSV_100,1OSV,12,3.48,31,Train,33
replica2_1OSV_100,1OSV,12,3.48,31,Train,33
replica3_1OSV_100,1OSV,12,3.48,31,Train,33
replica4_1OSV_100,1OSV,12,3.48,31,Train,33
replica5_1OSV_100,1OSV,12,3.48,31,Train,33
replica1_1OW6_1,1OW6,13,5.4,32,Train,34
replica2_1OW6_1,1OW6,13,5.4,32,Train,34
replica3_1OW6_1,1OW6,13,5.4,32,Train,34
replica4_1OW6_1,1OW6,13,5.4,32,Train,34
replica5_1OW6_1,1OW6,13,5.4,32,Train,34
replica1_1OW6_26,1OW6,13,5.4,32,Train,34
replica2_1OW6_26,1OW6,13,5.4,32,Train,34
replica3_1OW6_26,1OW6,13,5.4,32,Train,34
replica4_1OW6_26,1OW6,13,5.4,32,Train,34
replica5_1OW6_26,1OW6,13,5.4,32,Train,34
replica1_1OW6_51,1OW6,13,5.4,32,Train,34
replica2_1OW6_51,1OW6,13,5.4,32,Train,34
replica3_1OW6_51,1OW6,13,5.4,32,Train,34
replica4_1OW6_51,1OW6,13,5.4,32,Train,34
replica5_1OW6_51,1OW6,13,5.4,32,Train,34
replica1_1OW6_75,1OW6,13,5.4,32,Train,34
replica2_1OW6_75,1OW6,13,5.4,32,Train,34
replica3_1OW6_75,1OW6,13,5.4,32,Train,34
replica4_1OW6_75,1OW6,13,5.4,32,Train,34
replica5_1OW6_75,1OW6,13,5.4,32,Train,34
replica1_1OW6_100,1OW6,13,5.4,32,Train,34
replica2_1OW6_100,1OW6,13,5.4,32,Train,34
replica3_1OW6_100,1OW6,13,5.4,32,Train,34
replica4_1OW6_100,1OW6,13,5.4,32,Train,34
replica5_1OW6_100,1OW6,13,5.4,32,Train,34
replica1_1OW7_1,1OW7,13,5.4,32,Train,35
replica2_1OW7_1,1OW7,13,5.4,32,Train,35
replica3_1OW7_1,1OW7,13,5.4,32,Train,35
replica4_1OW7_1,1OW7,13,5.4,32,Train,35
replica5_1OW7_1,1OW7,13,5.4,32,Train,35
replica1_1OW7_26,1OW7,13,5.4,32,Train,35
replica2_1OW7_26,1OW7,13,5.4,32,Train,35
replica3_1OW7_26,1OW7,13,5.4,32,Train,35
replica4_1OW7_26,1OW7,13,5.4,32,Train,35
replica5_1OW7_26,1OW7,13,5.4,32,Train,35
replica1_1OW7_51,1OW7,13,5.4,32,Train,35
replica2_1OW7_51,1OW7,13,5.4,32,Train,35
replica3_1OW7_51,1OW7,13,5.4,32,Train,35
replica4_1OW7_51,1OW7,13,5.4,32,Train,35
replica5_1OW7_51,1OW7,13,5.4,32,Train,35
replica1_1OW7_75,1OW7,13,5.4,32,Train,35
replica2_1OW7_75,1OW7,13,5.4,32,Train,35
replica3_1OW7_75,1OW7,13,5.4,32,Train,35
replica4_1OW7_75,1OW7,13,5.4,32,Train,35
replica5_1OW7_75,1OW7,13,5.4,32,Train,35
replica1_1OW7_100,1OW7,13,5.4,32,Train,35
replica2_1OW7_100,1OW7,13,5.4,32,Train,35
replica3_1OW7_100,1OW7,13,5.4,32,Train,35
replica4_1OW7_100,1OW7,13,5.4,32,Train,35
replica5_1OW7_100,1OW7,13,5.4,32,Train,35
replica1_1OW8_1,1OW8,13,5.4,32,Train,36
replica2_1OW8_1,1OW8,13,5.4,32,Train,36
replica3_1OW8_1,1OW8,13,5.4,32,Train,36
replica4_1OW8_1,1OW8,13,5.4,32,Train,36
replica5_1OW8_1,1OW8,13,5.4,32,Train,36
replica1_1OW8_26,1OW8,13,5.4,32,Train,36
replica2_1OW8_26,1OW8,13,5.4,32,Train,36
replica3_1OW8_26,1OW8,13,5.4,32,Train,36
replica4_1OW8_26,1OW8,13,5.4,32,Train,36
replica5_1OW8_26,1OW8,13,5.4,32,Train,36
replica1_1OW8_51,1OW8,13,5.4,32,Train,36
replica2_1OW8_51,1OW8,13,5.4,32,Train,36
replica3_1OW8_51,1OW8,13,5.4,32,Train,36
replica4_1OW8_51,1OW8,13,5.4,32,Train,36
replica5_1OW8_51,1OW8,13,5.4,32,Train,36
replica1_1OW8_75,1OW8,13,5.4,32,Train,36
replica2_1OW8_75,1OW8,13,5.4,32,Train,36
replica3_1OW8_75,1OW8,13,5.4,32,Train,36
replica4_1OW8_75,1OW8,13,5.4,32,Train,36
replica5_1OW8_75,1OW8,13,5.4,32,Train,36
replica1_1OW8_100,1OW8,13,5.4,32,Train,36
replica2_1OW8_100,1OW8,13,5.4,32,Train,36
replica3_1OW8_100,1OW8,13,5.4,32,Train,36
replica4_1OW8_100,1OW8,13,5.4,32,Train,36
replica5_1OW8_100,1OW8,13,5.4,32,Train,36
replica1_1OX9_1,1OX9,8,5.21,33,Test,
replica2_1OX9_1,1OX9,8,5.21,33,Test,
replica3_1OX9_1,1OX9,8,5.21,33,Test,
replica4_1OX9_1,1OX9,8,5.21,33,Test,
replica5_1OX9_1,1OX9,8,5.21,33,Test,
replica1_1OX9_8,1OX9,8,5.21,33,Test,
replica2_1OX9_8,1OX9,8,5.21,33,Test,
replica3_1OX9_8,1OX9,8,5.21,33,Test,
replica4_1OX9_8,1OX9,8,5.21,33,Test,
replica5_1OX9_8,1OX9,8,5.21,33,Test,
replica1_1OX9_14,1OX9,8,5.21,33,Test,
replica2_1OX9_14,1OX9,8,5.21,33,Test,
replica3_1OX9_14,1OX9,8,5.21,33,Test,
replica4_1OX9_14,1OX9,8,5.21,33,Test,
replica5_1OX9_14,1OX9,8,5.21,33,Test,
replica1_1OX9_21,1OX9,8,5.21,33,Test,
replica2_1OX9_21,1OX9,8,5.21,33,Test,
replica3_1OX9_21,1OX9,8,5.21,33,Test,
replica4_1OX9_21,1OX9,8,5.21,33,Test,
replica5_1OX9_21,1OX9,8,5.21,33,Test,
replica1_1OX9_27,1OX9,8,5.21,33,Test,
replica2_1OX9_27,1OX9,8,5.21,33,Test,
replica3_1OX9_27,1OX9,8,5.21,33,Test,
replica4_1OX9_27,1OX9,8,5.21,33,Test,
replica5_1OX9_27,1OX9,8,5.21,33,Test,
replica1_1OX9_34,1OX9,8,5.21,33,Test,
replica2_1OX9_34,1OX9,8,5.21,33,Test,
replica3_1OX9_34,1OX9,8,5.21,33,Test,
replica4_1OX9_34,1OX9,8,5.21,33,Test,
replica5_1OX9_34,1OX9,8,5.21,33,Test,
replica1_1OX9_41,1OX9,8,5.21,33,Test,
replica2_1OX9_41,1OX9,8,5.21,33,Test,
replica3_1OX9_41,1OX9,8,5.21,33,Test,
replica4_1OX9_41,1OX9,8,5.21,33,Test,
replica5_1OX9_41,1OX9,8,5.21,33,Test,
replica1_1OX9_47,1OX9,8,5.21,33,Test,
replica2_1OX9_47,1OX9,8,5.21,33,Test,
replica3_1OX9_47,1OX9,8,5.21,33,Test,
replica4_1OX9_47,1OX9,8,5.21,33,Test,
replica5_1OX9_47,1OX9,8,5.21,33,Test,
replica1_1OX9_54,1OX9,8,5.21,33,Test,
replica2_1OX9_54,1OX9,8,5.21,33,Test,
replica3_1OX9_54,1OX9,8,5.21,33,Test,
replica4_1OX9_54,1OX9,8,5.21,33,Test,
replica5_1OX9_54,1OX9,8,5.21,33,Test,
replica1_1OX9_60,1OX9,8,5.21,33,Test,
replica2_1OX9_60,1OX9,8,5.21,33,Test,
replica3_1OX9_60,1OX9,8,5.21,33,Test,
replica4_1OX9_60,1OX9,8,5.21,33,Test,
replica5_1OX9_60,1OX9,8,5.21,33,Test,
replica1_1OX9_67,1OX9,8,5.21,33,Test,
replica2_1OX9_67,1OX9,8,5.21,33,Test,
replica3_1OX9_67,1OX9,8,5.21,33,Test,
replica4_1OX9_67,1OX9,8,5.21,33,Test,
replica5_1OX9_67,1OX9,8,5.21,33,Test,
replica1_1OX9_74,1OX9,8,5.21,33,Test,
replica2_1OX9_74,1OX9,8,5.21,33,Test,
replica3_1OX9_74,1OX9,8,5.21,33,Test,
replica4_1OX9_74,1OX9,8,5.21,33,Test,
replica5_1OX9_74,1OX9,8,5.21,33,Test,
replica1_1OX9_80,1OX9,8,5.21,33,Test,
replica2_1OX9_80,1OX9,8,5.21,33,Test,
replica3_1OX9_80,1OX9,8,5.21,33,Test,
replica4_1OX9_80,1OX9,8,5.21,33,Test,
replica5_1OX9_80,1OX9,8,5.21,33,Test,
replica1_1OX9_87,1OX9,8,5.21,33,Test,
replica2_1OX9_87,1OX9,8,5.21,33,Test,
replica3_1OX9_87,1OX9,8,5.21,33,Test,
replica4_1OX9_87,1OX9,8,5.21,33,Test,
replica5_1OX9_87,1OX9,8,5.21,33,Test,
replica1_1OX9_93,1OX9,8,5.21,33,Test,
replica2_1OX9_93,1OX9,8,5.21,33,Test,
replica3_1OX9_93,1OX9,8,5.21,33,Test,
replica4_1OX9_93,1OX9,8,5.21,33,Test,
replica5_1OX9_93,1OX9,8,5.21,33,Test,
replica1_1OX9_100,1OX9,8,5.21,33,Test,
replica2_1OX9_100,1OX9,8,5.21,33,Test,
replica3_1OX9_100,1OX9,8,5.21,33,Test,
replica4_1OX9_100,1OX9,8,5.21,33,Test,
replica5_1OX9_100,1OX9,8,5.21,33,Test,
replica1_1OXG_1,1OXG,14,10.57,34,Train,37
replica2_1OXG_1,1OXG,14,10.57,34,Train,37
replica3_1OXG_1,1OXG,14,10.57,34,Train,37
replica4_1OXG_1,1OXG,14,10.57,34,Train,37
replica5_1OXG_1,1OXG,14,10.57,34,Train,37
replica1_1OXG_8,1OXG,14,10.57,34,Train,37
replica2_1OXG_8,1OXG,14,10.57,34,Train,37
replica3_1OXG_8,1OXG,14,10.57,34,Train,37
replica4_1OXG_8,1OXG,14,10.57,34,Train,37
replica5_1OXG_8,1OXG,14,10.57,34,Train,37
replica1_1OXG_14,1OXG,14,10.57,34,Train,37
replica2_1OXG_14,1OXG,14,10.57,34,Train,37
replica3_1OXG_14,1OXG,14,10.57,34,Train,37
replica4_1OXG_14,1OXG,14,10.57,34,Train,37
replica5_1OXG_14,1OXG,14,10.57,34,Train,37
replica1_1OXG_21,1OXG,14,10.57,34,Train,37
replica2_1OXG_21,1OXG,14,10.57,34,Train,37
replica3_1OXG_21,1OXG,14,10.57,34,Train,37
replica4_1OXG_21,1OXG,14,10.57,34,Train,37
replica5_1OXG_21,1OXG,14,10.57,34,Train,37
replica1_1OXG_27,1OXG,14,10.57,34,Train,37
replica2_1OXG_27,1OXG,14,10.57,34,Train,37
replica3_1OXG_27,1OXG,14,10.57,34,Train,37
replica4_1OXG_27,1OXG,14,10.57,34,Train,37
replica5_1OXG_27,1OXG,14,10.57,34,Train,37
replica1_1OXG_34,1OXG,14,10.57,34,Train,37
replica2_1OXG_34,1OXG,14,10.57,34,Train,37
replica3_1OXG_34,1OXG,14,10.57,34,Train,37
replica4_1OXG_34,1OXG,14,10.57,34,Train,37
replica5_1OXG_34,1OXG,14,10.57,34,Train,37
replica1_1OXG_41,1OXG,14,10.57,34,Train,37
replica2_1OXG_41,1OXG,14,10.57,34,Train,37
replica3_1OXG_41,1OXG,14,10.57,34,Train,37
replica4_1OXG_41,1OXG,14,10.57,34,Train,37
replica5_1OXG_41,1OXG,14,10.57,34,Train,37
replica1_1OXG_47,1OXG,14,10.57,34,Train,37
replica2_1OXG_47,1OXG,14,10.57,34,Train,37
replica3_1OXG_47,1OXG,14,10.57,34,Train,37
replica4_1OXG_47,1OXG,14,10.57,34,Train,37
replica5_1OXG_47,1OXG,14,10.57,34,Train,37
replica1_1OXG_54,1OXG,14,10.57,34,Train,37
replica2_1OXG_54,1OXG,14,10.57,34,Train,37
replica3_1OXG_54,1OXG,14,10.57,34,Train,37
replica4_1OXG_54,1OXG,14,10.57,34,Train,37
replica5_1OXG_54,1OXG,14,10.57,34,Train,37
replica1_1OXG_60,1OXG,14,10.57,34,Train,37
replica2_1OXG_60,1OXG,14,10.57,34,Train,37
replica3_1OXG_60,1OXG,14,10.57,34,Train,37
replica4_1OXG_60,1OXG,14,10.57,34,Train,37
replica5_1OXG_60,1OXG,14,10.57,34,Train,37
replica1_1OXG_67,1OXG,14,10.57,34,Train,37
replica2_1OXG_67,1OXG,14,10.57,34,Train,37
replica3_1OXG_67,1OXG,14,10.57,34,Train,37
replica4_1OXG_67,1OXG,14,10.57,34,Train,37
replica5_1OXG_67,1OXG,14,10.57,34,Train,37
replica1_1OXG_74,1OXG,14,10.57,34,Train,37
replica2_1OXG_74,1OXG,14,10.57,34,Train,37
replica3_1OXG_74,1OXG,14,10.57,34,Train,37
replica4_1OXG_74,1OXG,14,10.57,34,Train,37
replica5_1OXG_74,1OXG,14,10.57,34,Train,37
replica1_1OXG_80,1OXG,14,10.57,34,Train,37
replica2_1OXG_80,1OXG,14,10.57,34,Train,37
replica3_1OXG_80,1OXG,14,10.57,34,Train,37
replica4_1OXG_80,1OXG,14,10.57,34,Train,37
replica5_1OXG_80,1OXG,14,10.57,34,Train,37
replica1_1OXG_87,1OXG,14,10.57,34,Train,37
replica2_1OXG_87,1OXG,14,10.57,34,Train,37
replica3_1OXG_87,1OXG,14,10.57,34,Train,37
replica4_1OXG_87,1OXG,14,10.57,34,Train,37
replica5_1OXG_87,1OXG,14,10.57,34,Train,37
replica1_1OXG_93,1OXG,14,10.57,34,Train,37
replica2_1OXG_93,1OXG,14,10.57,34,Train,37
replica3_1OXG_93,1OXG,14,10.57,34,Train,37
replica4_1OXG_93,1OXG,14,10.57,34,Train,37
replica5_1OXG_93,1OXG,14,10.57,34,Train,37
replica1_1OXG_100,1OXG,14,10.57,34,Train,37
replica2_1OXG_100,1OXG,14,10.57,34,Train,37
replica3_1OXG_100,1OXG,14,10.57,34,Train,37
replica4_1OXG_100,1OXG,14,10.57,34,Train,37
replica5_1OXG_100,1OXG,14,10.57,34,Train,37
replica1_1PZ5_1,1PZ5,8,5.4,10,Test,
replica2_1PZ5_1,1PZ5,8,5.4,10,Test,
replica3_1PZ5_1,1PZ5,8,5.4,10,Test,
replica4_1PZ5_1,1PZ5,8,5.4,10,Test,
replica5_1PZ5_1,1PZ5,8,5.4,10,Test,
replica1_1PZ5_8,1PZ5,8,5.4,10,Test,
replica2_1PZ5_8,1PZ5,8,5.4,10,Test,
replica3_1PZ5_8,1PZ5,8,5.4,10,Test,
replica4_1PZ5_8,1PZ5,8,5.4,10,Test,
replica5_1PZ5_8,1PZ5,8,5.4,10,Test,
replica1_1PZ5_14,1PZ5,8,5.4,10,Test,
replica2_1PZ5_14,1PZ5,8,5.4,10,Test,
replica3_1PZ5_14,1PZ5,8,5.4,10,Test,
replica4_1PZ5_14,1PZ5,8,5.4,10,Test,
replica5_1PZ5_14,1PZ5,8,5.4,10,Test,
replica1_1PZ5_21,1PZ5,8,5.4,10,Test,
replica2_1PZ5_21,1PZ5,8,5.4,10,Test,
replica3_1PZ5_21,1PZ5,8,5.4,10,Test,
replica4_1PZ5_21,1PZ5,8,5.4,10,Test,
replica5_1PZ5_21,1PZ5,8,5.4,10,Test,
replica1_1PZ5_27,1PZ5,8,5.4,10,Test,
replica2_1PZ5_27,1PZ5,8,5.4,10,Test,
replica3_1PZ5_27,1PZ5,8,5.4,10,Test,
replica4_1PZ5_27,1PZ5,8,5.4,10,Test,
replica5_1PZ5_27,1PZ5,8,5.4,10,Test,
replica1_1PZ5_34,1PZ5,8,5.4,10,Test,
replica2_1PZ5_34,1PZ5,8,5.4,10,Test,
replica3_1PZ5_34,1PZ5,8,5.4,10,Test,
replica4_1PZ5_34,1PZ5,8,5.4,10,Test,
replica5_1PZ5_34,1PZ5,8,5.4,10,Test,
replica1_1PZ5_41,1PZ5,8,5.4,10,Test,
replica2_1PZ5_41,1PZ5,8,5.4,10,Test,
replica3_1PZ5_41,1PZ5,8,5.4,10,Test,
replica4_1PZ5_41,1PZ5,8,5.4,10,Test,
replica5_1PZ5_41,1PZ5,8,5.4,10,Test,
replica1_1PZ5_47,1PZ5,8,5.4,10,Test,
replica2_1PZ5_47,1PZ5,8,5.4,10,Test,
replica3_1PZ5_47,1PZ5,8,5.4,10,Test,
replica4_1PZ5_47,1PZ5,8,5.4,10,Test,
replica5_1PZ5_47,1PZ5,8,5.4,10,Test,
replica1_1PZ5_54,1PZ5,8,5.4,10,Test,
replica2_1PZ5_54,1PZ5,8,5.4,10,Test,
replica3_1PZ5_54,1PZ5,8,5.4,10,Test,
replica4_1PZ5_54,1PZ5,8,5.4,10,Test,
replica5_1PZ5_54,1PZ5,8,5.4,10,Test,
replica1_1PZ5_60,1PZ5,8,5.4,10,Test,
replica2_1PZ5_60,1PZ5,8,5.4,10,Test,
replica3_1PZ5_60,1PZ5,8,5.4,10,Test,
replica4_1PZ5_60,1PZ5,8,5.4,10,Test,
replica5_1PZ5_60,1PZ5,8,5.4,10,Test,
replica1_1PZ5_67,1PZ5,8,5.4,10,Test,
replica2_1PZ5_67,1PZ5,8,5.4,10,Test,
replica3_1PZ5_67,1PZ5,8,5.4,10,Test,
replica4_1PZ5_67,1PZ5,8,5.4,10,Test,
replica5_1PZ5_67,1PZ5,8,5.4,10,Test,
replica1_1PZ5_74,1PZ5,8,5.4,10,Test,
replica2_1PZ5_74,1PZ5,8,5.4,10,Test,
replica3_1PZ5_74,1PZ5,8,5.4,10,Test,
replica4_1PZ5_74,1PZ5,8,5.4,10,Test,
replica5_1PZ5_74,1PZ5,8,5.4,10,Test,
replica1_1PZ5_80,1PZ5,8,5.4,10,Test,
replica2_1PZ5_80,1PZ5,8,5.4,10,Test,
replica3_1PZ5_80,1PZ5,8,5.4,10,Test,
replica4_1PZ5_80,1PZ5,8,5.4,10,Test,
replica5_1PZ5_80,1PZ5,8,5.4,10,Test,
replica1_1PZ5_87,1PZ5,8,5.4,10,Test,
replica2_1PZ5_87,1PZ5,8,5.4,10,Test,
replica3_1PZ5_87,1PZ5,8,5.4,10,Test,
replica4_1PZ5_87,1PZ5,8,5.4,10,Test,
replica5_1PZ5_87,1PZ5,8,5.4,10,Test,
replica1_1PZ5_93,1PZ5,8,5.4,10,Test,
replica2_1PZ5_93,1PZ5,8,5.4,10,Test,
replica3_1PZ5_93,1PZ5,8,5.4,10,Test,
replica4_1PZ5_93,1PZ5,8,5.4,10,Test,
replica5_1PZ5_93,1PZ5,8,5.4,10,Test,
replica1_1PZ5_100,1PZ5,8,5.4,10,Test,
replica2_1PZ5_100,1PZ5,8,5.4,10,Test,
replica3_1PZ5_100,1PZ5,8,5.4,10,Test,
replica4_1PZ5_100,1PZ5,8,5.4,10,Test,
replica5_1PZ5_100,1PZ5,8,5.4,10,Test,
replica1_1R5V_1,1R5V,13,4.48,20,Train,38
replica2_1R5V_1,1R5V,13,4.48,20,Train,38
replica3_1R5V_1,1R5V,13,4.48,20,Train,38
replica4_1R5V_1,1R5V,13,4.48,20,Train,38
replica5_1R5V_1,1R5V,13,4.48,20,Train,38
replica1_1R5V_15,1R5V,13,4.48,20,Train,38
replica2_1R5V_15,1R5V,13,4.48,20,Train,38
replica3_1R5V_15,1R5V,13,4.48,20,Train,38
replica4_1R5V_15,1R5V,13,4.48,20,Train,38
replica5_1R5V_15,1R5V,13,4.48,20,Train,38
replica1_1R5V_29,1R5V,13,4.48,20,Train,38
replica2_1R5V_29,1R5V,13,4.48,20,Train,38
replica3_1R5V_29,1R5V,13,4.48,20,Train,38
replica4_1R5V_29,1R5V,13,4.48,20,Train,38
replica5_1R5V_29,1R5V,13,4.48,20,Train,38
replica1_1R5V_43,1R5V,13,4.48,20,Train,38
replica2_1R5V_43,1R5V,13,4.48,20,Train,38
replica3_1R5V_43,1R5V,13,4.48,20,Train,38
replica4_1R5V_43,1R5V,13,4.48,20,Train,38
replica5_1R5V_43,1R5V,13,4.48,20,Train,38
replica1_1R5V_58,1R5V,13,4.48,20,Train,38
replica2_1R5V_58,1R5V,13,4.48,20,Train,38
replica3_1R5V_58,1R5V,13,4.48,20,Train,38
replica4_1R5V_58,1R5V,13,4.48,20,Train,38
replica5_1R5V_58,1R5V,13,4.48,20,Train,38
replica1_1R5V_72,1R5V,13,4.48,20,Train,38
replica2_1R5V_72,1R5V,13,4.48,20,Train,38
replica3_1R5V_72,1R5V,13,4.48,20,Train,38
replica4_1R5V_72,1R5V,13,4.48,20,Train,38
replica5_1R5V_72,1R5V,13,4.48,20,Train,38
replica1_1R5V_86,1R5V,13,4.48,20,Train,38
replica2_1R5V_86,1R5V,13,4.48,20,Train,38
replica3_1R5V_86,1R5V,13,4.48,20,Train,38
replica4_1R5V_86,1R5V,13,4.48,20,Train,38
replica5_1R5V_86,1R5V,13,4.48,20,Train,38
replica1_1R5V_100,1R5V,13,4.48,20,Train,38
replica2_1R5V_100,1R5V,13,4.48,20,Train,38
replica3_1R5V_100,1R5V,13,4.48,20,Train,38
replica4_1R5V_100,1R5V,13,4.48,20,Train,38
replica5_1R5V_100,1R5V,13,4.48,20,Train,38
replica1_1R5W_1,1R5W,13,5.54,35,Train,39
replica2_1R5W_1,1R5W,13,5.54,35,Train,39
replica3_1R5W_1,1R5W,13,5.54,35,Train,39
replica4_1R5W_1,1R5W,13,5.54,35,Train,39
replica5_1R5W_1,1R5W,13,5.54,35,Train,39
replica1_1R5W_15,1R5W,13,5.54,35,Train,39
replica2_1R5W_15,1R5W,13,5.54,35,Train,39
replica3_1R5W_15,1R5W,13,5.54,35,Train,39
replica4_1R5W_15,1R5W,13,5.54,35,Train,39
replica5_1R5W_15,1R5W,13,5.54,35,Train,39
replica1_1R5W_29,1R5W,13,5.54,35,Train,39
replica2_1R5W_29,1R5W,13,5.54,35,Train,39
replica3_1R5W_29,1R5W,13,5.54,35,Train,39
replica4_1R5W_29,1R5W,13,5.54,35,Train,39
replica5_1R5W_29,1R5W,13,5.54,35,Train,39
replica1_1R5W_43,1R5W,13,5.54,35,Train,39
replica2_1R5W_43,1R5W,13,5.54,35,Train,39
replica3_1R5W_43,1R5W,13,5.54,35,Train,39
replica4_1R5W_43,1R5W,13,5.54,35,Train,39
replica5_1R5W_43,1R5W,13,5.54,35,Train,39
replica1_1R5W_58,1R5W,13,5.54,35,Train,39
replica2_1R5W_58,1R5W,13,5.54,35,Train,39
replica3_1R5W_58,1R5W,13,5.54,35,Train,39
replica4_1R5W_58,1R5W,13,5.54,35,Train,39
replica5_1R5W_58,1R5W,13,5.54,35,Train,39
replica1_1R5W_72,1R5W,13,5.54,35,Train,39
replica2_1R5W_72,1R5W,13,5.54,35,Train,39
replica3_1R5W_72,1R5W,13,5.54,35,Train,39
replica4_1R5W_72,1R5W,13,5.54,35,Train,39
replica5_1R5W_72,1R5W,13,5.54,35,Train,39
replica1_1R5W_86,1R5W,13,5.54,35,Train,39
replica2_1R5W_86,1R5W,13,5.54,35,Train,39
replica3_1R5W_86,1R5W,13,5.54,35,Train,39
replica4_1R5W_86,1R5W,13,5.54,35,Train,39
replica5_1R5W_86,1R5W,13,5.54,35,Train,39
replica1_1R5W_100,1R5W,13,5.54,35,Train,39
replica2_1R5W_100,1R5W,13,5.54,35,Train,39
replica3_1R5W_100,1R5W,13,5.54,35,Train,39
replica4_1R5W_100,1R5W,13,5.54,35,Train,39
replica5_1R5W_100,1R5W,13,5.54,35,Train,39
replica1_1RST_1,1RST,9,4.43,36,Train,40
replica2_1RST_1,1RST,9,4.43,36,Train,40
replica3_1RST_1,1RST,9,4.43,36,Train,40
replica4_1RST_1,1RST,9,4.43,36,Train,40
replica5_1RST_1,1RST,9,4.43,36,Train,40
replica1_1RST_15,1RST,9,4.43,36,Train,40
replica2_1RST_15,1RST,9,4.43,36,Train,40
replica3_1RST_15,1RST,9,4.43,36,Train,40
replica4_1RST_15,1RST,9,4.43,36,Train,40
replica5_1RST_15,1RST,9,4.43,36,Train,40
replica1_1RST_29,1RST,9,4.43,36,Train,40
replica2_1RST_29,1RST,9,4.43,36,Train,40
replica3_1RST_29,1RST,9,4.43,36,Train,40
replica4_1RST_29,1RST,9,4.43,36,Train,40
replica5_1RST_29,1RST,9,4.43,36,Train,40
replica1_1RST_43,1RST,9,4.43,36,Train,40
replica2_1RST_43,1RST,9,4.43,36,Train,40
replica3_1RST_43,1RST,9,4.43,36,Train,40
replica4_1RST_43,1RST,9,4.43,36,Train,40
replica5_1RST_43,1RST,9,4.43,36,Train,40
replica1_1RST_58,1RST,9,4.43,36,Train,40
replica2_1RST_58,1RST,9,4.43,36,Train,40
replica3_1RST_58,1RST,9,4.43,36,Train,40
replica4_1RST_58,1RST,9,4.43,36,Train,40
replica5_1RST_58,1RST,9,4.43,36,Train,40
replica1_1RST_72,1RST,9,4.43,36,Train,40
replica2_1RST_72,1RST,9,4.43,36,Train,40
replica3_1RST_72,1RST,9,4.43,36,Train,40
replica4_1RST_72,1RST,9,4.43,36,Train,40
replica5_1RST_72,1RST,9,4.43,36,Train,40
replica1_1RST_86,1RST,9,4.43,36,Train,40
replica2_1RST_86,1RST,9,4.43,36,Train,40
replica3_1RST_86,1RST,9,4.43,36,Train,40
replica4_1RST_86,1RST,9,4.43,36,Train,40
replica5_1RST_86,1RST,9,4.43,36,Train,40
replica1_1RST_100,1RST,9,4.43,36,Train,40
replica2_1RST_100,1RST,9,4.43,36,Train,40
replica3_1RST_100,1RST,9,4.43,36,Train,40
replica4_1RST_100,1RST,9,4.43,36,Train,40
replica5_1RST_100,1RST,9,4.43,36,Train,40
replica1_1SFI_1,1SFI,14,10,37,Train,41
replica2_1SFI_1,1SFI,14,10,37,Train,41
replica3_1SFI_1,1SFI,14,10,37,Train,41
replica4_1SFI_1,1SFI,14,10,37,Train,41
replica5_1SFI_1,1SFI,14,10,37,Train,41
replica1_1SFI_15,1SFI,14,10,37,Train,41
replica2_1SFI_15,1SFI,14,10,37,Train,41
replica3_1SFI_15,1SFI,14,10,37,Train,41
replica4_1SFI_15,1SFI,14,10,37,Train,41
replica5_1SFI_15,1SFI,14,10,37,Train,41
replica1_1SFI_29,1SFI,14,10,37,Train,41
replica2_1SFI_29,1SFI,14,10,37,Train,41
replica3_1SFI_29,1SFI,14,10,37,Train,41
replica4_1SFI_29,1SFI,14,10,37,Train,41
replica5_1SFI_29,1SFI,14,10,37,Train,41
replica1_1SFI_43,1SFI,14,10,37,Train,41
replica2_1SFI_43,1SFI,14,10,37,Train,41
replica3_1SFI_43,1SFI,14,10,37,Train,41
replica4_1SFI_43,1SFI,14,10,37,Train,41
replica5_1SFI_43,1SFI,14,10,37,Train,41
replica1_1SFI_58,1SFI,14,10,37,Train,41
replica2_1SFI_58,1SFI,14,10,37,Train,41
replica3_1SFI_58,1SFI,14,10,37,Train,41
replica4_1SFI_58,1SFI,14,10,37,Train,41
replica5_1SFI_58,1SFI,14,10,37,Train,41
replica1_1SFI_72,1SFI,14,10,37,Train,41
replica2_1SFI_72,1SFI,14,10,37,Train,41
replica3_1SFI_72,1SFI,14,10,37,Train,41
replica4_1SFI_72,1SFI,14,10,37,Train,41
replica5_1SFI_72,1SFI,14,10,37,Train,41
replica1_1SFI_86,1SFI,14,10,37,Train,41
replica2_1SFI_86,1SFI,14,10,37,Train,41
replica3_1SFI_86,1SFI,14,10,37,Train,41
replica4_1SFI_86,1SFI,14,10,37,Train,41
replica5_1SFI_86,1SFI,14,10,37,Train,41
replica1_1SFI_100,1SFI,14,10,37,Train,41
replica2_1SFI_100,1SFI,14,10,37,Train,41
replica3_1SFI_100,1SFI,14,10,37,Train,41
replica4_1SFI_100,1SFI,14,10,37,Train,41
replica5_1SFI_100,1SFI,14,10,37,Train,41
replica1_1SJH_1,1SJH,13,8.05,38,Train,42
replica2_1SJH_1,1SJH,13,8.05,38,Train,42
replica3_1SJH_1,1SJH,13,8.05,38,Train,42
replica4_1SJH_1,1SJH,13,8.05,38,Train,42
replica5_1SJH_1,1SJH,13,8.05,38,Train,42
replica1_1SJH_51,1SJH,13,8.05,38,Train,42
replica2_1SJH_51,1SJH,13,8.05,38,Train,42
replica3_1SJH_51,1SJH,13,8.05,38,Train,42
replica4_1SJH_51,1SJH,13,8.05,38,Train,42
replica5_1SJH_51,1SJH,13,8.05,38,Train,42
replica1_1SJH_100,1SJH,13,8.05,38,Train,42
replica2_1SJH_100,1SJH,13,8.05,38,Train,42
replica3_1SJH_100,1SJH,13,8.05,38,Train,42
replica4_1SJH_100,1SJH,13,8.05,38,Train,42
replica5_1SJH_100,1SJH,13,8.05,38,Train,42
replica1_1SLG_1,1SLG,7,3.9,39,Train,43
replica2_1SLG_1,1SLG,7,3.9,39,Train,43
replica3_1SLG_1,1SLG,7,3.9,39,Train,43
replica4_1SLG_1,1SLG,7,3.9,39,Train,43
replica5_1SLG_1,1SLG,7,3.9,39,Train,43
replica1_1SLG_26,1SLG,7,3.9,39,Train,43
replica2_1SLG_26,1SLG,7,3.9,39,Train,43
replica3_1SLG_26,1SLG,7,3.9,39,Train,43
replica4_1SLG_26,1SLG,7,3.9,39,Train,43
replica5_1SLG_26,1SLG,7,3.9,39,Train,43
replica1_1SLG_51,1SLG,7,3.9,39,Train,43
replica2_1SLG_51,1SLG,7,3.9,39,Train,43
replica3_1SLG_51,1SLG,7,3.9,39,Train,43
replica4_1SLG_51,1SLG,7,3.9,39,Train,43
replica5_1SLG_51,1SLG,7,3.9,39,Train,43
replica1_1SLG_75,1SLG,7,3.9,39,Train,43
replica2_1SLG_75,1SLG,7,3.9,39,Train,43
replica3_1SLG_75,1SLG,7,3.9,39,Train,43
replica4_1SLG_75,1SLG,7,3.9,39,Train,43
replica5_1SLG_75,1SLG,7,3.9,39,Train,43
replica1_1SLG_100,1SLG,7,3.9,39,Train,43
replica2_1SLG_100,1SLG,7,3.9,39,Train,43
replica3_1SLG_100,1SLG,7,3.9,39,Train,43
replica4_1SLG_100,1SLG,7,3.9,39,Train,43
replica5_1SLG_100,1SLG,7,3.9,39,Train,43
replica1_1T08_1,1T08,15,5.51,40,Train,44
replica2_1T08_1,1T08,15,5.51,40,Train,44
replica3_1T08_1,1T08,15,5.51,40,Train,44
replica4_1T08_1,1T08,15,5.51,40,Train,44
replica5_1T08_1,1T08,15,5.51,40,Train,44
replica1_1T08_8,1T08,15,5.51,40,Train,44
replica2_1T08_8,1T08,15,5.51,40,Train,44
replica3_1T08_8,1T08,15,5.51,40,Train,44
replica4_1T08_8,1T08,15,5.51,40,Train,44
replica5_1T08_8,1T08,15,5.51,40,Train,44
replica1_1T08_14,1T08,15,5.51,40,Train,44
replica2_1T08_14,1T08,15,5.51,40,Train,44
replica3_1T08_14,1T08,15,5.51,40,Train,44
replica4_1T08_14,1T08,15,5.51,40,Train,44
replica5_1T08_14,1T08,15,5.51,40,Train,44
replica1_1T08_21,1T08,15,5.51,40,Train,44
replica2_1T08_21,1T08,15,5.51,40,Train,44
replica3_1T08_21,1T08,15,5.51,40,Train,44
replica4_1T08_21,1T08,15,5.51,40,Train,44
replica5_1T08_21,1T08,15,5.51,40,Train,44
replica1_1T08_27,1T08,15,5.51,40,Train,44
replica2_1T08_27,1T08,15,5.51,40,Train,44
replica3_1T08_27,1T08,15,5.51,40,Train,44
replica4_1T08_27,1T08,15,5.51,40,Train,44
replica5_1T08_27,1T08,15,5.51,40,Train,44
replica1_1T08_34,1T08,15,5.51,40,Train,44
replica2_1T08_34,1T08,15,5.51,40,Train,44
replica3_1T08_34,1T08,15,5.51,40,Train,44
replica4_1T08_34,1T08,15,5.51,40,Train,44
replica5_1T08_34,1T08,15,5.51,40,Train,44
replica1_1T08_41,1T08,15,5.51,40,Train,44
replica2_1T08_41,1T08,15,5.51,40,Train,44
replica3_1T08_41,1T08,15,5.51,40,Train,44
replica4_1T08_41,1T08,15,5.51,40,Train,44
replica5_1T08_41,1T08,15,5.51,40,Train,44
replica1_1T08_47,1T08,15,5.51,40,Train,44
replica2_1T08_47,1T08,15,5.51,40,Train,44
replica3_1T08_47,1T08,15,5.51,40,Train,44
replica4_1T08_47,1T08,15,5.51,40,Train,44
replica5_1T08_47,1T08,15,5.51,40,Train,44
replica1_1T08_54,1T08,15,5.51,40,Train,44
replica2_1T08_54,1T08,15,5.51,40,Train,44
replica3_1T08_54,1T08,15,5.51,40,Train,44
replica4_1T08_54,1T08,15,5.51,40,Train,44
replica5_1T08_54,1T08,15,5.51,40,Train,44
replica1_1T08_60,1T08,15,5.51,40,Train,44
replica2_1T08_60,1T08,15,5.51,40,Train,44
replica3_1T08_60,1T08,15,5.51,40,Train,44
replica4_1T08_60,1T08,15,5.51,40,Train,44
replica5_1T08_60,1T08,15,5.51,40,Train,44
replica1_1T08_67,1T08,15,5.51,40,Train,44
replica2_1T08_67,1T08,15,5.51,40,Train,44
replica3_1T08_67,1T08,15,5.51,40,Train,44
replica4_1T08_67,1T08,15,5.51,40,Train,44
replica5_1T08_67,1T08,15,5.51,40,Train,44
replica1_1T08_74,1T08,15,5.51,40,Train,44
replica2_1T08_74,1T08,15,5.51,40,Train,44
replica3_1T08_74,1T08,15,5.51,40,Train,44
replica4_1T08_74,1T08,15,5.51,40,Train,44
replica5_1T08_74,1T08,15,5.51,40,Train,44
replica1_1T08_80,1T08,15,5.51,40,Train,44
replica2_1T08_80,1T08,15,5.51,40,Train,44
replica3_1T08_80,1T08,15,5.51,40,Train,44
replica4_1T08_80,1T08,15,5.51,40,Train,44
replica5_1T08_80,1T08,15,5.51,40,Train,44
replica1_1T08_87,1T08,15,5.51,40,Train,44
replica2_1T08_87,1T08,15,5.51,40,Train,44
replica3_1T08_87,1T08,15,5.51,40,Train,44
replica4_1T08_87,1T08,15,5.51,40,Train,44
replica5_1T08_87,1T08,15,5.51,40,Train,44
replica1_1T08_93,1T08,15,5.51,40,Train,44
replica2_1T08_93,1T08,15,5.51,40,Train,44
replica3_1T08_93,1T08,15,5.51,40,Train,44
replica4_1T08_93,1T08,15,5.51,40,Train,44
replica5_1T08_93,1T08,15,5.51,40,Train,44
replica1_1T08_100,1T08,15,5.51,40,Train,44
replica2_1T08_100,1T08,15,5.51,40,Train,44
replica3_1T08_100,1T08,15,5.51,40,Train,44
replica4_1T08_100,1T08,15,5.51,40,Train,44
replica5_1T08_100,1T08,15,5.51,40,Train,44
replica1_1T37_1,1T37,5,4.35,41,Train,45
replica2_1T37_1,1T37,5,4.35,41,Train,45
replica3_1T37_1,1T37,5,4.35,41,Train,45
replica4_1T37_1,1T37,5,4.35,41,Train,45
replica5_1T37_1,1T37,5,4.35,41,Train,45
replica1_1T37_26,1T37,5,4.35,41,Train,45
replica2_1T37_26,1T37,5,4.35,41,Train,45
replica3_1T37_26,1T37,5,4.35,41,Train,45
replica4_1T37_26,1T37,5,4.35,41,Train,45
replica5_1T37_26,1T37,5,4.35,41,Train,45
replica1_1T37_51,1T37,5,4.35,41,Train,45
replica2_1T37_51,1T37,5,4.35,41,Train,45
replica3_1T37_51,1T37,5,4.35,41,Train,45
replica4_1T37_51,1T37,5,4.35,41,Train,45
replica5_1T37_51,1T37,5,4.35,41,Train,45
replica1_1T37_75,1T37,5,4.35,41,Train,45
replica2_1T37_75,1T37,5,4.35,41,Train,45
replica3_1T37_75,1T37,5,4.35,41,Train,45
replica4_1T37_75,1T37,5,4.35,41,Train,45
replica5_1T37_75,1T37,5,4.35,41,Train,45
replica1_1T37_100,1T37,5,4.35,41,Train,45
replica2_1T37_100,1T37,5,4.35,41,Train,45
replica3_1T37_100,1T37,5,4.35,41,Train,45
replica4_1T37_100,1T37,5,4.35,41,Train,45
replica5_1T37_100,1T37,5,4.35,41,Train,45
replica1_1UJ0_1,1UJ0,11,4.56864,5,Test,
replica2_1UJ0_1,1UJ0,11,4.56864,5,Test,
replica3_1UJ0_1,1UJ0,11,4.56864,5,Test,
replica4_1UJ0_1,1UJ0,11,4.56864,5,Test,
replica5_1UJ0_1,1UJ0,11,4.56864,5,Test,
replica1_1UJ0_8,1UJ0,11,4.56864,5,Test,
replica2_1UJ0_8,1UJ0,11,4.56864,5,Test,
replica3_1UJ0_8,1UJ0,11,4.56864,5,Test,
replica4_1UJ0_8,1UJ0,11,4.56864,5,Test,
replica5_1UJ0_8,1UJ0,11,4.56864,5,Test,
replica1_1UJ0_14,1UJ0,11,4.56864,5,Test,
replica2_1UJ0_14,1UJ0,11,4.56864,5,Test,
replica3_1UJ0_14,1UJ0,11,4.56864,5,Test,
replica4_1UJ0_14,1UJ0,11,4.56864,5,Test,
replica5_1UJ0_14,1UJ0,11,4.56864,5,Test,
replica1_1UJ0_21,1UJ0,11,4.56864,5,Test,
replica2_1UJ0_21,1UJ0,11,4.56864,5,Test,
replica3_1UJ0_21,1UJ0,11,4.56864,5,Test,
replica4_1UJ0_21,1UJ0,11,4.56864,5,Test,
replica5_1UJ0_21,1UJ0,11,4.56864,5,Test,
replica1_1UJ0_27,1UJ0,11,4.56864,5,Test,
replica2_1UJ0_27,1UJ0,11,4.56864,5,Test,
replica3_1UJ0_27,1UJ0,11,4.56864,5,Test,
replica4_1UJ0_27,1UJ0,11,4.56864,5,Test,
replica5_1UJ0_27,1UJ0,11,4.56864,5,Test,
replica1_1UJ0_34,1UJ0,11,4.56864,5,Test,
replica2_1UJ0_34,1UJ0,11,4.56864,5,Test,
replica3_1UJ0_34,1UJ0,11,4.56864,5,Test,
replica4_1UJ0_34,1UJ0,11,4.56864,5,Test,
replica5_1UJ0_34,1UJ0,11,4.56864,5,Test,
replica1_1UJ0_41,1UJ0,11,4.56864,5,Test,
replica2_1UJ0_41,1UJ0,11,4.56864,5,Test,
replica3_1UJ0_41,1UJ0,11,4.56864,5,Test,
replica4_1UJ0_41,1UJ0,11,4.56864,5,Test,
replica5_1UJ0_41,1UJ0,11,4.56864,5,Test,
replica1_1UJ0_47,1UJ0,11,4.56864,5,Test,
replica2_1UJ0_47,1UJ0,11,4.56864,5,Test,
replica3_1UJ0_47,1UJ0,11,4.56864,5,Test,
replica4_1UJ0_47,1UJ0,11,4.56864,5,Test,
replica5_1UJ0_47,1UJ0,11,4.56864,5,Test,
replica1_1UJ0_54,1UJ0,11,4.56864,5,Test,
replica2_1UJ0_54,1UJ0,11,4.56864,5,Test,
replica3_1UJ0_54,1UJ0,11,4.56864,5,Test,
replica4_1UJ0_54,1UJ0,11,4.56864,5,Test,
replica5_1UJ0_54,1UJ0,11,4.56864,5,Test,
replica1_1UJ0_60,1UJ0,11,4.56864,5,Test,
replica2_1UJ0_60,1UJ0,11,4.56864,5,Test,
replica3_1UJ0_60,1UJ0,11,4.56864,5,Test,
replica4_1UJ0_60,1UJ0,11,4.56864,5,Test,
replica5_1UJ0_60,1UJ0,11,4.56864,5,Test,
replica1_1UJ0_67,1UJ0,11,4.56864,5,Test,
replica2_1UJ0_67,1UJ0,11,4.56864,5,Test,
replica3_1UJ0_67,1UJ0,11,4.56864,5,Test,
replica4_1UJ0_67,1UJ0,11,4.56864,5,Test,
replica5_1UJ0_67,1UJ0,11,4.56864,5,Test,
replica1_1UJ0_74,1UJ0,11,4.56864,5,Test,
replica2_1UJ0_74,1UJ0,11,4.56864,5,Test,
replica3_1UJ0_74,1UJ0,11,4.56864,5,Test,
replica4_1UJ0_74,1UJ0,11,4.56864,5,Test,
replica5_1UJ0_74,1UJ0,11,4.56864,5,Test,
replica1_1UJ0_80,1UJ0,11,4.56864,5,Test,
replica2_1UJ0_80,1UJ0,11,4.56864,5,Test,
replica3_1UJ0_80,1UJ0,11,4.56864,5,Test,
replica4_1UJ0_80,1UJ0,11,4.56864,5,Test,
replica5_1UJ0_80,1UJ0,11,4.56864,5,Test,
replica1_1UJ0_87,1UJ0,11,4.56864,5,Test,
replica2_1UJ0_87,1UJ0,11,4.56864,5,Test,
replica3_1UJ0_87,1UJ0,11,4.56864,5,Test,
replica4_1UJ0_87,1UJ0,11,4.56864,5,Test,
replica5_1UJ0_87,1UJ0,11,4.56864,5,Test,
replica1_1UJ0_93,1UJ0,11,4.56864,5,Test,
replica2_1UJ0_93,1UJ0,11,4.56864,5,Test,
replica3_1UJ0_93,1UJ0,11,4.56864,5,Test,
replica4_1UJ0_93,1UJ0,11,4.56864,5,Test,
replica5_1UJ0_93,1UJ0,11,4.56864,5,Test,
replica1_1UJ0_100,1UJ0,11,4.56864,5,Test,
replica2_1UJ0_100,1UJ0,11,4.56864,5,Test,
replica3_1UJ0_100,1UJ0,11,4.56864,5,Test,
replica4_1UJ0_100,1UJ0,11,4.56864,5,Test,
replica5_1UJ0_100,1UJ0,11,4.56864,5,Test,
replica1_1UKH_1,1UKH,11,6.37675,42,Train,46
replica2_1UKH_1,1UKH,11,6.37675,42,Train,46
replica3_1UKH_1,1UKH,11,6.37675,42,Train,46
replica4_1UKH_1,1UKH,11,6.37675,42,Train,46
replica5_1UKH_1,1UKH,11,6.37675,42,Train,46
replica1_1UKH_34,1UKH,11,6.37675,42,Train,46
replica2_1UKH_34,1UKH,11,6.37675,42,Train,46
replica3_1UKH_34,1UKH,11,6.37675,42,Train,46
replica4_1UKH_34,1UKH,11,6.37675,42,Train,46
replica5_1UKH_34,1UKH,11,6.37675,42,Train,46
replica1_1UKH_67,1UKH,11,6.37675,42,Train,46
replica2_1UKH_67,1UKH,11,6.37675,42,Train,46
replica3_1UKH_67,1UKH,11,6.37675,42,Train,46
replica4_1UKH_67,1UKH,11,6.37675,42,Train,46
replica5_1UKH_67,1UKH,11,6.37675,42,Train,46
replica1_1UKH_100,1UKH,11,6.37675,42,Train,46
replica2_1UKH_100,1UKH,11,6.37675,42,Train,46
replica3_1UKH_100,1UKH,11,6.37675,42,Train,46
replica4_1UKH_100,1UKH,11,6.37675,42,Train,46
replica5_1UKH_100,1UKH,11,6.37675,42,Train,46
replica1_1UPK_1,1UPK,4,6.39794,43,Train,47
replica2_1UPK_1,1UPK,4,6.39794,43,Train,47
replica3_1UPK_1,1UPK,4,6.39794,43,Train,47
replica4_1UPK_1,1UPK,4,6.39794,43,Train,47
replica5_1UPK_1,1UPK,4,6.39794,43,Train,47
replica1_1UPK_8,1UPK,4,6.39794,43,Train,47
replica2_1UPK_8,1UPK,4,6.39794,43,Train,47
replica3_1UPK_8,1UPK,4,6.39794,43,Train,47
replica4_1UPK_8,1UPK,4,6.39794,43,Train,47
replica5_1UPK_8,1UPK,4,6.39794,43,Train,47
replica1_1UPK_14,1UPK,4,6.39794,43,Train,47
replica2_1UPK_14,1UPK,4,6.39794,43,Train,47
replica3_1UPK_14,1UPK,4,6.39794,43,Train,47
replica4_1UPK_14,1UPK,4,6.39794,43,Train,47
replica5_1UPK_14,1UPK,4,6.39794,43,Train,47
replica1_1UPK_21,1UPK,4,6.39794,43,Train,47
replica2_1UPK_21,1UPK,4,6.39794,43,Train,47
replica3_1UPK_21,1UPK,4,6.39794,43,Train,47
replica4_1UPK_21,1UPK,4,6.39794,43,Train,47
replica5_1UPK_21,1UPK,4,6.39794,43,Train,47
replica1_1UPK_27,1UPK,4,6.39794,43,Train,47
replica2_1UPK_27,1UPK,4,6.39794,43,Train,47
replica3_1UPK_27,1UPK,4,6.39794,43,Train,47
replica4_1UPK_27,1UPK,4,6.39794,43,Train,47
replica5_1UPK_27,1UPK,4,6.39794,43,Train,47
replica1_1UPK_34,1UPK,4,6.39794,43,Train,47
replica2_1UPK_34,1UPK,4,6.39794,43,Train,47
replica3_1UPK_34,1UPK,4,6.39794,43,Train,47
replica4_1UPK_34,1UPK,4,6.39794,43,Train,47
replica5_1UPK_34,1UPK,4,6.39794,43,Train,47
replica1_1UPK_41,1UPK,4,6.39794,43,Train,47
replica2_1UPK_41,1UPK,4,6.39794,43,Train,47
replica3_1UPK_41,1UPK,4,6.39794,43,Train,47
replica4_1UPK_41,1UPK,4,6.39794,43,Train,47
replica5_1UPK_41,1UPK,4,6.39794,43,Train,47
replica1_1UPK_47,1UPK,4,6.39794,43,Train,47
replica2_1UPK_47,1UPK,4,6.39794,43,Train,47
replica3_1UPK_47,1UPK,4,6.39794,43,Train,47
replica4_1UPK_47,1UPK,4,6.39794,43,Train,47
replica5_1UPK_47,1UPK,4,6.39794,43,Train,47
replica1_1UPK_54,1UPK,4,6.39794,43,Train,47
replica2_1UPK_54,1UPK,4,6.39794,43,Train,47
replica3_1UPK_54,1UPK,4,6.39794,43,Train,47
replica4_1UPK_54,1UPK,4,6.39794,43,Train,47
replica5_1UPK_54,1UPK,4,6.39794,43,Train,47
replica1_1UPK_60,1UPK,4,6.39794,43,Train,47
replica2_1UPK_60,1UPK,4,6.39794,43,Train,47
replica3_1UPK_60,1UPK,4,6.39794,43,Train,47
replica4_1UPK_60,1UPK,4,6.39794,43,Train,47
replica5_1UPK_60,1UPK,4,6.39794,43,Train,47
replica1_1UPK_67,1UPK,4,6.39794,43,Train,47
replica2_1UPK_67,1UPK,4,6.39794,43,Train,47
replica3_1UPK_67,1UPK,4,6.39794,43,Train,47
replica4_1UPK_67,1UPK,4,6.39794,43,Train,47
replica5_1UPK_67,1UPK,4,6.39794,43,Train,47
replica1_1UPK_74,1UPK,4,6.39794,43,Train,47
replica2_1UPK_74,1UPK,4,6.39794,43,Train,47
replica3_1UPK_74,1UPK,4,6.39794,43,Train,47
replica4_1UPK_74,1UPK,4,6.39794,43,Train,47
replica5_1UPK_74,1UPK,4,6.39794,43,Train,47
replica1_1UPK_80,1UPK,4,6.39794,43,Train,47
replica2_1UPK_80,1UPK,4,6.39794,43,Train,47
replica3_1UPK_80,1UPK,4,6.39794,43,Train,47
replica4_1UPK_80,1UPK,4,6.39794,43,Train,47
replica5_1UPK_80,1UPK,4,6.39794,43,Train,47
replica1_1UPK_87,1UPK,4,6.39794,43,Train,47
replica2_1UPK_87,1UPK,4,6.39794,43,Train,47
replica3_1UPK_87,1UPK,4,6.39794,43,Train,47
replica4_1UPK_87,1UPK,4,6.39794,43,Train,47
replica5_1UPK_87,1UPK,4,6.39794,43,Train,47
replica1_1UPK_93,1UPK,4,6.39794,43,Train,47
replica2_1UPK_93,1UPK,4,6.39794,43,Train,47
replica3_1UPK_93,1UPK,4,6.39794,43,Train,47
replica4_1UPK_93,1UPK,4,6.39794,43,Train,47
replica5_1UPK_93,1UPK,4,6.39794,43,Train,47
replica1_1UPK_100,1UPK,4,6.39794,43,Train,47
replica2_1UPK_100,1UPK,4,6.39794,43,Train,47
replica3_1UPK_100,1UPK,4,6.39794,43,Train,47
replica4_1UPK_100,1UPK,4,6.39794,43,Train,47
replica5_1UPK_100,1UPK,4,6.39794,43,Train,47
replica1_1UTC_1,1UTC,9,4.55,44,Train,48
replica2_1UTC_1,1UTC,9,4.55,44,Train,48
replica3_1UTC_1,1UTC,9,4.55,44,Train,48
replica4_1UTC_1,1UTC,9,4.55,44,Train,48
replica5_1UTC_1,1UTC,9,4.55,44,Train,48
replica1_1UTC_8,1UTC,9,4.55,44,Train,48
replica2_1UTC_8,1UTC,9,4.55,44,Train,48
replica3_1UTC_8,1UTC,9,4.55,44,Train,48
replica4_1UTC_8,1UTC,9,4.55,44,Train,48
replica5_1UTC_8,1UTC,9,4.55,44,Train,48
replica1_1UTC_14,1UTC,9,4.55,44,Train,48
replica2_1UTC_14,1UTC,9,4.55,44,Train,48
replica3_1UTC_14,1UTC,9,4.55,44,Train,48
replica4_1UTC_14,1UTC,9,4.55,44,Train,48
replica5_1UTC_14,1UTC,9,4.55,44,Train,48
replica1_1UTC_21,1UTC,9,4.55,44,Train,48
replica2_1UTC_21,1UTC,9,4.55,44,Train,48
replica3_1UTC_21,1UTC,9,4.55,44,Train,48
replica4_1UTC_21,1UTC,9,4.55,44,Train,48
replica5_1UTC_21,1UTC,9,4.55,44,Train,48
replica1_1UTC_27,1UTC,9,4.55,44,Train,48
replica2_1UTC_27,1UTC,9,4.55,44,Train,48
replica3_1UTC_27,1UTC,9,4.55,44,Train,48
replica4_1UTC_27,1UTC,9,4.55,44,Train,48
replica5_1UTC_27,1UTC,9,4.55,44,Train,48
replica1_1UTC_34,1UTC,9,4.55,44,Train,48
replica2_1UTC_34,1UTC,9,4.55,44,Train,48
replica3_1UTC_34,1UTC,9,4.55,44,Train,48
replica4_1UTC_34,1UTC,9,4.55,44,Train,48
replica5_1UTC_34,1UTC,9,4.55,44,Train,48
replica1_1UTC_41,1UTC,9,4.55,44,Train,48
replica2_1UTC_41,1UTC,9,4.55,44,Train,48
replica3_1UTC_41,1UTC,9,4.55,44,Train,48
replica4_1UTC_41,1UTC,9,4.55,44,Train,48
replica5_1UTC_41,1UTC,9,4.55,44,Train,48
replica1_1UTC_47,1UTC,9,4.55,44,Train,48
replica2_1UTC_47,1UTC,9,4.55,44,Train,48
replica3_1UTC_47,1UTC,9,4.55,44,Train,48
replica4_1UTC_47,1UTC,9,4.55,44,Train,48
replica5_1UTC_47,1UTC,9,4.55,44,Train,48
replica1_1UTC_54,1UTC,9,4.55,44,Train,48
replica2_1UTC_54,1UTC,9,4.55,44,Train,48
replica3_1UTC_54,1UTC,9,4.55,44,Train,48
replica4_1UTC_54,1UTC,9,4.55,44,Train,48
replica5_1UTC_54,1UTC,9,4.55,44,Train,48
replica1_1UTC_60,1UTC,9,4.55,44,Train,48
replica2_1UTC_60,1UTC,9,4.55,44,Train,48
replica3_1UTC_60,1UTC,9,4.55,44,Train,48
replica4_1UTC_60,1UTC,9,4.55,44,Train,48
replica5_1UTC_60,1UTC,9,4.55,44,Train,48
replica1_1UTC_67,1UTC,9,4.55,44,Train,48
replica2_1UTC_67,1UTC,9,4.55,44,Train,48
replica3_1UTC_67,1UTC,9,4.55,44,Train,48
replica4_1UTC_67,1UTC,9,4.55,44,Train,48
replica5_1UTC_67,1UTC,9,4.55,44,Train,48
replica1_1UTC_74,1UTC,9,4.55,44,Train,48
replica2_1UTC_74,1UTC,9,4.55,44,Train,48
replica3_1UTC_74,1UTC,9,4.55,44,Train,48
replica4_1UTC_74,1UTC,9,4.55,44,Train,48
replica5_1UTC_74,1UTC,9,4.55,44,Train,48
replica1_1UTC_80,1UTC,9,4.55,44,Train,48
replica2_1UTC_80,1UTC,9,4.55,44,Train,48
replica3_1UTC_80,1UTC,9,4.55,44,Train,48
replica4_1UTC_80,1UTC,9,4.55,44,Train,48
replica5_1UTC_80,1UTC,9,4.55,44,Train,48
replica1_1UTC_87,1UTC,9,4.55,44,Train,48
replica2_1UTC_87,1UTC,9,4.55,44,Train,48
replica3_1UTC_87,1UTC,9,4.55,44,Train,48
replica4_1UTC_87,1UTC,9,4.55,44,Train,48
replica5_1UTC_87,1UTC,9,4.55,44,Train,48
replica1_1UTC_93,1UTC,9,4.55,44,Train,48
replica2_1UTC_93,1UTC,9,4.55,44,Train,48
replica3_1UTC_93,1UTC,9,4.55,44,Train,48
replica4_1UTC_93,1UTC,9,4.55,44,Train,48
replica5_1UTC_93,1UTC,9,4.55,44,Train,48
replica1_1UTC_100,1UTC,9,4.55,44,Train,48
replica2_1UTC_100,1UTC,9,4.55,44,Train,48
replica3_1UTC_100,1UTC,9,4.55,44,Train,48
replica4_1UTC_100,1UTC,9,4.55,44,Train,48
replica5_1UTC_100,1UTC,9,4.55,44,Train,48
replica1_1X11_1,1X11,13,6.49,45,Test,
replica2_1X11_1,1X11,13,6.49,45,Test,
replica3_1X11_1,1X11,13,6.49,45,Test,
replica4_1X11_1,1X11,13,6.49,45,Test,
replica5_1X11_1,1X11,13,6.49,45,Test,
replica1_1X11_15,1X11,13,6.49,45,Test,
replica2_1X11_15,1X11,13,6.49,45,Test,
replica3_1X11_15,1X11,13,6.49,45,Test,
replica4_1X11_15,1X11,13,6.49,45,Test,
replica5_1X11_15,1X11,13,6.49,45,Test,
replica1_1X11_29,1X11,13,6.49,45,Test,
replica2_1X11_29,1X11,13,6.49,45,Test,
replica3_1X11_29,1X11,13,6.49,45,Test,
replica4_1X11_29,1X11,13,6.49,45,Test,
replica5_1X11_29,1X11,13,6.49,45,Test,
replica1_1X11_43,1X11,13,6.49,45,Test,
replica2_1X11_43,1X11,13,6.49,45,Test,
replica3_1X11_43,1X11,13,6.49,45,Test,
replica4_1X11_43,1X11,13,6.49,45,Test,
replica5_1X11_43,1X11,13,6.49,45,Test,
replica1_1X11_58,1X11,13,6.49,45,Test,
replica2_1X11_58,1X11,13,6.49,45,Test,
replica3_1X11_58,1X11,13,6.49,45,Test,
replica4_1X11_58,1X11,13,6.49,45,Test,
replica5_1X11_58,1X11,13,6.49,45,Test,
replica1_1X11_72,1X11,13,6.49,45,Test,
replica2_1X11_72,1X11,13,6.49,45,Test,
replica3_1X11_72,1X11,13,6.49,45,Test,
replica4_1X11_72,1X11,13,6.49,45,Test,
replica5_1X11_72,1X11,13,6.49,45,Test,
replica1_1X11_86,1X11,13,6.49,45,Test,
replica2_1X11_86,1X11,13,6.49,45,Test,
replica3_1X11_86,1X11,13,6.49,45,Test,
replica4_1X11_86,1X11,13,6.49,45,Test,
replica5_1X11_86,1X11,13,6.49,45,Test,
replica1_1X11_100,1X11,13,6.49,45,Test,
replica2_1X11_100,1X11,13,6.49,45,Test,
replica3_1X11_100,1X11,13,6.49,45,Test,
replica4_1X11_100,1X11,13,6.49,45,Test,
replica5_1X11_100,1X11,13,6.49,45,Test,
replica1_1XR8_1,1XR8,9,6.69897,12,Train,49
replica2_1XR8_1,1XR8,9,6.69897,12,Train,49
replica3_1XR8_1,1XR8,9,6.69897,12,Train,49
replica4_1XR8_1,1XR8,9,6.69897,12,Train,49
replica5_1XR8_1,1XR8,9,6.69897,12,Train,49
replica1_1XR8_26,1XR8,9,6.69897,12,Train,49
replica2_1XR8_26,1XR8,9,6.69897,12,Train,49
replica3_1XR8_26,1XR8,9,6.69897,12,Train,49
replica4_1XR8_26,1XR8,9,6.69897,12,Train,49
replica5_1XR8_26,1XR8,9,6.69897,12,Train,49
replica1_1XR8_51,1XR8,9,6.69897,12,Train,49
replica2_1XR8_51,1XR8,9,6.69897,12,Train,49
replica3_1XR8_51,1XR8,9,6.69897,12,Train,49
replica4_1XR8_51,1XR8,9,6.69897,12,Train,49
replica5_1XR8_51,1XR8,9,6.69897,12,Train,49
replica1_1XR8_75,1XR8,9,6.69897,12,Train,49
replica2_1XR8_75,1XR8,9,6.69897,12,Train,49
replica3_1XR8_75,1XR8,9,6.69897,12,Train,49
replica4_1XR8_75,1XR8,9,6.69897,12,Train,49
replica5_1XR8_75,1XR8,9,6.69897,12,Train,49
replica1_1XR8_100,1XR8,9,6.69897,12,Train,49
replica2_1XR8_100,1XR8,9,6.69897,12,Train,49
replica3_1XR8_100,1XR8,9,6.69897,12,Train,49
replica4_1XR8_100,1XR8,9,6.69897,12,Train,49
replica5_1XR8_100,1XR8,9,6.69897,12,Train,49
replica1_1XR9_1,1XR9,9,7.1549,12,Train,50
replica2_1XR9_1,1XR9,9,7.1549,12,Train,50
replica3_1XR9_1,1XR9,9,7.1549,12,Train,50
replica4_1XR9_1,1XR9,9,7.1549,12,Train,50
replica5_1XR9_1,1XR9,9,7.1549,12,Train,50
replica1_1XR9_26,1XR9,9,7.1549,12,Train,50
replica2_1XR9_26,1XR9,9,7.1549,12,Train,50
replica3_1XR9_26,1XR9,9,7.1549,12,Train,50
replica4_1XR9_26,1XR9,9,7.1549,12,Train,50
replica5_1XR9_26,1XR9,9,7.1549,12,Train,50
replica1_1XR9_51,1XR9,9,7.1549,12,Train,50
replica2_1XR9_51,1XR9,9,7.1549,12,Train,50
replica3_1XR9_51,1XR9,9,7.1549,12,Train,50
replica4_1XR9_51,1XR9,9,7.1549,12,Train,50
replica5_1XR9_51,1XR9,9,7.1549,12,Train,50
replica1_1XR9_75,1XR9,9,7.1549,12,Train,50
replica2_1XR9_75,1XR9,9,7.1549,12,Train,50
replica3_1XR9_75,1XR9,9,7.1549,12,Train,50
replica4_1XR9_75,1XR9,9,7.1549,12,Train,50
replica5_1XR9_75,1XR9,9,7.1549,12,Train,50
replica1_1XR9_100,1XR9,9,7.1549,12,Train,50
replica2_1XR9_100,1XR9,9,7.1549,12,Train,50
replica3_1XR9_100,1XR9,9,7.1549,12,Train,50
replica4_1XR9_100,1XR9,9,7.1549,12,Train,50
replica5_1XR9_100,1XR9,9,7.1549,12,Train,50
replica1_1Y2A_1,1Y2A,10,7.33914,46,Train,51
replica2_1Y2A_1,1Y2A,10,7.33914,46,Train,51
replica3_1Y2A_1,1Y2A,10,7.33914,46,Train,51
replica4_1Y2A_1,1Y2A,10,7.33914,46,Train,51
replica5_1Y2A_1,1Y2A,10,7.33914,46,Train,51
replica1_1Y2A_26,1Y2A,10,7.33914,46,Train,51
replica2_1Y2A_26,1Y2A,10,7.33914,46,Train,51
replica3_1Y2A_26,1Y2A,10,7.33914,46,Train,51
replica4_1Y2A_26,1Y2A,10,7.33914,46,Train,51
replica5_1Y2A_26,1Y2A,10,7.33914,46,Train,51
replica1_1Y2A_51,1Y2A,10,7.33914,46,Train,51
replica2_1Y2A_51,1Y2A,10,7.33914,46,Train,51
replica3_1Y2A_51,1Y2A,10,7.33914,46,Train,51
replica4_1Y2A_51,1Y2A,10,7.33914,46,Train,51
replica5_1Y2A_51,1Y2A,10,7.33914,46,Train,51
replica1_1Y2A_75,1Y2A,10,7.33914,46,Train,51
replica2_1Y2A_75,1Y2A,10,7.33914,46,Train,51
replica3_1Y2A_75,1Y2A,10,7.33914,46,Train,51
replica4_1Y2A_75,1Y2A,10,7.33914,46,Train,51
replica5_1Y2A_75,1Y2A,10,7.33914,46,Train,51
replica1_1Y2A_100,1Y2A,10,7.33914,46,Train,51
replica2_1Y2A_100,1Y2A,10,7.33914,46,Train,51
replica3_1Y2A_100,1Y2A,10,7.33914,46,Train,51
replica4_1Y2A_100,1Y2A,10,7.33914,46,Train,51
replica5_1Y2A_100,1Y2A,10,7.33914,46,Train,51
replica1_1YY6_1,1YY6,10,6.0655,47,Test,
replica2_1YY6_1,1YY6,10,6.0655,47,Test,
replica3_1YY6_1,1YY6,10,6.0655,47,Test,
replica4_1YY6_1,1YY6,10,6.0655,47,Test,
replica5_1YY6_1,1YY6,10,6.0655,47,Test,
replica1_1YY6_26,1YY6,10,6.0655,47,Test,
replica2_1YY6_26,1YY6,10,6.0655,47,Test,
replica3_1YY6_26,1YY6,10,6.0655,47,Test,
replica4_1YY6_26,1YY6,10,6.0655,47,Test,
replica5_1YY6_26,1YY6,10,6.0655,47,Test,
replica1_1YY6_51,1YY6,10,6.0655,47,Test,
replica2_1YY6_51,1YY6,10,6.0655,47,Test,
replica3_1YY6_51,1YY6,10,6.0655,47,Test,
replica4_1YY6_51,1YY6,10,6.0655,47,Test,
replica5_1YY6_51,1YY6,10,6.0655,47,Test,
replica1_1YY6_75,1YY6,10,6.0655,47,Test,
replica2_1YY6_75,1YY6,10,6.0655,47,Test,
replica3_1YY6_75,1YY6,10,6.0655,47,Test,
replica4_1YY6_75,1YY6,10,6.0655,47,Test,
replica5_1YY6_75,1YY6,10,6.0655,47,Test,
replica1_1YY6_100,1YY6,10,6.0655,47,Test,
replica2_1YY6_100,1YY6,10,6.0655,47,Test,
replica3_1YY6_100,1YY6,10,6.0655,47,Test,
replica4_1YY6_100,1YY6,10,6.0655,47,Test,
replica5_1YY6_100,1YY6,10,6.0655,47,Test,
replica1_1ZHK_1,1ZHK,13,4.45,12,Train,52
replica2_1ZHK_1,1ZHK,13,4.45,12,Train,52
replica3_1ZHK_1,1ZHK,13,4.45,12,Train,52
replica4_1ZHK_1,1ZHK,13,4.45,12,Train,52
replica5_1ZHK_1,1ZHK,13,4.45,12,Train,52
replica1_1ZHL_1,1ZHL,13,5,12,Train,53
replica2_1ZHL_1,1ZHL,13,5,12,Train,53
replica3_1ZHL_1,1ZHL,13,5,12,Train,53
replica4_1ZHL_1,1ZHL,13,5,12,Train,53
replica5_1ZHL_1,1ZHL,13,5,12,Train,53
replica1_1ZKK_1,1ZKK,10,4.48,48,Train,54
replica2_1ZKK_1,1ZKK,10,4.48,48,Train,54
replica3_1ZKK_1,1ZKK,10,4.48,48,Train,54
replica4_1ZKK_1,1ZKK,10,4.48,48,Train,54
replica5_1ZKK_1,1ZKK,10,4.48,48,Train,54
replica1_1ZKK_8,1ZKK,10,4.48,48,Train,54
replica2_1ZKK_8,1ZKK,10,4.48,48,Train,54
replica3_1ZKK_8,1ZKK,10,4.48,48,Train,54
replica4_1ZKK_8,1ZKK,10,4.48,48,Train,54
replica5_1ZKK_8,1ZKK,10,4.48,48,Train,54
replica1_1ZKK_14,1ZKK,10,4.48,48,Train,54
replica2_1ZKK_14,1ZKK,10,4.48,48,Train,54
replica3_1ZKK_14,1ZKK,10,4.48,48,Train,54
replica4_1ZKK_14,1ZKK,10,4.48,48,Train,54
replica5_1ZKK_14,1ZKK,10,4.48,48,Train,54
replica1_1ZKK_21,1ZKK,10,4.48,48,Train,54
replica2_1ZKK_21,1ZKK,10,4.48,48,Train,54
replica3_1ZKK_21,1ZKK,10,4.48,48,Train,54
replica4_1ZKK_21,1ZKK,10,4.48,48,Train,54
replica5_1ZKK_21,1ZKK,10,4.48,48,Train,54
replica1_1ZKK_27,1ZKK,10,4.48,48,Train,54
replica2_1ZKK_27,1ZKK,10,4.48,48,Train,54
replica3_1ZKK_27,1ZKK,10,4.48,48,Train,54
replica4_1ZKK_27,1ZKK,10,4.48,48,Train,54
replica5_1ZKK_27,1ZKK,10,4.48,48,Train,54
replica1_1ZKK_34,1ZKK,10,4.48,48,Train,54
replica2_1ZKK_34,1ZKK,10,4.48,48,Train,54
replica3_1ZKK_34,1ZKK,10,4.48,48,Train,54
replica4_1ZKK_34,1ZKK,10,4.48,48,Train,54
replica5_1ZKK_34,1ZKK,10,4.48,48,Train,54
replica1_1ZKK_41,1ZKK,10,4.48,48,Train,54
replica2_1ZKK_41,1ZKK,10,4.48,48,Train,54
replica3_1ZKK_41,1ZKK,10,4.48,48,Train,54
replica4_1ZKK_41,1ZKK,10,4.48,48,Train,54
replica5_1ZKK_41,1ZKK,10,4.48,48,Train,54
replica1_1ZKK_47,1ZKK,10,4.48,48,Train,54
replica2_1ZKK_47,1ZKK,10,4.48,48,Train,54
replica3_1ZKK_47,1ZKK,10,4.48,48,Train,54
replica4_1ZKK_47,1ZKK,10,4.48,48,Train,54
replica5_1ZKK_47,1ZKK,10,4.48,48,Train,54
replica1_1ZKK_54,1ZKK,10,4.48,48,Train,54
replica2_1ZKK_54,1ZKK,10,4.48,48,Train,54
replica3_1ZKK_54,1ZKK,10,4.48,48,Train,54
replica4_1ZKK_54,1ZKK,10,4.48,48,Train,54
replica5_1ZKK_54,1ZKK,10,4.48,48,Train,54
replica1_1ZKK_60,1ZKK,10,4.48,48,Train,54
replica2_1ZKK_60,1ZKK,10,4.48,48,Train,54
replica3_1ZKK_60,1ZKK,10,4.48,48,Train,54
replica4_1ZKK_60,1ZKK,10,4.48,48,Train,54
replica5_1ZKK_60,1ZKK,10,4.48,48,Train,54
replica1_1ZKK_67,1ZKK,10,4.48,48,Train,54
replica2_1ZKK_67,1ZKK,10,4.48,48,Train,54
replica3_1ZKK_67,1ZKK,10,4.48,48,Train,54
replica4_1ZKK_67,1ZKK,10,4.48,48,Train,54
replica5_1ZKK_67,1ZKK,10,4.48,48,Train,54
replica1_1ZKK_74,1ZKK,10,4.48,48,Train,54
replica2_1ZKK_74,1ZKK,10,4.48,48,Train,54
replica3_1ZKK_74,1ZKK,10,4.48,48,Train,54
replica4_1ZKK_74,1ZKK,10,4.48,48,Train,54
replica5_1ZKK_74,1ZKK,10,4.48,48,Train,54
replica1_1ZKK_80,1ZKK,10,4.48,48,Train,54
replica2_1ZKK_80,1ZKK,10,4.48,48,Train,54
replica3_1ZKK_80,1ZKK,10,4.48,48,Train,54
replica4_1ZKK_80,1ZKK,10,4.48,48,Train,54
replica5_1ZKK_80,1ZKK,10,4.48,48,Train,54
replica1_1ZKK_87,1ZKK,10,4.48,48,Train,54
replica2_1ZKK_87,1ZKK,10,4.48,48,Train,54
replica3_1ZKK_87,1ZKK,10,4.48,48,Train,54
replica4_1ZKK_87,1ZKK,10,4.48,48,Train,54
replica5_1ZKK_87,1ZKK,10,4.48,48,Train,54
replica1_1ZKK_93,1ZKK,10,4.48,48,Train,54
replica2_1ZKK_93,1ZKK,10,4.48,48,Train,54
replica3_1ZKK_93,1ZKK,10,4.48,48,Train,54
replica4_1ZKK_93,1ZKK,10,4.48,48,Train,54
replica5_1ZKK_93,1ZKK,10,4.48,48,Train,54
replica1_1ZKK_100,1ZKK,10,4.48,48,Train,54
replica2_1ZKK_100,1ZKK,10,4.48,48,Train,54
replica3_1ZKK_100,1ZKK,10,4.48,48,Train,54
replica4_1ZKK_100,1ZKK,10,4.48,48,Train,54
replica5_1ZKK_100,1ZKK,10,4.48,48,Train,54
replica1_1ZM6_1,1ZM6,5,4.35,41,Train,45
replica2_1ZM6_1,1ZM6,5,4.35,41,Train,45
replica3_1ZM6_1,1ZM6,5,4.35,41,Train,45
replica4_1ZM6_1,1ZM6,5,4.35,41,Train,45
replica5_1ZM6_1,1ZM6,5,4.35,41,Train,45
replica1_1ZM6_26,1ZM6,5,4.35,41,Train,45
replica2_1ZM6_26,1ZM6,5,4.35,41,Train,45
replica3_1ZM6_26,1ZM6,5,4.35,41,Train,45
replica4_1ZM6_26,1ZM6,5,4.35,41,Train,45
replica5_1ZM6_26,1ZM6,5,4.35,41,Train,45
replica1_1ZM6_51,1ZM6,5,4.35,41,Train,45
replica2_1ZM6_51,1ZM6,5,4.35,41,Train,45
replica3_1ZM6_51,1ZM6,5,4.35,41,Train,45
replica4_1ZM6_51,1ZM6,5,4.35,41,Train,45
replica1_1ZM6_75,1ZM6,5,4.35,41,Train,45
replica2_1ZM6_75,1ZM6,5,4.35,41,Train,45
replica3_1ZM6_75,1ZM6,5,4.35,41,Train,45
replica4_1ZM6_75,1ZM6,5,4.35,41,Train,45
replica1_1ZM6_100,1ZM6,5,4.35,41,Train,45
replica2_1ZM6_100,1ZM6,5,4.35,41,Train,45
replica3_1ZM6_100,1ZM6,5,4.35,41,Train,45
replica4_1ZM6_100,1ZM6,5,4.35,41,Train,45
replica5_1ZM6_100,1ZM6,5,4.35,41,Train,45
replica1_2BJ4_1,2BJ4,11,4.47,49,Train,55
replica2_2BJ4_1,2BJ4,11,4.47,49,Train,55
replica3_2BJ4_1,2BJ4,11,4.47,49,Train,55
replica4_2BJ4_1,2BJ4,11,4.47,49,Train,55
replica5_2BJ4_1,2BJ4,11,4.47,49,Train,55
replica1_2BJ4_26,2BJ4,11,4.47,49,Train,55
replica2_2BJ4_26,2BJ4,11,4.47,49,Train,55
replica3_2BJ4_26,2BJ4,11,4.47,49,Train,55
replica4_2BJ4_26,2BJ4,11,4.47,49,Train,55
replica5_2BJ4_26,2BJ4,11,4.47,49,Train,55
replica1_2BJ4_51,2BJ4,11,4.47,49,Train,55
replica2_2BJ4_51,2BJ4,11,4.47,49,Train,55
replica3_2BJ4_51,2BJ4,11,4.47,49,Train,55
replica4_2BJ4_51,2BJ4,11,4.47,49,Train,55
replica5_2BJ4_51,2BJ4,11,4.47,49,Train,55
replica1_2BJ4_75,2BJ4,11,4.47,49,Train,55
replica2_2BJ4_75,2BJ4,11,4.47,49,Train,55
replica3_2BJ4_75,2BJ4,11,4.47,49,Train,55
replica4_2BJ4_75,2BJ4,11,4.47,49,Train,55
replica5_2BJ4_75,2BJ4,11,4.47,49,Train,55
replica1_2BJ4_100,2BJ4,11,4.47,49,Train,55
replica2_2BJ4_100,2BJ4,11,4.47,49,Train,55
replica3_2BJ4_100,2BJ4,11,4.47,49,Train,55
replica4_2BJ4_100,2BJ4,11,4.47,49,Train,55
replica5_2BJ4_100,2BJ4,11,4.47,49,Train,55
replica1_2CE9_1,2CE9,5,6.03,50,Test,
replica2_2CE9_1,2CE9,5,6.03,50,Test,
replica3_2CE9_1,2CE9,5,6.03,50,Test,
replica4_2CE9_1,2CE9,5,6.03,50,Test,
replica5_2CE9_1,2CE9,5,6.03,50,Test,
replica1_2CE9_8,2CE9,5,6.03,50,Test,
replica2_2CE9_8,2CE9,5,6.03,50,Test,
replica3_2CE9_8,2CE9,5,6.03,50,Test,
replica4_2CE9_8,2CE9,5,6.03,50,Test,
replica5_2CE9_8,2CE9,5,6.03,50,Test,
replica1_2CE9_14,2CE9,5,6.03,50,Test,
replica2_2CE9_14,2CE9,5,6.03,50,Test,
replica3_2CE9_14,2CE9,5,6.03,50,Test,
replica4_2CE9_14,2CE9,5,6.03,50,Test,
replica5_2CE9_14,2CE9,5,6.03,50,Test,
replica1_2CE9_21,2CE9,5,6.03,50,Test,
replica2_2CE9_21,2CE9,5,6.03,50,Test,
replica3_2CE9_21,2CE9,5,6.03,50,Test,
replica4_2CE9_21,2CE9,5,6.03,50,Test,
replica5_2CE9_21,2CE9,5,6.03,50,Test,
replica1_2CE9_27,2CE9,5,6.03,50,Test,
replica2_2CE9_27,2CE9,5,6.03,50,Test,
replica3_2CE9_27,2CE9,5,6.03,50,Test,
replica4_2CE9_27,2CE9,5,6.03,50,Test,
replica5_2CE9_27,2CE9,5,6.03,50,Test,
replica1_2CE9_34,2CE9,5,6.03,50,Test,
replica2_2CE9_34,2CE9,5,6.03,50,Test,
replica3_2CE9_34,2CE9,5,6.03,50,Test,
replica4_2CE9_34,2CE9,5,6.03,50,Test,
replica5_2CE9_34,2CE9,5,6.03,50,Test,
replica1_2CE9_41,2CE9,5,6.03,50,Test,
replica2_2CE9_41,2CE9,5,6.03,50,Test,
replica3_2CE9_41,2CE9,5,6.03,50,Test,
replica4_2CE9_41,2CE9,5,6.03,50,Test,
replica5_2CE9_41,2CE9,5,6.03,50,Test,
replica1_2CE9_47,2CE9,5,6.03,50,Test,
replica2_2CE9_47,2CE9,5,6.03,50,Test,
replica3_2CE9_47,2CE9,5,6.03,50,Test,
replica4_2CE9_47,2CE9,5,6.03,50,Test,
replica5_2CE9_47,2CE9,5,6.03,50,Test,
replica1_2CE9_54,2CE9,5,6.03,50,Test,
replica2_2CE9_54,2CE9,5,6.03,50,Test,
replica3_2CE9_54,2CE9,5,6.03,50,Test,
replica4_2CE9_54,2CE9,5,6.03,50,Test,
replica5_2CE9_54,2CE9,5,6.03,50,Test,
replica1_2CE9_60,2CE9,5,6.03,50,Test,
replica2_2CE9_60,2CE9,5,6.03,50,Test,
replica3_2CE9_60,2CE9,5,6.03,50,Test,
replica4_2CE9_60,2CE9,5,6.03,50,Test,
replica5_2CE9_60,2CE9,5,6.03,50,Test,
replica1_2CE9_67,2CE9,5,6.03,50,Test,
replica2_2CE9_67,2CE9,5,6.03,50,Test,
replica3_2CE9_67,2CE9,5,6.03,50,Test,
replica4_2CE9_67,2CE9,5,6.03,50,Test,
replica5_2CE9_67,2CE9,5,6.03,50,Test,
replica1_2CE9_74,2CE9,5,6.03,50,Test,
replica2_2CE9_74,2CE9,5,6.03,50,Test,
replica3_2CE9_74,2CE9,5,6.03,50,Test,
replica4_2CE9_74,2CE9,5,6.03,50,Test,
replica5_2CE9_74,2CE9,5,6.03,50,Test,
replica1_2CE9_80,2CE9,5,6.03,50,Test,
replica2_2CE9_80,2CE9,5,6.03,50,Test,
replica3_2CE9_80,2CE9,5,6.03,50,Test,
replica4_2CE9_80,2CE9,5,6.03,50,Test,
replica5_2CE9_80,2CE9,5,6.03,50,Test,
replica1_2CE9_87,2CE9,5,6.03,50,Test,
replica2_2CE9_87,2CE9,5,6.03,50,Test,
replica3_2CE9_87,2CE9,5,6.03,50,Test,
replica4_2CE9_87,2CE9,5,6.03,50,Test,
replica5_2CE9_87,2CE9,5,6.03,50,Test,
replica1_2CE9_93,2CE9,5,6.03,50,Test,
replica2_2CE9_93,2CE9,5,6.03,50,Test,
replica3_2CE9_93,2CE9,5,6.03,50,Test,
replica4_2CE9_93,2CE9,5,6.03,50,Test,
replica5_2CE9_93,2CE9,5,6.03,50,Test,
replica1_2CE9_100,2CE9,5,6.03,50,Test,
replica2_2CE9_100,2CE9,5,6.03,50,Test,
replica3_2CE9_100,2CE9,5,6.03,50,Test,
replica4_2CE9_100,2CE9,5,6.03,50,Test,
replica5_2CE9_100,2CE9,5,6.03,50,Test,
replica1_2CLV_1,2CLV,8,7.88,12,Train,56
replica2_2CLV_1,2CLV,8,7.88,12,Train,56
replica3_2CLV_1,2CLV,8,7.88,12,Train,56
replica4_2CLV_1,2CLV,8,7.88,12,Train,56
replica5_2CLV_1,2CLV,8,7.88,12,Train,56
replica1_2E7L_1,2E7L,9,7.5376,12,Train,57
replica2_2E7L_1,2E7L,9,7.5376,12,Train,57
replica3_2E7L_1,2E7L,9,7.5376,12,Train,57
replica4_2E7L_1,2E7L,9,7.5376,12,Train,57
replica5_2E7L_1,2E7L,9,7.5376,12,Train,57
replica1_2E7L_8,2E7L,9,7.5376,12,Train,57
replica2_2E7L_8,2E7L,9,7.5376,12,Train,57
replica3_2E7L_8,2E7L,9,7.5376,12,Train,57
replica4_2E7L_8,2E7L,9,7.5376,12,Train,57
replica5_2E7L_8,2E7L,9,7.5376,12,Train,57
replica1_2E7L_14,2E7L,9,7.5376,12,Train,57
replica2_2E7L_14,2E7L,9,7.5376,12,Train,57
replica3_2E7L_14,2E7L,9,7.5376,12,Train,57
replica4_2E7L_14,2E7L,9,7.5376,12,Train,57
replica5_2E7L_14,2E7L,9,7.5376,12,Train,57
replica1_2E7L_21,2E7L,9,7.5376,12,Train,57
replica2_2E7L_21,2E7L,9,7.5376,12,Train,57
replica3_2E7L_21,2E7L,9,7.5376,12,Train,57
replica4_2E7L_21,2E7L,9,7.5376,12,Train,57
replica5_2E7L_21,2E7L,9,7.5376,12,Train,57
replica1_2E7L_27,2E7L,9,7.5376,12,Train,57
replica2_2E7L_27,2E7L,9,7.5376,12,Train,57
replica3_2E7L_27,2E7L,9,7.5376,12,Train,57
replica4_2E7L_27,2E7L,9,7.5376,12,Train,57
replica5_2E7L_27,2E7L,9,7.5376,12,Train,57
replica1_2E7L_34,2E7L,9,7.5376,12,Train,57
replica2_2E7L_34,2E7L,9,7.5376,12,Train,57
replica3_2E7L_34,2E7L,9,7.5376,12,Train,57
replica4_2E7L_34,2E7L,9,7.5376,12,Train,57
replica5_2E7L_34,2E7L,9,7.5376,12,Train,57
replica1_2E7L_41,2E7L,9,7.5376,12,Train,57
replica2_2E7L_41,2E7L,9,7.5376,12,Train,57
replica3_2E7L_41,2E7L,9,7.5376,12,Train,57
replica4_2E7L_41,2E7L,9,7.5376,12,Train,57
replica5_2E7L_41,2E7L,9,7.5376,12,Train,57
replica1_2E7L_47,2E7L,9,7.5376,12,Train,57
replica2_2E7L_47,2E7L,9,7.5376,12,Train,57
replica3_2E7L_47,2E7L,9,7.5376,12,Train,57
replica4_2E7L_47,2E7L,9,7.5376,12,Train,57
replica5_2E7L_47,2E7L,9,7.5376,12,Train,57
replica1_2E7L_54,2E7L,9,7.5376,12,Train,57
replica2_2E7L_54,2E7L,9,7.5376,12,Train,57
replica3_2E7L_54,2E7L,9,7.5376,12,Train,57
replica4_2E7L_54,2E7L,9,7.5376,12,Train,57
replica5_2E7L_54,2E7L,9,7.5376,12,Train,57
replica1_2E7L_60,2E7L,9,7.5376,12,Train,57
replica2_2E7L_60,2E7L,9,7.5376,12,Train,57
replica3_2E7L_60,2E7L,9,7.5376,12,Train,57
replica4_2E7L_60,2E7L,9,7.5376,12,Train,57
replica5_2E7L_60,2E7L,9,7.5376,12,Train,57
replica1_2E7L_67,2E7L,9,7.5376,12,Train,57
replica2_2E7L_67,2E7L,9,7.5376,12,Train,57
replica3_2E7L_67,2E7L,9,7.5376,12,Train,57
replica4_2E7L_67,2E7L,9,7.5376,12,Train,57
replica5_2E7L_67,2E7L,9,7.5376,12,Train,57
replica1_2E7L_74,2E7L,9,7.5376,12,Train,57
replica2_2E7L_74,2E7L,9,7.5376,12,Train,57
replica3_2E7L_74,2E7L,9,7.5376,12,Train,57
replica4_2E7L_74,2E7L,9,7.5376,12,Train,57
replica5_2E7L_74,2E7L,9,7.5376,12,Train,57
replica1_2E7L_80,2E7L,9,7.5376,12,Train,57
replica2_2E7L_80,2E7L,9,7.5376,12,Train,57
replica3_2E7L_80,2E7L,9,7.5376,12,Train,57
replica4_2E7L_80,2E7L,9,7.5376,12,Train,57
replica5_2E7L_80,2E7L,9,7.5376,12,Train,57
replica1_2E7L_87,2E7L,9,7.5376,12,Train,57
replica2_2E7L_87,2E7L,9,7.5376,12,Train,57
replica3_2E7L_87,2E7L,9,7.5376,12,Train,57
replica4_2E7L_87,2E7L,9,7.5376,12,Train,57
replica5_2E7L_87,2E7L,9,7.5376,12,Train,57
replica1_2E7L_93,2E7L,9,7.5376,12,Train,57
replica2_2E7L_93,2E7L,9,7.5376,12,Train,57
replica3_2E7L_93,2E7L,9,7.5376,12,Train,57
replica4_2E7L_93,2E7L,9,7.5376,12,Train,57
replica5_2E7L_93,2E7L,9,7.5376,12,Train,57
replica1_2E7L_100,2E7L,9,7.5376,12,Train,57
replica2_2E7L_100,2E7L,9,7.5376,12,Train,57
replica3_2E7L_100,2E7L,9,7.5376,12,Train,57
replica4_2E7L_100,2E7L,9,7.5376,12,Train,57
replica5_2E7L_100,2E7L,9,7.5376,12,Train,57
replica1_2EH8_1,2EH8,11,7.95861,10,Test,
replica2_2EH8_1,2EH8,11,7.95861,10,Test,
replica3_2EH8_1,2EH8,11,7.95861,10,Test,
replica4_2EH8_1,2EH8,11,7.95861,10,Test,
replica5_2EH8_1,2EH8,11,7.95861,10,Test,
replica1_2EH8_8,2EH8,11,7.95861,10,Test,
replica2_2EH8_8,2EH8,11,7.95861,10,Test,
replica3_2EH8_8,2EH8,11,7.95861,10,Test,
replica4_2EH8_8,2EH8,11,7.95861,10,Test,
replica5_2EH8_8,2EH8,11,7.95861,10,Test,
replica1_2EH8_14,2EH8,11,7.95861,10,Test,
replica2_2EH8_14,2EH8,11,7.95861,10,Test,
replica3_2EH8_14,2EH8,11,7.95861,10,Test,
replica4_2EH8_14,2EH8,11,7.95861,10,Test,
replica5_2EH8_14,2EH8,11,7.95861,10,Test,
replica1_2EH8_21,2EH8,11,7.95861,10,Test,
replica2_2EH8_21,2EH8,11,7.95861,10,Test,
replica3_2EH8_21,2EH8,11,7.95861,10,Test,
replica4_2EH8_21,2EH8,11,7.95861,10,Test,
replica5_2EH8_21,2EH8,11,7.95861,10,Test,
replica1_2EH8_27,2EH8,11,7.95861,10,Test,
replica2_2EH8_27,2EH8,11,7.95861,10,Test,
replica3_2EH8_27,2EH8,11,7.95861,10,Test,
replica4_2EH8_27,2EH8,11,7.95861,10,Test,
replica5_2EH8_27,2EH8,11,7.95861,10,Test,
replica1_2EH8_34,2EH8,11,7.95861,10,Test,
replica2_2EH8_34,2EH8,11,7.95861,10,Test,
replica3_2EH8_34,2EH8,11,7.95861,10,Test,
replica4_2EH8_34,2EH8,11,7.95861,10,Test,
replica5_2EH8_34,2EH8,11,7.95861,10,Test,
replica1_2EH8_41,2EH8,11,7.95861,10,Test,
replica2_2EH8_41,2EH8,11,7.95861,10,Test,
replica3_2EH8_41,2EH8,11,7.95861,10,Test,
replica4_2EH8_41,2EH8,11,7.95861,10,Test,
replica5_2EH8_41,2EH8,11,7.95861,10,Test,
replica1_2EH8_47,2EH8,11,7.95861,10,Test,
replica2_2EH8_47,2EH8,11,7.95861,10,Test,
replica3_2EH8_47,2EH8,11,7.95861,10,Test,
replica4_2EH8_47,2EH8,11,7.95861,10,Test,
replica5_2EH8_47,2EH8,11,7.95861,10,Test,
replica1_2EH8_54,2EH8,11,7.95861,10,Test,
replica2_2EH8_54,2EH8,11,7.95861,10,Test,
replica3_2EH8_54,2EH8,11,7.95861,10,Test,
replica4_2EH8_54,2EH8,11,7.95861,10,Test,
replica5_2EH8_54,2EH8,11,7.95861,10,Test,
replica1_2EH8_60,2EH8,11,7.95861,10,Test,
replica2_2EH8_60,2EH8,11,7.95861,10,Test,
replica3_2EH8_60,2EH8,11,7.95861,10,Test,
replica4_2EH8_60,2EH8,11,7.95861,10,Test,
replica5_2EH8_60,2EH8,11,7.95861,10,Test,
replica1_2EH8_67,2EH8,11,7.95861,10,Test,
replica2_2EH8_67,2EH8,11,7.95861,10,Test,
replica3_2EH8_67,2EH8,11,7.95861,10,Test,
replica4_2EH8_67,2EH8,11,7.95861,10,Test,
replica5_2EH8_67,2EH8,11,7.95861,10,Test,
replica1_2EH8_74,2EH8,11,7.95861,10,Test,
replica2_2EH8_74,2EH8,11,7.95861,10,Test,
replica3_2EH8_74,2EH8,11,7.95861,10,Test,
replica4_2EH8_74,2EH8,11,7.95861,10,Test,
replica5_2EH8_74,2EH8,11,7.95861,10,Test,
replica1_2EH8_80,2EH8,11,7.95861,10,Test,
replica2_2EH8_80,2EH8,11,7.95861,10,Test,
replica3_2EH8_80,2EH8,11,7.95861,10,Test,
replica4_2EH8_80,2EH8,11,7.95861,10,Test,
replica5_2EH8_80,2EH8,11,7.95861,10,Test,
replica1_2EH8_87,2EH8,11,7.95861,10,Test,
replica2_2EH8_87,2EH8,11,7.95861,10,Test,
replica3_2EH8_87,2EH8,11,7.95861,10,Test,
replica4_2EH8_87,2EH8,11,7.95861,10,Test,
replica5_2EH8_87,2EH8,11,7.95861,10,Test,
replica1_2EH8_93,2EH8,11,7.95861,10,Test,
replica2_2EH8_93,2EH8,11,7.95861,10,Test,
replica3_2EH8_93,2EH8,11,7.95861,10,Test,
replica4_2EH8_93,2EH8,11,7.95861,10,Test,
replica5_2EH8_93,2EH8,11,7.95861,10,Test,
replica1_2EH8_100,2EH8,11,7.95861,10,Test,
replica2_2EH8_100,2EH8,11,7.95861,10,Test,
replica3_2EH8_100,2EH8,11,7.95861,10,Test,
replica4_2EH8_100,2EH8,11,7.95861,10,Test,
replica5_2EH8_100,2EH8,11,7.95861,10,Test,
replica1_2FO4_1,2FO4,8,7.22,12,Train,58
replica2_2FO4_1,2FO4,8,7.22,12,Train,58
replica3_2FO4_1,2FO4,8,7.22,12,Train,58
replica4_2FO4_1,2FO4,8,7.22,12,Train,58
replica5_2FO4_1,2FO4,8,7.22,12,Train,58
replica1_2FTS_1,2FTS,13,7.05,51,Train,59
replica2_2FTS_1,2FTS,13,7.05,51,Train,59
replica3_2FTS_1,2FTS,13,7.05,51,Train,59
replica4_2FTS_1,2FTS,13,7.05,51,Train,59
replica5_2FTS_1,2FTS,13,7.05,51,Train,59
replica1_2FTS_26,2FTS,13,7.05,51,Train,59
replica2_2FTS_26,2FTS,13,7.05,51,Train,59
replica3_2FTS_26,2FTS,13,7.05,51,Train,59
replica4_2FTS_26,2FTS,13,7.05,51,Train,59
replica5_2FTS_26,2FTS,13,7.05,51,Train,59
replica1_2FTS_51,2FTS,13,7.05,51,Train,59
replica2_2FTS_51,2FTS,13,7.05,51,Train,59
replica3_2FTS_51,2FTS,13,7.05,51,Train,59
replica4_2FTS_51,2FTS,13,7.05,51,Train,59
replica5_2FTS_51,2FTS,13,7.05,51,Train,59
replica1_2FTS_75,2FTS,13,7.05,51,Train,59
replica2_2FTS_75,2FTS,13,7.05,51,Train,59
replica3_2FTS_75,2FTS,13,7.05,51,Train,59
replica4_2FTS_75,2FTS,13,7.05,51,Train,59
replica5_2FTS_75,2FTS,13,7.05,51,Train,59
replica1_2FTS_100,2FTS,13,7.05,51,Train,59
replica2_2FTS_100,2FTS,13,7.05,51,Train,59
replica3_2FTS_100,2FTS,13,7.05,51,Train,59
replica4_2FTS_100,2FTS,13,7.05,51,Train,59
replica5_2FTS_100,2FTS,13,7.05,51,Train,59
replica1_2HKF_1,2HKF,9,6.37675,52,Train,60
replica2_2HKF_1,2HKF,9,6.37675,52,Train,60
replica3_2HKF_1,2HKF,9,6.37675,52,Train,60
replica4_2HKF_1,2HKF,9,6.37675,52,Train,60
replica5_2HKF_1,2HKF,9,6.37675,52,Train,60
replica1_2HKF_8,2HKF,9,6.37675,52,Train,60
replica2_2HKF_8,2HKF,9,6.37675,52,Train,60
replica3_2HKF_8,2HKF,9,6.37675,52,Train,60
replica4_2HKF_8,2HKF,9,6.37675,52,Train,60
replica5_2HKF_8,2HKF,9,6.37675,52,Train,60
replica1_2HKF_14,2HKF,9,6.37675,52,Train,60
replica2_2HKF_14,2HKF,9,6.37675,52,Train,60
replica3_2HKF_14,2HKF,9,6.37675,52,Train,60
replica4_2HKF_14,2HKF,9,6.37675,52,Train,60
replica5_2HKF_14,2HKF,9,6.37675,52,Train,60
replica1_2HKF_21,2HKF,9,6.37675,52,Train,60
replica2_2HKF_21,2HKF,9,6.37675,52,Train,60
replica3_2HKF_21,2HKF,9,6.37675,52,Train,60
replica4_2HKF_21,2HKF,9,6.37675,52,Train,60
replica5_2HKF_21,2HKF,9,6.37675,52,Train,60
replica1_2HKF_27,2HKF,9,6.37675,52,Train,60
replica2_2HKF_27,2HKF,9,6.37675,52,Train,60
replica3_2HKF_27,2HKF,9,6.37675,52,Train,60
replica4_2HKF_27,2HKF,9,6.37675,52,Train,60
replica5_2HKF_27,2HKF,9,6.37675,52,Train,60
replica1_2HKF_34,2HKF,9,6.37675,52,Train,60
replica2_2HKF_34,2HKF,9,6.37675,52,Train,60
replica3_2HKF_34,2HKF,9,6.37675,52,Train,60
replica4_2HKF_34,2HKF,9,6.37675,52,Train,60
replica5_2HKF_34,2HKF,9,6.37675,52,Train,60
replica1_2HKF_41,2HKF,9,6.37675,52,Train,60
replica2_2HKF_41,2HKF,9,6.37675,52,Train,60
replica3_2HKF_41,2HKF,9,6.37675,52,Train,60
replica4_2HKF_41,2HKF,9,6.37675,52,Train,60
replica5_2HKF_41,2HKF,9,6.37675,52,Train,60
replica1_2HKF_47,2HKF,9,6.37675,52,Train,60
replica2_2HKF_47,2HKF,9,6.37675,52,Train,60
replica3_2HKF_47,2HKF,9,6.37675,52,Train,60
replica4_2HKF_47,2HKF,9,6.37675,52,Train,60
replica5_2HKF_47,2HKF,9,6.37675,52,Train,60
replica1_2HKF_54,2HKF,9,6.37675,52,Train,60
replica2_2HKF_54,2HKF,9,6.37675,52,Train,60
replica3_2HKF_54,2HKF,9,6.37675,52,Train,60
replica4_2HKF_54,2HKF,9,6.37675,52,Train,60
replica5_2HKF_54,2HKF,9,6.37675,52,Train,60
replica1_2HKF_60,2HKF,9,6.37675,52,Train,60
replica2_2HKF_60,2HKF,9,6.37675,52,Train,60
replica3_2HKF_60,2HKF,9,6.37675,52,Train,60
replica4_2HKF_60,2HKF,9,6.37675,52,Train,60
replica5_2HKF_60,2HKF,9,6.37675,52,Train,60
replica1_2HKF_67,2HKF,9,6.37675,52,Train,60
replica2_2HKF_67,2HKF,9,6.37675,52,Train,60
replica3_2HKF_67,2HKF,9,6.37675,52,Train,60
replica4_2HKF_67,2HKF,9,6.37675,52,Train,60
replica5_2HKF_67,2HKF,9,6.37675,52,Train,60
replica1_2HKF_74,2HKF,9,6.37675,52,Train,60
replica2_2HKF_74,2HKF,9,6.37675,52,Train,60
replica3_2HKF_74,2HKF,9,6.37675,52,Train,60
replica4_2HKF_74,2HKF,9,6.37675,52,Train,60
replica5_2HKF_74,2HKF,9,6.37675,52,Train,60
replica1_2HKF_80,2HKF,9,6.37675,52,Train,60
replica2_2HKF_80,2HKF,9,6.37675,52,Train,60
replica3_2HKF_80,2HKF,9,6.37675,52,Train,60
replica4_2HKF_80,2HKF,9,6.37675,52,Train,60
replica5_2HKF_80,2HKF,9,6.37675,52,Train,60
replica1_2HKF_87,2HKF,9,6.37675,52,Train,60
replica2_2HKF_87,2HKF,9,6.37675,52,Train,60
replica3_2HKF_87,2HKF,9,6.37675,52,Train,60
replica4_2HKF_87,2HKF,9,6.37675,52,Train,60
replica5_2HKF_87,2HKF,9,6.37675,52,Train,60
replica1_2HKF_93,2HKF,9,6.37675,52,Train,60
replica2_2HKF_93,2HKF,9,6.37675,52,Train,60
replica3_2HKF_93,2HKF,9,6.37675,52,Train,60
replica4_2HKF_93,2HKF,9,6.37675,52,Train,60
replica5_2HKF_93,2HKF,9,6.37675,52,Train,60
replica1_2HKF_100,2HKF,9,6.37675,52,Train,60
replica2_2HKF_100,2HKF,9,6.37675,52,Train,60
replica3_2HKF_100,2HKF,9,6.37675,52,Train,60
replica4_2HKF_100,2HKF,9,6.37675,52,Train,60
replica5_2HKF_100,2HKF,9,6.37675,52,Train,60
replica1_2HRP_1,2HRP,10,8.3,10,Test,
replica2_2HRP_1,2HRP,10,8.3,10,Test,
replica3_2HRP_1,2HRP,10,8.3,10,Test,
replica4_2HRP_1,2HRP,10,8.3,10,Test,
replica5_2HRP_1,2HRP,10,8.3,10,Test,
replica1_2HRP_8,2HRP,10,8.3,10,Test,
replica2_2HRP_8,2HRP,10,8.3,10,Test,
replica3_2HRP_8,2HRP,10,8.3,10,Test,
replica4_2HRP_8,2HRP,10,8.3,10,Test,
replica5_2HRP_8,2HRP,10,8.3,10,Test,
replica1_2HRP_14,2HRP,10,8.3,10,Test,
replica2_2HRP_14,2HRP,10,8.3,10,Test,
replica3_2HRP_14,2HRP,10,8.3,10,Test,
replica4_2HRP_14,2HRP,10,8.3,10,Test,
replica5_2HRP_14,2HRP,10,8.3,10,Test,
replica1_2HRP_21,2HRP,10,8.3,10,Test,
replica2_2HRP_21,2HRP,10,8.3,10,Test,
replica3_2HRP_21,2HRP,10,8.3,10,Test,
replica4_2HRP_21,2HRP,10,8.3,10,Test,
replica5_2HRP_21,2HRP,10,8.3,10,Test,
replica1_2HRP_27,2HRP,10,8.3,10,Test,
replica2_2HRP_27,2HRP,10,8.3,10,Test,
replica3_2HRP_27,2HRP,10,8.3,10,Test,
replica4_2HRP_27,2HRP,10,8.3,10,Test,
replica5_2HRP_27,2HRP,10,8.3,10,Test,
replica1_2HRP_34,2HRP,10,8.3,10,Test,
replica2_2HRP_34,2HRP,10,8.3,10,Test,
replica3_2HRP_34,2HRP,10,8.3,10,Test,
replica4_2HRP_34,2HRP,10,8.3,10,Test,
replica5_2HRP_34,2HRP,10,8.3,10,Test,
replica1_2HRP_41,2HRP,10,8.3,10,Test,
replica2_2HRP_41,2HRP,10,8.3,10,Test,
replica3_2HRP_41,2HRP,10,8.3,10,Test,
replica4_2HRP_41,2HRP,10,8.3,10,Test,
replica5_2HRP_41,2HRP,10,8.3,10,Test,
replica1_2HRP_47,2HRP,10,8.3,10,Test,
replica2_2HRP_47,2HRP,10,8.3,10,Test,
replica3_2HRP_47,2HRP,10,8.3,10,Test,
replica4_2HRP_47,2HRP,10,8.3,10,Test,
replica5_2HRP_47,2HRP,10,8.3,10,Test,
replica1_2HRP_54,2HRP,10,8.3,10,Test,
replica2_2HRP_54,2HRP,10,8.3,10,Test,
replica3_2HRP_54,2HRP,10,8.3,10,Test,
replica4_2HRP_54,2HRP,10,8.3,10,Test,
replica5_2HRP_54,2HRP,10,8.3,10,Test,
replica1_2HRP_60,2HRP,10,8.3,10,Test,
replica2_2HRP_60,2HRP,10,8.3,10,Test,
replica3_2HRP_60,2HRP,10,8.3,10,Test,
replica4_2HRP_60,2HRP,10,8.3,10,Test,
replica5_2HRP_60,2HRP,10,8.3,10,Test,
replica1_2HRP_67,2HRP,10,8.3,10,Test,
replica2_2HRP_67,2HRP,10,8.3,10,Test,
replica3_2HRP_67,2HRP,10,8.3,10,Test,
replica4_2HRP_67,2HRP,10,8.3,10,Test,
replica5_2HRP_67,2HRP,10,8.3,10,Test,
replica1_2HRP_74,2HRP,10,8.3,10,Test,
replica2_2HRP_74,2HRP,10,8.3,10,Test,
replica3_2HRP_74,2HRP,10,8.3,10,Test,
replica4_2HRP_74,2HRP,10,8.3,10,Test,
replica5_2HRP_74,2HRP,10,8.3,10,Test,
replica1_2HRP_80,2HRP,10,8.3,10,Test,
replica2_2HRP_80,2HRP,10,8.3,10,Test,
replica3_2HRP_80,2HRP,10,8.3,10,Test,
replica4_2HRP_80,2HRP,10,8.3,10,Test,
replica5_2HRP_80,2HRP,10,8.3,10,Test,
replica1_2HRP_87,2HRP,10,8.3,10,Test,
replica2_2HRP_87,2HRP,10,8.3,10,Test,
replica3_2HRP_87,2HRP,10,8.3,10,Test,
replica4_2HRP_87,2HRP,10,8.3,10,Test,
replica5_2HRP_87,2HRP,10,8.3,10,Test,
replica1_2HRP_93,2HRP,10,8.3,10,Test,
replica2_2HRP_93,2HRP,10,8.3,10,Test,
replica3_2HRP_93,2HRP,10,8.3,10,Test,
replica4_2HRP_93,2HRP,10,8.3,10,Test,
replica5_2HRP_93,2HRP,10,8.3,10,Test,
replica1_2HRP_100,2HRP,10,8.3,10,Test,
replica2_2HRP_100,2HRP,10,8.3,10,Test,
replica3_2HRP_100,2HRP,10,8.3,10,Test,
replica4_2HRP_100,2HRP,10,8.3,10,Test,
replica5_2HRP_100,2HRP,10,8.3,10,Test,
replica1_2I3H_1,2I3H,4,7.4,53,Test,
replica2_2I3H_1,2I3H,4,7.4,53,Test,
replica3_2I3H_1,2I3H,4,7.4,53,Test,
replica4_2I3H_1,2I3H,4,7.4,53,Test,
replica5_2I3H_1,2I3H,4,7.4,53,Test,
replica1_2I3H_8,2I3H,4,7.4,53,Test,
replica2_2I3H_8,2I3H,4,7.4,53,Test,
replica3_2I3H_8,2I3H,4,7.4,53,Test,
replica4_2I3H_8,2I3H,4,7.4,53,Test,
replica5_2I3H_8,2I3H,4,7.4,53,Test,
replica1_2I3H_14,2I3H,4,7.4,53,Test,
replica2_2I3H_14,2I3H,4,7.4,53,Test,
replica3_2I3H_14,2I3H,4,7.4,53,Test,
replica4_2I3H_14,2I3H,4,7.4,53,Test,
replica5_2I3H_14,2I3H,4,7.4,53,Test,
replica1_2I3H_21,2I3H,4,7.4,53,Test,
replica2_2I3H_21,2I3H,4,7.4,53,Test,
replica3_2I3H_21,2I3H,4,7.4,53,Test,
replica4_2I3H_21,2I3H,4,7.4,53,Test,
replica5_2I3H_21,2I3H,4,7.4,53,Test,
replica1_2I3H_27,2I3H,4,7.4,53,Test,
replica2_2I3H_27,2I3H,4,7.4,53,Test,
replica3_2I3H_27,2I3H,4,7.4,53,Test,
replica4_2I3H_27,2I3H,4,7.4,53,Test,
replica5_2I3H_27,2I3H,4,7.4,53,Test,
replica1_2I3H_34,2I3H,4,7.4,53,Test,
replica2_2I3H_34,2I3H,4,7.4,53,Test,
replica3_2I3H_34,2I3H,4,7.4,53,Test,
replica4_2I3H_34,2I3H,4,7.4,53,Test,
replica5_2I3H_34,2I3H,4,7.4,53,Test,
replica1_2I3H_41,2I3H,4,7.4,53,Test,
replica2_2I3H_41,2I3H,4,7.4,53,Test,
replica3_2I3H_41,2I3H,4,7.4,53,Test,
replica4_2I3H_41,2I3H,4,7.4,53,Test,
replica5_2I3H_41,2I3H,4,7.4,53,Test,
replica1_2I3H_47,2I3H,4,7.4,53,Test,
replica2_2I3H_47,2I3H,4,7.4,53,Test,
replica3_2I3H_47,2I3H,4,7.4,53,Test,
replica4_2I3H_47,2I3H,4,7.4,53,Test,
replica5_2I3H_47,2I3H,4,7.4,53,Test,
replica1_2I3H_54,2I3H,4,7.4,53,Test,
replica2_2I3H_54,2I3H,4,7.4,53,Test,
replica3_2I3H_54,2I3H,4,7.4,53,Test,
replica4_2I3H_54,2I3H,4,7.4,53,Test,
replica5_2I3H_54,2I3H,4,7.4,53,Test,
replica1_2I3H_60,2I3H,4,7.4,53,Test,
replica2_2I3H_60,2I3H,4,7.4,53,Test,
replica3_2I3H_60,2I3H,4,7.4,53,Test,
replica4_2I3H_60,2I3H,4,7.4,53,Test,
replica5_2I3H_60,2I3H,4,7.4,53,Test,
replica1_2I3H_67,2I3H,4,7.4,53,Test,
replica2_2I3H_67,2I3H,4,7.4,53,Test,
replica3_2I3H_67,2I3H,4,7.4,53,Test,
replica4_2I3H_67,2I3H,4,7.4,53,Test,
replica5_2I3H_67,2I3H,4,7.4,53,Test,
replica1_2I3H_74,2I3H,4,7.4,53,Test,
replica2_2I3H_74,2I3H,4,7.4,53,Test,
replica3_2I3H_74,2I3H,4,7.4,53,Test,
replica4_2I3H_74,2I3H,4,7.4,53,Test,
replica5_2I3H_74,2I3H,4,7.4,53,Test,
replica1_2I3H_80,2I3H,4,7.4,53,Test,
replica2_2I3H_80,2I3H,4,7.4,53,Test,
replica3_2I3H_80,2I3H,4,7.4,53,Test,
replica4_2I3H_80,2I3H,4,7.4,53,Test,
replica5_2I3H_80,2I3H,4,7.4,53,Test,
replica1_2I3H_87,2I3H,4,7.4,53,Test,
replica2_2I3H_87,2I3H,4,7.4,53,Test,
replica3_2I3H_87,2I3H,4,7.4,53,Test,
replica4_2I3H_87,2I3H,4,7.4,53,Test,
replica5_2I3H_87,2I3H,4,7.4,53,Test,
replica1_2I3H_93,2I3H,4,7.4,53,Test,
replica2_2I3H_93,2I3H,4,7.4,53,Test,
replica3_2I3H_93,2I3H,4,7.4,53,Test,
replica4_2I3H_93,2I3H,4,7.4,53,Test,
replica5_2I3H_93,2I3H,4,7.4,53,Test,
replica1_2I3H_100,2I3H,4,7.4,53,Test,
replica2_2I3H_100,2I3H,4,7.4,53,Test,
replica3_2I3H_100,2I3H,4,7.4,53,Test,
replica4_2I3H_100,2I3H,4,7.4,53,Test,
replica5_2I3H_100,2I3H,4,7.4,53,Test,
replica1_2NWN_1,2NWN,12,6.3,54,Train,61
replica2_2NWN_1,2NWN,12,6.3,54,Train,61
replica3_2NWN_1,2NWN,12,6.3,54,Train,61
replica4_2NWN_1,2NWN,12,6.3,54,Train,61
replica5_2NWN_1,2NWN,12,6.3,54,Train,61
replica1_2NWN_26,2NWN,12,6.3,54,Train,61
replica2_2NWN_26,2NWN,12,6.3,54,Train,61
replica3_2NWN_26,2NWN,12,6.3,54,Train,61
replica4_2NWN_26,2NWN,12,6.3,54,Train,61
replica5_2NWN_26,2NWN,12,6.3,54,Train,61
replica1_2NWN_51,2NWN,12,6.3,54,Train,61
replica2_2NWN_51,2NWN,12,6.3,54,Train,61
replica3_2NWN_51,2NWN,12,6.3,54,Train,61
replica4_2NWN_51,2NWN,12,6.3,54,Train,61
replica5_2NWN_51,2NWN,12,6.3,54,Train,61
replica1_2NWN_75,2NWN,12,6.3,54,Train,61
replica2_2NWN_75,2NWN,12,6.3,54,Train,61
replica3_2NWN_75,2NWN,12,6.3,54,Train,61
replica4_2NWN_75,2NWN,12,6.3,54,Train,61
replica5_2NWN_75,2NWN,12,6.3,54,Train,61
replica1_2NWN_100,2NWN,12,6.3,54,Train,61
replica2_2NWN_100,2NWN,12,6.3,54,Train,61
replica3_2NWN_100,2NWN,12,6.3,54,Train,61
replica4_2NWN_100,2NWN,12,6.3,54,Train,61
replica5_2NWN_100,2NWN,12,6.3,54,Train,61
replica1_2NXD_1,2NXD,10,5.65758,55,Train,62
replica2_2NXD_1,2NXD,10,5.65758,55,Train,62
replica3_2NXD_1,2NXD,10,5.65758,55,Train,62
replica4_2NXD_1,2NXD,10,5.65758,55,Train,62
replica5_2NXD_1,2NXD,10,5.65758,55,Train,62
replica1_2NXD_51,2NXD,10,5.65758,55,Train,62
replica2_2NXD_51,2NXD,10,5.65758,55,Train,62
replica3_2NXD_51,2NXD,10,5.65758,55,Train,62
replica4_2NXD_51,2NXD,10,5.65758,55,Train,62
replica5_2NXD_51,2NXD,10,5.65758,55,Train,62
replica1_2NXD_100,2NXD,10,5.65758,55,Train,62
replica2_2NXD_100,2NXD,10,5.65758,55,Train,62
replica3_2NXD_100,2NXD,10,5.65758,55,Train,62
replica4_2NXD_100,2NXD,10,5.65758,55,Train,62
replica5_2NXD_100,2NXD,10,5.65758,55,Train,62
replica1_2NXL_1,2NXL,10,6.26761,55,Train,63
replica2_2NXL_1,2NXL,10,6.26761,55,Train,63
replica3_2NXL_1,2NXL,10,6.26761,55,Train,63
replica4_2NXL_1,2NXL,10,6.26761,55,Train,63
replica5_2NXL_1,2NXL,10,6.26761,55,Train,63
replica1_2NXL_51,2NXL,10,6.26761,55,Train,63
replica2_2NXL_51,2NXL,10,6.26761,55,Train,63
replica3_2NXL_51,2NXL,10,6.26761,55,Train,63
replica4_2NXL_51,2NXL,10,6.26761,55,Train,63
replica5_2NXL_51,2NXL,10,6.26761,55,Train,63
replica1_2NXL_100,2NXL,10,6.26761,55,Train,63
replica2_2NXL_100,2NXL,10,6.26761,55,Train,63
replica3_2NXL_100,2NXL,10,6.26761,55,Train,63
replica4_2NXL_100,2NXL,10,6.26761,55,Train,63
replica5_2NXL_100,2NXL,10,6.26761,55,Train,63
replica1_2NXM_1,2NXM,10,5.19382,55,Train,62
replica2_2NXM_1,2NXM,10,5.19382,55,Train,62
replica3_2NXM_1,2NXM,10,5.19382,55,Train,62
replica4_2NXM_1,2NXM,10,5.19382,55,Train,62
replica5_2NXM_1,2NXM,10,5.19382,55,Train,62
replica1_2NXM_51,2NXM,10,5.19382,55,Train,62
replica2_2NXM_51,2NXM,10,5.19382,55,Train,62
replica3_2NXM_51,2NXM,10,5.19382,55,Train,62
replica4_2NXM_51,2NXM,10,5.19382,55,Train,62
replica5_2NXM_51,2NXM,10,5.19382,55,Train,62
replica1_2NXM_100,2NXM,10,5.19382,55,Train,62
replica2_2NXM_100,2NXM,10,5.19382,55,Train,62
replica3_2NXM_100,2NXM,10,5.19382,55,Train,62
replica4_2NXM_100,2NXM,10,5.19382,55,Train,62
replica5_2NXM_100,2NXM,10,5.19382,55,Train,62
replica1_2O9V_1,2O9V,10,3.54061,5,Test,
replica2_2O9V_1,2O9V,10,3.54061,5,Test,
replica3_2O9V_1,2O9V,10,3.54061,5,Test,
replica4_2O9V_1,2O9V,10,3.54061,5,Test,
replica5_2O9V_1,2O9V,10,3.54061,5,Test,
replica1_2O9V_15,2O9V,10,3.54061,5,Test,
replica2_2O9V_15,2O9V,10,3.54061,5,Test,
replica3_2O9V_15,2O9V,10,3.54061,5,Test,
replica4_2O9V_15,2O9V,10,3.54061,5,Test,
replica5_2O9V_15,2O9V,10,3.54061,5,Test,
replica1_2O9V_29,2O9V,10,3.54061,5,Test,
replica2_2O9V_29,2O9V,10,3.54061,5,Test,
replica3_2O9V_29,2O9V,10,3.54061,5,Test,
replica4_2O9V_29,2O9V,10,3.54061,5,Test,
replica5_2O9V_29,2O9V,10,3.54061,5,Test,
replica1_2O9V_43,2O9V,10,3.54061,5,Test,
replica2_2O9V_43,2O9V,10,3.54061,5,Test,
replica3_2O9V_43,2O9V,10,3.54061,5,Test,
replica4_2O9V_43,2O9V,10,3.54061,5,Test,
replica5_2O9V_43,2O9V,10,3.54061,5,Test,
replica1_2O9V_58,2O9V,10,3.54061,5,Test,
replica2_2O9V_58,2O9V,10,3.54061,5,Test,
replica3_2O9V_58,2O9V,10,3.54061,5,Test,
replica4_2O9V_58,2O9V,10,3.54061,5,Test,
replica5_2O9V_58,2O9V,10,3.54061,5,Test,
replica1_2O9V_72,2O9V,10,3.54061,5,Test,
replica2_2O9V_72,2O9V,10,3.54061,5,Test,
replica3_2O9V_72,2O9V,10,3.54061,5,Test,
replica4_2O9V_72,2O9V,10,3.54061,5,Test,
replica5_2O9V_72,2O9V,10,3.54061,5,Test,
replica1_2O9V_86,2O9V,10,3.54061,5,Test,
replica2_2O9V_86,2O9V,10,3.54061,5,Test,
replica3_2O9V_86,2O9V,10,3.54061,5,Test,
replica4_2O9V_86,2O9V,10,3.54061,5,Test,
replica5_2O9V_86,2O9V,10,3.54061,5,Test,
replica1_2O9V_100,2O9V,10,3.54061,5,Test,
replica2_2O9V_100,2O9V,10,3.54061,5,Test,
replica3_2O9V_100,2O9V,10,3.54061,5,Test,
replica4_2O9V_100,2O9V,10,3.54061,5,Test,
replica5_2O9V_100,2O9V,10,3.54061,5,Test,
replica1_2OEI_1,2OEI,9,3.91,56,Train,64
replica2_2OEI_1,2OEI,9,3.91,56,Train,64
replica3_2OEI_1,2OEI,9,3.91,56,Train,64
replica4_2OEI_1,2OEI,9,3.91,56,Train,64
replica5_2OEI_1,2OEI,9,3.91,56,Train,64
replica1_2OEI_8,2OEI,9,3.91,56,Train,64
replica2_2OEI_8,2OEI,9,3.91,56,Train,64
replica3_2OEI_8,2OEI,9,3.91,56,Train,64
replica4_2OEI_8,2OEI,9,3.91,56,Train,64
replica5_2OEI_8,2OEI,9,3.91,56,Train,64
replica1_2OEI_14,2OEI,9,3.91,56,Train,64
replica2_2OEI_14,2OEI,9,3.91,56,Train,64
replica3_2OEI_14,2OEI,9,3.91,56,Train,64
replica4_2OEI_14,2OEI,9,3.91,56,Train,64
replica5_2OEI_14,2OEI,9,3.91,56,Train,64
replica1_2OEI_21,2OEI,9,3.91,56,Train,64
replica2_2OEI_21,2OEI,9,3.91,56,Train,64
replica3_2OEI_21,2OEI,9,3.91,56,Train,64
replica4_2OEI_21,2OEI,9,3.91,56,Train,64
replica5_2OEI_21,2OEI,9,3.91,56,Train,64
replica1_2OEI_27,2OEI,9,3.91,56,Train,64
replica2_2OEI_27,2OEI,9,3.91,56,Train,64
replica3_2OEI_27,2OEI,9,3.91,56,Train,64
replica4_2OEI_27,2OEI,9,3.91,56,Train,64
replica5_2OEI_27,2OEI,9,3.91,56,Train,64
replica1_2OEI_34,2OEI,9,3.91,56,Train,64
replica2_2OEI_34,2OEI,9,3.91,56,Train,64
replica3_2OEI_34,2OEI,9,3.91,56,Train,64
replica4_2OEI_34,2OEI,9,3.91,56,Train,64
replica5_2OEI_34,2OEI,9,3.91,56,Train,64
replica1_2OEI_41,2OEI,9,3.91,56,Train,64
replica2_2OEI_41,2OEI,9,3.91,56,Train,64
replica3_2OEI_41,2OEI,9,3.91,56,Train,64
replica4_2OEI_41,2OEI,9,3.91,56,Train,64
replica5_2OEI_41,2OEI,9,3.91,56,Train,64
replica1_2OEI_47,2OEI,9,3.91,56,Train,64
replica2_2OEI_47,2OEI,9,3.91,56,Train,64
replica3_2OEI_47,2OEI,9,3.91,56,Train,64
replica4_2OEI_47,2OEI,9,3.91,56,Train,64
replica5_2OEI_47,2OEI,9,3.91,56,Train,64
replica1_2OEI_54,2OEI,9,3.91,56,Train,64
replica2_2OEI_54,2OEI,9,3.91,56,Train,64
replica3_2OEI_54,2OEI,9,3.91,56,Train,64
replica4_2OEI_54,2OEI,9,3.91,56,Train,64
replica5_2OEI_54,2OEI,9,3.91,56,Train,64
replica1_2OEI_60,2OEI,9,3.91,56,Train,64
replica2_2OEI_60,2OEI,9,3.91,56,Train,64
replica3_2OEI_60,2OEI,9,3.91,56,Train,64
replica4_2OEI_60,2OEI,9,3.91,56,Train,64
replica5_2OEI_60,2OEI,9,3.91,56,Train,64
replica1_2OEI_67,2OEI,9,3.91,56,Train,64
replica2_2OEI_67,2OEI,9,3.91,56,Train,64
replica3_2OEI_67,2OEI,9,3.91,56,Train,64
replica4_2OEI_67,2OEI,9,3.91,56,Train,64
replica5_2OEI_67,2OEI,9,3.91,56,Train,64
replica1_2OEI_74,2OEI,9,3.91,56,Train,64
replica2_2OEI_74,2OEI,9,3.91,56,Train,64
replica3_2OEI_74,2OEI,9,3.91,56,Train,64
replica4_2OEI_74,2OEI,9,3.91,56,Train,64
replica5_2OEI_74,2OEI,9,3.91,56,Train,64
replica1_2OEI_80,2OEI,9,3.91,56,Train,64
replica2_2OEI_80,2OEI,9,3.91,56,Train,64
replica3_2OEI_80,2OEI,9,3.91,56,Train,64
replica4_2OEI_80,2OEI,9,3.91,56,Train,64
replica5_2OEI_80,2OEI,9,3.91,56,Train,64
replica1_2OEI_87,2OEI,9,3.91,56,Train,64
replica2_2OEI_87,2OEI,9,3.91,56,Train,64
replica3_2OEI_87,2OEI,9,3.91,56,Train,64
replica4_2OEI_87,2OEI,9,3.91,56,Train,64
replica5_2OEI_87,2OEI,9,3.91,56,Train,64
replica1_2OEI_93,2OEI,9,3.91,56,Train,64
replica2_2OEI_93,2OEI,9,3.91,56,Train,64
replica3_2OEI_93,2OEI,9,3.91,56,Train,64
replica4_2OEI_93,2OEI,9,3.91,56,Train,64
replica5_2OEI_93,2OEI,9,3.91,56,Train,64
replica1_2OEI_100,2OEI,9,3.91,56,Train,64
replica2_2OEI_100,2OEI,9,3.91,56,Train,64
replica3_2OEI_100,2OEI,9,3.91,56,Train,64
replica4_2OEI_100,2OEI,9,3.91,56,Train,64
replica5_2OEI_100,2OEI,9,3.91,56,Train,64
replica1_2OR9_1,2OR9,11,6.3,57,Train,65
replica2_2OR9_1,2OR9,11,6.3,57,Train,65
replica3_2OR9_1,2OR9,11,6.3,57,Train,65
replica4_2OR9_1,2OR9,11,6.3,57,Train,65
replica5_2OR9_1,2OR9,11,6.3,57,Train,65
replica1_2OR9_8,2OR9,11,6.3,57,Train,65
replica2_2OR9_8,2OR9,11,6.3,57,Train,65
replica3_2OR9_8,2OR9,11,6.3,57,Train,65
replica4_2OR9_8,2OR9,11,6.3,57,Train,65
replica5_2OR9_8,2OR9,11,6.3,57,Train,65
replica1_2OR9_14,2OR9,11,6.3,57,Train,65
replica2_2OR9_14,2OR9,11,6.3,57,Train,65
replica3_2OR9_14,2OR9,11,6.3,57,Train,65
replica4_2OR9_14,2OR9,11,6.3,57,Train,65
replica5_2OR9_14,2OR9,11,6.3,57,Train,65
replica1_2OR9_21,2OR9,11,6.3,57,Train,65
replica2_2OR9_21,2OR9,11,6.3,57,Train,65
replica3_2OR9_21,2OR9,11,6.3,57,Train,65
replica4_2OR9_21,2OR9,11,6.3,57,Train,65
replica5_2OR9_21,2OR9,11,6.3,57,Train,65
replica1_2OR9_27,2OR9,11,6.3,57,Train,65
replica2_2OR9_27,2OR9,11,6.3,57,Train,65
replica3_2OR9_27,2OR9,11,6.3,57,Train,65
replica4_2OR9_27,2OR9,11,6.3,57,Train,65
replica5_2OR9_27,2OR9,11,6.3,57,Train,65
replica1_2OR9_34,2OR9,11,6.3,57,Train,65
replica2_2OR9_34,2OR9,11,6.3,57,Train,65
replica3_2OR9_34,2OR9,11,6.3,57,Train,65
replica4_2OR9_34,2OR9,11,6.3,57,Train,65
replica5_2OR9_34,2OR9,11,6.3,57,Train,65
replica1_2OR9_41,2OR9,11,6.3,57,Train,65
replica2_2OR9_41,2OR9,11,6.3,57,Train,65
replica3_2OR9_41,2OR9,11,6.3,57,Train,65
replica4_2OR9_41,2OR9,11,6.3,57,Train,65
replica5_2OR9_41,2OR9,11,6.3,57,Train,65
replica1_2OR9_47,2OR9,11,6.3,57,Train,65
replica2_2OR9_47,2OR9,11,6.3,57,Train,65
replica3_2OR9_47,2OR9,11,6.3,57,Train,65
replica4_2OR9_47,2OR9,11,6.3,57,Train,65
replica5_2OR9_47,2OR9,11,6.3,57,Train,65
replica1_2OR9_54,2OR9,11,6.3,57,Train,65
replica2_2OR9_54,2OR9,11,6.3,57,Train,65
replica3_2OR9_54,2OR9,11,6.3,57,Train,65
replica4_2OR9_54,2OR9,11,6.3,57,Train,65
replica5_2OR9_54,2OR9,11,6.3,57,Train,65
replica1_2OR9_60,2OR9,11,6.3,57,Train,65
replica2_2OR9_60,2OR9,11,6.3,57,Train,65
replica3_2OR9_60,2OR9,11,6.3,57,Train,65
replica4_2OR9_60,2OR9,11,6.3,57,Train,65
replica5_2OR9_60,2OR9,11,6.3,57,Train,65
replica1_2OR9_67,2OR9,11,6.3,57,Train,65
replica2_2OR9_67,2OR9,11,6.3,57,Train,65
replica3_2OR9_67,2OR9,11,6.3,57,Train,65
replica4_2OR9_67,2OR9,11,6.3,57,Train,65
replica5_2OR9_67,2OR9,11,6.3,57,Train,65
replica1_2OR9_74,2OR9,11,6.3,57,Train,65
replica2_2OR9_74,2OR9,11,6.3,57,Train,65
replica3_2OR9_74,2OR9,11,6.3,57,Train,65
replica4_2OR9_74,2OR9,11,6.3,57,Train,65
replica5_2OR9_74,2OR9,11,6.3,57,Train,65
replica1_2OR9_80,2OR9,11,6.3,57,Train,65
replica2_2OR9_80,2OR9,11,6.3,57,Train,65
replica3_2OR9_80,2OR9,11,6.3,57,Train,65
replica4_2OR9_80,2OR9,11,6.3,57,Train,65
replica5_2OR9_80,2OR9,11,6.3,57,Train,65
replica1_2OR9_87,2OR9,11,6.3,57,Train,65
replica2_2OR9_87,2OR9,11,6.3,57,Train,65
replica3_2OR9_87,2OR9,11,6.3,57,Train,65
replica4_2OR9_87,2OR9,11,6.3,57,Train,65
replica5_2OR9_87,2OR9,11,6.3,57,Train,65
replica1_2OR9_93,2OR9,11,6.3,57,Train,65
replica2_2OR9_93,2OR9,11,6.3,57,Train,65
replica3_2OR9_93,2OR9,11,6.3,57,Train,65
replica4_2OR9_93,2OR9,11,6.3,57,Train,65
replica5_2OR9_93,2OR9,11,6.3,57,Train,65
replica1_2OR9_100,2OR9,11,6.3,57,Train,65
replica2_2OR9_100,2OR9,11,6.3,57,Train,65
replica3_2OR9_100,2OR9,11,6.3,57,Train,65
replica4_2OR9_100,2OR9,11,6.3,57,Train,65
replica5_2OR9_100,2OR9,11,6.3,57,Train,65
replica1_2PEH_1,2PEH,10,5.95861,58,Train,66
replica2_2PEH_1,2PEH,10,5.95861,58,Train,66
replica3_2PEH_1,2PEH,10,5.95861,58,Train,66
replica4_2PEH_1,2PEH,10,5.95861,58,Train,66
replica5_2PEH_1,2PEH,10,5.95861,58,Train,66
replica1_2PEH_15,2PEH,10,5.95861,58,Train,66
replica2_2PEH_15,2PEH,10,5.95861,58,Train,66
replica3_2PEH_15,2PEH,10,5.95861,58,Train,66
replica4_2PEH_15,2PEH,10,5.95861,58,Train,66
replica5_2PEH_15,2PEH,10,5.95861,58,Train,66
replica1_2PEH_29,2PEH,10,5.95861,58,Train,66
replica2_2PEH_29,2PEH,10,5.95861,58,Train,66
replica3_2PEH_29,2PEH,10,5.95861,58,Train,66
replica4_2PEH_29,2PEH,10,5.95861,58,Train,66
replica5_2PEH_29,2PEH,10,5.95861,58,Train,66
replica1_2PEH_43,2PEH,10,5.95861,58,Train,66
replica2_2PEH_43,2PEH,10,5.95861,58,Train,66
replica3_2PEH_43,2PEH,10,5.95861,58,Train,66
replica4_2PEH_43,2PEH,10,5.95861,58,Train,66
replica5_2PEH_43,2PEH,10,5.95861,58,Train,66
replica1_2PEH_58,2PEH,10,5.95861,58,Train,66
replica2_2PEH_58,2PEH,10,5.95861,58,Train,66
replica3_2PEH_58,2PEH,10,5.95861,58,Train,66
replica4_2PEH_58,2PEH,10,5.95861,58,Train,66
replica5_2PEH_58,2PEH,10,5.95861,58,Train,66
replica1_2PEH_72,2PEH,10,5.95861,58,Train,66
replica2_2PEH_72,2PEH,10,5.95861,58,Train,66
replica3_2PEH_72,2PEH,10,5.95861,58,Train,66
replica4_2PEH_72,2PEH,10,5.95861,58,Train,66
replica5_2PEH_72,2PEH,10,5.95861,58,Train,66
replica1_2PEH_86,2PEH,10,5.95861,58,Train,66
replica2_2PEH_86,2PEH,10,5.95861,58,Train,66
replica3_2PEH_86,2PEH,10,5.95861,58,Train,66
replica4_2PEH_86,2PEH,10,5.95861,58,Train,66
replica5_2PEH_86,2PEH,10,5.95861,58,Train,66
replica1_2PEH_100,2PEH,10,5.95861,58,Train,66
replica2_2PEH_100,2PEH,10,5.95861,58,Train,66
replica3_2PEH_100,2PEH,10,5.95861,58,Train,66
replica4_2PEH_100,2PEH,10,5.95861,58,Train,66
replica5_2PEH_100,2PEH,10,5.95861,58,Train,66
replica1_2PEM_1,2PEM,7,3.63827,59,Test,
replica2_2PEM_1,2PEM,7,3.63827,59,Test,
replica3_2PEM_1,2PEM,7,3.63827,59,Test,
replica4_2PEM_1,2PEM,7,3.63827,59,Test,
replica5_2PEM_1,2PEM,7,3.63827,59,Test,
replica1_2PEM_8,2PEM,7,3.63827,59,Test,
replica2_2PEM_8,2PEM,7,3.63827,59,Test,
replica3_2PEM_8,2PEM,7,3.63827,59,Test,
replica4_2PEM_8,2PEM,7,3.63827,59,Test,
replica5_2PEM_8,2PEM,7,3.63827,59,Test,
replica1_2PEM_14,2PEM,7,3.63827,59,Test,
replica2_2PEM_14,2PEM,7,3.63827,59,Test,
replica3_2PEM_14,2PEM,7,3.63827,59,Test,
replica4_2PEM_14,2PEM,7,3.63827,59,Test,
replica5_2PEM_14,2PEM,7,3.63827,59,Test,
replica1_2PEM_21,2PEM,7,3.63827,59,Test,
replica2_2PEM_21,2PEM,7,3.63827,59,Test,
replica3_2PEM_21,2PEM,7,3.63827,59,Test,
replica4_2PEM_21,2PEM,7,3.63827,59,Test,
replica5_2PEM_21,2PEM,7,3.63827,59,Test,
replica1_2PEM_27,2PEM,7,3.63827,59,Test,
replica2_2PEM_27,2PEM,7,3.63827,59,Test,
replica3_2PEM_27,2PEM,7,3.63827,59,Test,
replica4_2PEM_27,2PEM,7,3.63827,59,Test,
replica5_2PEM_27,2PEM,7,3.63827,59,Test,
replica1_2PEM_34,2PEM,7,3.63827,59,Test,
replica2_2PEM_34,2PEM,7,3.63827,59,Test,
replica3_2PEM_34,2PEM,7,3.63827,59,Test,
replica4_2PEM_34,2PEM,7,3.63827,59,Test,
replica5_2PEM_34,2PEM,7,3.63827,59,Test,
replica1_2PEM_41,2PEM,7,3.63827,59,Test,
replica2_2PEM_41,2PEM,7,3.63827,59,Test,
replica3_2PEM_41,2PEM,7,3.63827,59,Test,
replica4_2PEM_41,2PEM,7,3.63827,59,Test,
replica5_2PEM_41,2PEM,7,3.63827,59,Test,
replica1_2PEM_47,2PEM,7,3.63827,59,Test,
replica2_2PEM_47,2PEM,7,3.63827,59,Test,
replica3_2PEM_47,2PEM,7,3.63827,59,Test,
replica4_2PEM_47,2PEM,7,3.63827,59,Test,
replica5_2PEM_47,2PEM,7,3.63827,59,Test,
replica1_2PEM_54,2PEM,7,3.63827,59,Test,
replica2_2PEM_54,2PEM,7,3.63827,59,Test,
replica3_2PEM_54,2PEM,7,3.63827,59,Test,
replica4_2PEM_54,2PEM,7,3.63827,59,Test,
replica5_2PEM_54,2PEM,7,3.63827,59,Test,
replica1_2PEM_60,2PEM,7,3.63827,59,Test,
replica2_2PEM_60,2PEM,7,3.63827,59,Test,
replica3_2PEM_60,2PEM,7,3.63827,59,Test,
replica4_2PEM_60,2PEM,7,3.63827,59,Test,
replica5_2PEM_60,2PEM,7,3.63827,59,Test,
replica1_2PEM_67,2PEM,7,3.63827,59,Test,
replica2_2PEM_67,2PEM,7,3.63827,59,Test,
replica3_2PEM_67,2PEM,7,3.63827,59,Test,
replica4_2PEM_67,2PEM,7,3.63827,59,Test,
replica5_2PEM_67,2PEM,7,3.63827,59,Test,
replica1_2PEM_74,2PEM,7,3.63827,59,Test,
replica2_2PEM_74,2PEM,7,3.63827,59,Test,
replica3_2PEM_74,2PEM,7,3.63827,59,Test,
replica4_2PEM_74,2PEM,7,3.63827,59,Test,
replica5_2PEM_74,2PEM,7,3.63827,59,Test,
replica1_2PEM_80,2PEM,7,3.63827,59,Test,
replica2_2PEM_80,2PEM,7,3.63827,59,Test,
replica3_2PEM_80,2PEM,7,3.63827,59,Test,
replica4_2PEM_80,2PEM,7,3.63827,59,Test,
replica5_2PEM_80,2PEM,7,3.63827,59,Test,
replica1_2PEM_87,2PEM,7,3.63827,59,Test,
replica2_2PEM_87,2PEM,7,3.63827,59,Test,
replica3_2PEM_87,2PEM,7,3.63827,59,Test,
replica4_2PEM_87,2PEM,7,3.63827,59,Test,
replica5_2PEM_87,2PEM,7,3.63827,59,Test,
replica1_2PEM_93,2PEM,7,3.63827,59,Test,
replica2_2PEM_93,2PEM,7,3.63827,59,Test,
replica3_2PEM_93,2PEM,7,3.63827,59,Test,
replica4_2PEM_93,2PEM,7,3.63827,59,Test,
replica5_2PEM_93,2PEM,7,3.63827,59,Test,
replica1_2PEM_100,2PEM,7,3.63827,59,Test,
replica2_2PEM_100,2PEM,7,3.63827,59,Test,
replica3_2PEM_100,2PEM,7,3.63827,59,Test,
replica4_2PEM_100,2PEM,7,3.63827,59,Test,
replica5_2PEM_100,2PEM,7,3.63827,59,Test,
replica1_2PR9_1,2PR9,10,7.37469,60,Train,67
replica2_2PR9_1,2PR9,10,7.37469,60,Train,67
replica3_2PR9_1,2PR9,10,7.37469,60,Train,67
replica4_2PR9_1,2PR9,10,7.37469,60,Train,67
replica5_2PR9_1,2PR9,10,7.37469,60,Train,67
replica1_2PR9_26,2PR9,10,7.37469,60,Train,67
replica2_2PR9_26,2PR9,10,7.37469,60,Train,67
replica3_2PR9_26,2PR9,10,7.37469,60,Train,67
replica4_2PR9_26,2PR9,10,7.37469,60,Train,67
replica5_2PR9_26,2PR9,10,7.37469,60,Train,67
replica1_2PR9_51,2PR9,10,7.37469,60,Train,67
replica2_2PR9_51,2PR9,10,7.37469,60,Train,67
replica3_2PR9_51,2PR9,10,7.37469,60,Train,67
replica4_2PR9_51,2PR9,10,7.37469,60,Train,67
replica5_2PR9_51,2PR9,10,7.37469,60,Train,67
replica1_2PR9_75,2PR9,10,7.37469,60,Train,67
replica2_2PR9_75,2PR9,10,7.37469,60,Train,67
replica3_2PR9_75,2PR9,10,7.37469,60,Train,67
replica4_2PR9_75,2PR9,10,7.37469,60,Train,67
replica5_2PR9_75,2PR9,10,7.37469,60,Train,67
replica1_2PR9_100,2PR9,10,7.37469,60,Train,67
replica2_2PR9_100,2PR9,10,7.37469,60,Train,67
replica3_2PR9_100,2PR9,10,7.37469,60,Train,67
replica4_2PR9_100,2PR9,10,7.37469,60,Train,67
replica5_2PR9_100,2PR9,10,7.37469,60,Train,67
replica1_2PUY_1,2PUY,10,4.52288,61,Train,68
replica2_2PUY_1,2PUY,10,4.52288,61,Train,68
replica3_2PUY_1,2PUY,10,4.52288,61,Train,68
replica4_2PUY_1,2PUY,10,4.52288,61,Train,68
replica5_2PUY_1,2PUY,10,4.52288,61,Train,68
replica1_2PUY_8,2PUY,10,4.52288,61,Train,68
replica2_2PUY_8,2PUY,10,4.52288,61,Train,68
replica3_2PUY_8,2PUY,10,4.52288,61,Train,68
replica4_2PUY_8,2PUY,10,4.52288,61,Train,68
replica5_2PUY_8,2PUY,10,4.52288,61,Train,68
replica1_2PUY_14,2PUY,10,4.52288,61,Train,68
replica2_2PUY_14,2PUY,10,4.52288,61,Train,68
replica3_2PUY_14,2PUY,10,4.52288,61,Train,68
replica4_2PUY_14,2PUY,10,4.52288,61,Train,68
replica5_2PUY_14,2PUY,10,4.52288,61,Train,68
replica1_2PUY_21,2PUY,10,4.52288,61,Train,68
replica2_2PUY_21,2PUY,10,4.52288,61,Train,68
replica3_2PUY_21,2PUY,10,4.52288,61,Train,68
replica4_2PUY_21,2PUY,10,4.52288,61,Train,68
replica5_2PUY_21,2PUY,10,4.52288,61,Train,68
replica1_2PUY_27,2PUY,10,4.52288,61,Train,68
replica2_2PUY_27,2PUY,10,4.52288,61,Train,68
replica3_2PUY_27,2PUY,10,4.52288,61,Train,68
replica4_2PUY_27,2PUY,10,4.52288,61,Train,68
replica5_2PUY_27,2PUY,10,4.52288,61,Train,68
replica1_2PUY_34,2PUY,10,4.52288,61,Train,68
replica2_2PUY_34,2PUY,10,4.52288,61,Train,68
replica3_2PUY_34,2PUY,10,4.52288,61,Train,68
replica4_2PUY_34,2PUY,10,4.52288,61,Train,68
replica5_2PUY_34,2PUY,10,4.52288,61,Train,68
replica1_2PUY_41,2PUY,10,4.52288,61,Train,68
replica2_2PUY_41,2PUY,10,4.52288,61,Train,68
replica3_2PUY_41,2PUY,10,4.52288,61,Train,68
replica4_2PUY_41,2PUY,10,4.52288,61,Train,68
replica5_2PUY_41,2PUY,10,4.52288,61,Train,68
replica1_2PUY_47,2PUY,10,4.52288,61,Train,68
replica2_2PUY_47,2PUY,10,4.52288,61,Train,68
replica3_2PUY_47,2PUY,10,4.52288,61,Train,68
replica4_2PUY_47,2PUY,10,4.52288,61,Train,68
replica5_2PUY_47,2PUY,10,4.52288,61,Train,68
replica1_2PUY_54,2PUY,10,4.52288,61,Train,68
replica2_2PUY_54,2PUY,10,4.52288,61,Train,68
replica3_2PUY_54,2PUY,10,4.52288,61,Train,68
replica4_2PUY_54,2PUY,10,4.52288,61,Train,68
replica5_2PUY_54,2PUY,10,4.52288,61,Train,68
replica1_2PUY_60,2PUY,10,4.52288,61,Train,68
replica2_2PUY_60,2PUY,10,4.52288,61,Train,68
replica3_2PUY_60,2PUY,10,4.52288,61,Train,68
replica4_2PUY_60,2PUY,10,4.52288,61,Train,68
replica5_2PUY_60,2PUY,10,4.52288,61,Train,68
replica1_2PUY_67,2PUY,10,4.52288,61,Train,68
replica2_2PUY_67,2PUY,10,4.52288,61,Train,68
replica3_2PUY_67,2PUY,10,4.52288,61,Train,68
replica4_2PUY_67,2PUY,10,4.52288,61,Train,68
replica5_2PUY_67,2PUY,10,4.52288,61,Train,68
replica1_2PUY_74,2PUY,10,4.52288,61,Train,68
replica2_2PUY_74,2PUY,10,4.52288,61,Train,68
replica3_2PUY_74,2PUY,10,4.52288,61,Train,68
replica4_2PUY_74,2PUY,10,4.52288,61,Train,68
replica5_2PUY_74,2PUY,10,4.52288,61,Train,68
replica1_2PUY_80,2PUY,10,4.52288,61,Train,68
replica2_2PUY_80,2PUY,10,4.52288,61,Train,68
replica3_2PUY_80,2PUY,10,4.52288,61,Train,68
replica4_2PUY_80,2PUY,10,4.52288,61,Train,68
replica5_2PUY_80,2PUY,10,4.52288,61,Train,68
replica1_2PUY_87,2PUY,10,4.52288,61,Train,68
replica2_2PUY_87,2PUY,10,4.52288,61,Train,68
replica3_2PUY_87,2PUY,10,4.52288,61,Train,68
replica4_2PUY_87,2PUY,10,4.52288,61,Train,68
replica5_2PUY_87,2PUY,10,4.52288,61,Train,68
replica1_2PUY_93,2PUY,10,4.52288,61,Train,68
replica2_2PUY_93,2PUY,10,4.52288,61,Train,68
replica3_2PUY_93,2PUY,10,4.52288,61,Train,68
replica4_2PUY_93,2PUY,10,4.52288,61,Train,68
replica5_2PUY_93,2PUY,10,4.52288,61,Train,68
replica1_2PUY_100,2PUY,10,4.52288,61,Train,68
replica2_2PUY_100,2PUY,10,4.52288,61,Train,68
replica3_2PUY_100,2PUY,10,4.52288,61,Train,68
replica4_2PUY_100,2PUY,10,4.52288,61,Train,68
replica5_2PUY_100,2PUY,10,4.52288,61,Train,68
replica1_2PV1_1,2PV1,7,7.14,62,Train,69
replica2_2PV1_1,2PV1,7,7.14,62,Train,69
replica3_2PV1_1,2PV1,7,7.14,62,Train,69
replica4_2PV1_1,2PV1,7,7.14,62,Train,69
replica5_2PV1_1,2PV1,7,7.14,62,Train,69
replica1_2PV1_15,2PV1,7,7.14,62,Train,69
replica2_2PV1_15,2PV1,7,7.14,62,Train,69
replica3_2PV1_15,2PV1,7,7.14,62,Train,69
replica4_2PV1_15,2PV1,7,7.14,62,Train,69
replica5_2PV1_15,2PV1,7,7.14,62,Train,69
replica1_2PV1_29,2PV1,7,7.14,62,Train,69
replica2_2PV1_29,2PV1,7,7.14,62,Train,69
replica3_2PV1_29,2PV1,7,7.14,62,Train,69
replica4_2PV1_29,2PV1,7,7.14,62,Train,69
replica5_2PV1_29,2PV1,7,7.14,62,Train,69
replica1_2PV1_43,2PV1,7,7.14,62,Train,69
replica2_2PV1_43,2PV1,7,7.14,62,Train,69
replica3_2PV1_43,2PV1,7,7.14,62,Train,69
replica4_2PV1_43,2PV1,7,7.14,62,Train,69
replica5_2PV1_43,2PV1,7,7.14,62,Train,69
replica1_2PV1_58,2PV1,7,7.14,62,Train,69
replica2_2PV1_58,2PV1,7,7.14,62,Train,69
replica3_2PV1_58,2PV1,7,7.14,62,Train,69
replica4_2PV1_58,2PV1,7,7.14,62,Train,69
replica5_2PV1_58,2PV1,7,7.14,62,Train,69
replica1_2PV1_72,2PV1,7,7.14,62,Train,69
replica2_2PV1_72,2PV1,7,7.14,62,Train,69
replica3_2PV1_72,2PV1,7,7.14,62,Train,69
replica4_2PV1_72,2PV1,7,7.14,62,Train,69
replica5_2PV1_72,2PV1,7,7.14,62,Train,69
replica1_2PV1_86,2PV1,7,7.14,62,Train,69
replica2_2PV1_86,2PV1,7,7.14,62,Train,69
replica3_2PV1_86,2PV1,7,7.14,62,Train,69
replica4_2PV1_86,2PV1,7,7.14,62,Train,69
replica5_2PV1_86,2PV1,7,7.14,62,Train,69
replica1_2PV1_100,2PV1,7,7.14,62,Train,69
replica2_2PV1_100,2PV1,7,7.14,62,Train,69
replica3_2PV1_100,2PV1,7,7.14,62,Train,69
replica4_2PV1_100,2PV1,7,7.14,62,Train,69
replica5_2PV1_100,2PV1,7,7.14,62,Train,69
replica1_2PV2_1,2PV2,12,5.91,63,Train,70
replica2_2PV2_1,2PV2,12,5.91,63,Train,70
replica3_2PV2_1,2PV2,12,5.91,63,Train,70
replica4_2PV2_1,2PV2,12,5.91,63,Train,70
replica5_2PV2_1,2PV2,12,5.91,63,Train,70
replica1_2PV2_15,2PV2,12,5.91,63,Train,70
replica2_2PV2_15,2PV2,12,5.91,63,Train,70
replica3_2PV2_15,2PV2,12,5.91,63,Train,70
replica4_2PV2_15,2PV2,12,5.91,63,Train,70
replica5_2PV2_15,2PV2,12,5.91,63,Train,70
replica1_2PV2_29,2PV2,12,5.91,63,Train,70
replica2_2PV2_29,2PV2,12,5.91,63,Train,70
replica3_2PV2_29,2PV2,12,5.91,63,Train,70
replica4_2PV2_29,2PV2,12,5.91,63,Train,70
replica5_2PV2_29,2PV2,12,5.91,63,Train,70
replica1_2PV2_43,2PV2,12,5.91,63,Train,70
replica2_2PV2_43,2PV2,12,5.91,63,Train,70
replica3_2PV2_43,2PV2,12,5.91,63,Train,70
replica4_2PV2_43,2PV2,12,5.91,63,Train,70
replica5_2PV2_43,2PV2,12,5.91,63,Train,70
replica1_2PV2_58,2PV2,12,5.91,63,Train,70
replica2_2PV2_58,2PV2,12,5.91,63,Train,70
replica3_2PV2_58,2PV2,12,5.91,63,Train,70
replica4_2PV2_58,2PV2,12,5.91,63,Train,70
replica5_2PV2_58,2PV2,12,5.91,63,Train,70
replica1_2PV2_72,2PV2,12,5.91,63,Train,70
replica2_2PV2_72,2PV2,12,5.91,63,Train,70
replica3_2PV2_72,2PV2,12,5.91,63,Train,70
replica4_2PV2_72,2PV2,12,5.91,63,Train,70
replica5_2PV2_72,2PV2,12,5.91,63,Train,70
replica1_2PV2_86,2PV2,12,5.91,63,Train,70
replica2_2PV2_86,2PV2,12,5.91,63,Train,70
replica3_2PV2_86,2PV2,12,5.91,63,Train,70
replica4_2PV2_86,2PV2,12,5.91,63,Train,70
replica5_2PV2_86,2PV2,12,5.91,63,Train,70
replica1_2PV2_100,2PV2,12,5.91,63,Train,70
replica2_2PV2_100,2PV2,12,5.91,63,Train,70
replica3_2PV2_100,2PV2,12,5.91,63,Train,70
replica4_2PV2_100,2PV2,12,5.91,63,Train,70
replica5_2PV2_100,2PV2,12,5.91,63,Train,70
replica1_2QBW_1,2QBW,8,7.25181,64,Test,
replica2_2QBW_1,2QBW,8,7.25181,64,Test,
replica3_2QBW_1,2QBW,8,7.25181,64,Test,
replica4_2QBW_1,2QBW,8,7.25181,64,Test,
replica5_2QBW_1,2QBW,8,7.25181,64,Test,
replica1_2QBW_8,2QBW,8,7.25181,64,Test,
replica2_2QBW_8,2QBW,8,7.25181,64,Test,
replica3_2QBW_8,2QBW,8,7.25181,64,Test,
replica4_2QBW_8,2QBW,8,7.25181,64,Test,
replica5_2QBW_8,2QBW,8,7.25181,64,Test,
replica1_2QBW_14,2QBW,8,7.25181,64,Test,
replica2_2QBW_14,2QBW,8,7.25181,64,Test,
replica3_2QBW_14,2QBW,8,7.25181,64,Test,
replica4_2QBW_14,2QBW,8,7.25181,64,Test,
replica5_2QBW_14,2QBW,8,7.25181,64,Test,
replica1_2QBW_21,2QBW,8,7.25181,64,Test,
replica2_2QBW_21,2QBW,8,7.25181,64,Test,
replica3_2QBW_21,2QBW,8,7.25181,64,Test,
replica4_2QBW_21,2QBW,8,7.25181,64,Test,
replica5_2QBW_21,2QBW,8,7.25181,64,Test,
replica1_2QBW_27,2QBW,8,7.25181,64,Test,
replica2_2QBW_27,2QBW,8,7.25181,64,Test,
replica3_2QBW_27,2QBW,8,7.25181,64,Test,
replica4_2QBW_27,2QBW,8,7.25181,64,Test,
replica5_2QBW_27,2QBW,8,7.25181,64,Test,
replica1_2QBW_34,2QBW,8,7.25181,64,Test,
replica2_2QBW_34,2QBW,8,7.25181,64,Test,
replica3_2QBW_34,2QBW,8,7.25181,64,Test,
replica4_2QBW_34,2QBW,8,7.25181,64,Test,
replica5_2QBW_34,2QBW,8,7.25181,64,Test,
replica1_2QBW_41,2QBW,8,7.25181,64,Test,
replica2_2QBW_41,2QBW,8,7.25181,64,Test,
replica3_2QBW_41,2QBW,8,7.25181,64,Test,
replica4_2QBW_41,2QBW,8,7.25181,64,Test,
replica5_2QBW_41,2QBW,8,7.25181,64,Test,
replica1_2QBW_47,2QBW,8,7.25181,64,Test,
replica2_2QBW_47,2QBW,8,7.25181,64,Test,
replica3_2QBW_47,2QBW,8,7.25181,64,Test,
replica4_2QBW_47,2QBW,8,7.25181,64,Test,
replica5_2QBW_47,2QBW,8,7.25181,64,Test,
replica1_2QBW_54,2QBW,8,7.25181,64,Test,
replica2_2QBW_54,2QBW,8,7.25181,64,Test,
replica3_2QBW_54,2QBW,8,7.25181,64,Test,
replica4_2QBW_54,2QBW,8,7.25181,64,Test,
replica5_2QBW_54,2QBW,8,7.25181,64,Test,
replica1_2QBW_60,2QBW,8,7.25181,64,Test,
replica2_2QBW_60,2QBW,8,7.25181,64,Test,
replica3_2QBW_60,2QBW,8,7.25181,64,Test,
replica4_2QBW_60,2QBW,8,7.25181,64,Test,
replica5_2QBW_60,2QBW,8,7.25181,64,Test,
replica1_2QBW_67,2QBW,8,7.25181,64,Test,
replica2_2QBW_67,2QBW,8,7.25181,64,Test,
replica3_2QBW_67,2QBW,8,7.25181,64,Test,
replica4_2QBW_67,2QBW,8,7.25181,64,Test,
replica5_2QBW_67,2QBW,8,7.25181,64,Test,
replica1_2QBW_74,2QBW,8,7.25181,64,Test,
replica2_2QBW_74,2QBW,8,7.25181,64,Test,
replica3_2QBW_74,2QBW,8,7.25181,64,Test,
replica4_2QBW_74,2QBW,8,7.25181,64,Test,
replica5_2QBW_74,2QBW,8,7.25181,64,Test,
replica1_2QBW_80,2QBW,8,7.25181,64,Test,
replica2_2QBW_80,2QBW,8,7.25181,64,Test,
replica3_2QBW_80,2QBW,8,7.25181,64,Test,
replica4_2QBW_80,2QBW,8,7.25181,64,Test,
replica5_2QBW_80,2QBW,8,7.25181,64,Test,
replica1_2QBW_87,2QBW,8,7.25181,64,Test,
replica2_2QBW_87,2QBW,8,7.25181,64,Test,
replica3_2QBW_87,2QBW,8,7.25181,64,Test,
replica4_2QBW_87,2QBW,8,7.25181,64,Test,
replica5_2QBW_87,2QBW,8,7.25181,64,Test,
replica1_2QBW_93,2QBW,8,7.25181,64,Test,
replica2_2QBW_93,2QBW,8,7.25181,64,Test,
replica3_2QBW_93,2QBW,8,7.25181,64,Test,
replica4_2QBW_93,2QBW,8,7.25181,64,Test,
replica5_2QBW_93,2QBW,8,7.25181,64,Test,
replica1_2QBW_100,2QBW,8,7.25181,64,Test,
replica2_2QBW_100,2QBW,8,7.25181,64,Test,
replica3_2QBW_100,2QBW,8,7.25181,64,Test,
replica4_2QBW_100,2QBW,8,7.25181,64,Test,
replica5_2QBW_100,2QBW,8,7.25181,64,Test,
replica1_2QHR_1,2QHR,11,7.39,65,Train,71
replica2_2QHR_1,2QHR,11,7.39,65,Train,71
replica3_2QHR_1,2QHR,11,7.39,65,Train,71
replica4_2QHR_1,2QHR,11,7.39,65,Train,71
replica5_2QHR_1,2QHR,11,7.39,65,Train,71
replica1_2QHR_8,2QHR,11,7.39,65,Train,71
replica2_2QHR_8,2QHR,11,7.39,65,Train,71
replica3_2QHR_8,2QHR,11,7.39,65,Train,71
replica4_2QHR_8,2QHR,11,7.39,65,Train,71
replica5_2QHR_8,2QHR,11,7.39,65,Train,71
replica1_2QHR_14,2QHR,11,7.39,65,Train,71
replica2_2QHR_14,2QHR,11,7.39,65,Train,71
replica3_2QHR_14,2QHR,11,7.39,65,Train,71
replica4_2QHR_14,2QHR,11,7.39,65,Train,71
replica5_2QHR_14,2QHR,11,7.39,65,Train,71
replica1_2QHR_21,2QHR,11,7.39,65,Train,71
replica2_2QHR_21,2QHR,11,7.39,65,Train,71
replica3_2QHR_21,2QHR,11,7.39,65,Train,71
replica4_2QHR_21,2QHR,11,7.39,65,Train,71
replica5_2QHR_21,2QHR,11,7.39,65,Train,71
replica1_2QHR_27,2QHR,11,7.39,65,Train,71
replica2_2QHR_27,2QHR,11,7.39,65,Train,71
replica3_2QHR_27,2QHR,11,7.39,65,Train,71
replica4_2QHR_27,2QHR,11,7.39,65,Train,71
replica5_2QHR_27,2QHR,11,7.39,65,Train,71
replica1_2QHR_34,2QHR,11,7.39,65,Train,71
replica2_2QHR_34,2QHR,11,7.39,65,Train,71
replica3_2QHR_34,2QHR,11,7.39,65,Train,71
replica4_2QHR_34,2QHR,11,7.39,65,Train,71
replica5_2QHR_34,2QHR,11,7.39,65,Train,71
replica1_2QHR_41,2QHR,11,7.39,65,Train,71
replica2_2QHR_41,2QHR,11,7.39,65,Train,71
replica3_2QHR_41,2QHR,11,7.39,65,Train,71
replica4_2QHR_41,2QHR,11,7.39,65,Train,71
replica5_2QHR_41,2QHR,11,7.39,65,Train,71
replica1_2QHR_47,2QHR,11,7.39,65,Train,71
replica2_2QHR_47,2QHR,11,7.39,65,Train,71
replica3_2QHR_47,2QHR,11,7.39,65,Train,71
replica4_2QHR_47,2QHR,11,7.39,65,Train,71
replica5_2QHR_47,2QHR,11,7.39,65,Train,71
replica1_2QHR_54,2QHR,11,7.39,65,Train,71
replica2_2QHR_54,2QHR,11,7.39,65,Train,71
replica3_2QHR_54,2QHR,11,7.39,65,Train,71
replica4_2QHR_54,2QHR,11,7.39,65,Train,71
replica5_2QHR_54,2QHR,11,7.39,65,Train,71
replica1_2QHR_60,2QHR,11,7.39,65,Train,71
replica2_2QHR_60,2QHR,11,7.39,65,Train,71
replica3_2QHR_60,2QHR,11,7.39,65,Train,71
replica4_2QHR_60,2QHR,11,7.39,65,Train,71
replica5_2QHR_60,2QHR,11,7.39,65,Train,71
replica1_2QHR_67,2QHR,11,7.39,65,Train,71
replica2_2QHR_67,2QHR,11,7.39,65,Train,71
replica3_2QHR_67,2QHR,11,7.39,65,Train,71
replica4_2QHR_67,2QHR,11,7.39,65,Train,71
replica5_2QHR_67,2QHR,11,7.39,65,Train,71
replica1_2QHR_74,2QHR,11,7.39,65,Train,71
replica2_2QHR_74,2QHR,11,7.39,65,Train,71
replica3_2QHR_74,2QHR,11,7.39,65,Train,71
replica4_2QHR_74,2QHR,11,7.39,65,Train,71
replica5_2QHR_74,2QHR,11,7.39,65,Train,71
replica1_2QHR_80,2QHR,11,7.39,65,Train,71
replica2_2QHR_80,2QHR,11,7.39,65,Train,71
replica3_2QHR_80,2QHR,11,7.39,65,Train,71
replica4_2QHR_80,2QHR,11,7.39,65,Train,71
replica5_2QHR_80,2QHR,11,7.39,65,Train,71
replica1_2QHR_87,2QHR,11,7.39,65,Train,71
replica2_2QHR_87,2QHR,11,7.39,65,Train,71
replica3_2QHR_87,2QHR,11,7.39,65,Train,71
replica4_2QHR_87,2QHR,11,7.39,65,Train,71
replica5_2QHR_87,2QHR,11,7.39,65,Train,71
replica1_2QHR_93,2QHR,11,7.39,65,Train,71
replica2_2QHR_93,2QHR,11,7.39,65,Train,71
replica3_2QHR_93,2QHR,11,7.39,65,Train,71
replica4_2QHR_93,2QHR,11,7.39,65,Train,71
replica5_2QHR_93,2QHR,11,7.39,65,Train,71
replica1_2QHR_100,2QHR,11,7.39,65,Train,71
replica2_2QHR_100,2QHR,11,7.39,65,Train,71
replica3_2QHR_100,2QHR,11,7.39,65,Train,71
replica4_2QHR_100,2QHR,11,7.39,65,Train,71
replica5_2QHR_100,2QHR,11,7.39,65,Train,71
replica1_2QKI_1,2QKI,15,6.41,66,Train,72
replica2_2QKI_1,2QKI,15,6.41,66,Train,72
replica3_2QKI_1,2QKI,15,6.41,66,Train,72
replica4_2QKI_1,2QKI,15,6.41,66,Train,72
replica5_2QKI_1,2QKI,15,6.41,66,Train,72
replica1_2QKI_8,2QKI,15,6.41,66,Train,72
replica2_2QKI_8,2QKI,15,6.41,66,Train,72
replica3_2QKI_8,2QKI,15,6.41,66,Train,72
replica4_2QKI_8,2QKI,15,6.41,66,Train,72
replica5_2QKI_8,2QKI,15,6.41,66,Train,72
replica1_2QKI_14,2QKI,15,6.41,66,Train,72
replica2_2QKI_14,2QKI,15,6.41,66,Train,72
replica3_2QKI_14,2QKI,15,6.41,66,Train,72
replica4_2QKI_14,2QKI,15,6.41,66,Train,72
replica5_2QKI_14,2QKI,15,6.41,66,Train,72
replica1_2QKI_21,2QKI,15,6.41,66,Train,72
replica2_2QKI_21,2QKI,15,6.41,66,Train,72
replica3_2QKI_21,2QKI,15,6.41,66,Train,72
replica4_2QKI_21,2QKI,15,6.41,66,Train,72
replica5_2QKI_21,2QKI,15,6.41,66,Train,72
replica1_2QKI_27,2QKI,15,6.41,66,Train,72
replica2_2QKI_27,2QKI,15,6.41,66,Train,72
replica3_2QKI_27,2QKI,15,6.41,66,Train,72
replica4_2QKI_27,2QKI,15,6.41,66,Train,72
replica5_2QKI_27,2QKI,15,6.41,66,Train,72
replica1_2QKI_34,2QKI,15,6.41,66,Train,72
replica2_2QKI_34,2QKI,15,6.41,66,Train,72
replica3_2QKI_34,2QKI,15,6.41,66,Train,72
replica4_2QKI_34,2QKI,15,6.41,66,Train,72
replica5_2QKI_34,2QKI,15,6.41,66,Train,72
replica1_2QKI_41,2QKI,15,6.41,66,Train,72
replica2_2QKI_41,2QKI,15,6.41,66,Train,72
replica3_2QKI_41,2QKI,15,6.41,66,Train,72
replica4_2QKI_41,2QKI,15,6.41,66,Train,72
replica5_2QKI_41,2QKI,15,6.41,66,Train,72
replica1_2QKI_47,2QKI,15,6.41,66,Train,72
replica2_2QKI_47,2QKI,15,6.41,66,Train,72
replica3_2QKI_47,2QKI,15,6.41,66,Train,72
replica4_2QKI_47,2QKI,15,6.41,66,Train,72
replica5_2QKI_47,2QKI,15,6.41,66,Train,72
replica1_2QKI_54,2QKI,15,6.41,66,Train,72
replica2_2QKI_54,2QKI,15,6.41,66,Train,72
replica3_2QKI_54,2QKI,15,6.41,66,Train,72
replica4_2QKI_54,2QKI,15,6.41,66,Train,72
replica5_2QKI_54,2QKI,15,6.41,66,Train,72
replica1_2QKI_60,2QKI,15,6.41,66,Train,72
replica2_2QKI_60,2QKI,15,6.41,66,Train,72
replica3_2QKI_60,2QKI,15,6.41,66,Train,72
replica4_2QKI_60,2QKI,15,6.41,66,Train,72
replica5_2QKI_60,2QKI,15,6.41,66,Train,72
replica1_2QKI_67,2QKI,15,6.41,66,Train,72
replica2_2QKI_67,2QKI,15,6.41,66,Train,72
replica3_2QKI_67,2QKI,15,6.41,66,Train,72
replica4_2QKI_67,2QKI,15,6.41,66,Train,72
replica5_2QKI_67,2QKI,15,6.41,66,Train,72
replica1_2QKI_74,2QKI,15,6.41,66,Train,72
replica2_2QKI_74,2QKI,15,6.41,66,Train,72
replica3_2QKI_74,2QKI,15,6.41,66,Train,72
replica4_2QKI_74,2QKI,15,6.41,66,Train,72
replica5_2QKI_74,2QKI,15,6.41,66,Train,72
replica1_2QKI_80,2QKI,15,6.41,66,Train,72
replica2_2QKI_80,2QKI,15,6.41,66,Train,72
replica3_2QKI_80,2QKI,15,6.41,66,Train,72
replica4_2QKI_80,2QKI,15,6.41,66,Train,72
replica5_2QKI_80,2QKI,15,6.41,66,Train,72
replica1_2QKI_87,2QKI,15,6.41,66,Train,72
replica2_2QKI_87,2QKI,15,6.41,66,Train,72
replica3_2QKI_87,2QKI,15,6.41,66,Train,72
replica4_2QKI_87,2QKI,15,6.41,66,Train,72
replica5_2QKI_87,2QKI,15,6.41,66,Train,72
replica1_2QKI_93,2QKI,15,6.41,66,Train,72
replica2_2QKI_93,2QKI,15,6.41,66,Train,72
replica3_2QKI_93,2QKI,15,6.41,66,Train,72
replica4_2QKI_93,2QKI,15,6.41,66,Train,72
replica5_2QKI_93,2QKI,15,6.41,66,Train,72
replica1_2QKI_100,2QKI,15,6.41,66,Train,72
replica2_2QKI_100,2QKI,15,6.41,66,Train,72
replica3_2QKI_100,2QKI,15,6.41,66,Train,72
replica4_2QKI_100,2QKI,15,6.41,66,Train,72
replica5_2QKI_100,2QKI,15,6.41,66,Train,72
replica1_2R02_1,2R02,11,5.1,67,Test,
replica2_2R02_1,2R02,11,5.1,67,Test,
replica3_2R02_1,2R02,11,5.1,67,Test,
replica4_2R02_1,2R02,11,5.1,67,Test,
replica5_2R02_1,2R02,11,5.1,67,Test,
replica1_2R02_51,2R02,11,5.1,67,Test,
replica2_2R02_51,2R02,11,5.1,67,Test,
replica3_2R02_51,2R02,11,5.1,67,Test,
replica4_2R02_51,2R02,11,5.1,67,Test,
replica5_2R02_51,2R02,11,5.1,67,Test,
replica1_2R02_100,2R02,11,5.1,67,Test,
replica2_2R02_100,2R02,11,5.1,67,Test,
replica3_2R02_100,2R02,11,5.1,67,Test,
replica4_2R02_100,2R02,11,5.1,67,Test,
replica5_2R02_100,2R02,11,5.1,67,Test,
replica1_2R03_1,2R03,8,5.1549,67,Test,
replica2_2R03_1,2R03,8,5.1549,67,Test,
replica3_2R03_1,2R03,8,5.1549,67,Test,
replica4_2R03_1,2R03,8,5.1549,67,Test,
replica5_2R03_1,2R03,8,5.1549,67,Test,
replica1_2R03_51,2R03,8,5.1549,67,Test,
replica2_2R03_51,2R03,8,5.1549,67,Test,
replica3_2R03_51,2R03,8,5.1549,67,Test,
replica4_2R03_51,2R03,8,5.1549,67,Test,
replica5_2R03_51,2R03,8,5.1549,67,Test,
replica1_2R03_100,2R03,8,5.1549,67,Test,
replica2_2R03_100,2R03,8,5.1549,67,Test,
replica3_2R03_100,2R03,8,5.1549,67,Test,
replica4_2R03_100,2R03,8,5.1549,67,Test,
replica5_2R03_100,2R03,8,5.1549,67,Test,
replica1_2R05_1,2R05,11,5.15,67,Test,
replica2_2R05_1,2R05,11,5.15,67,Test,
replica3_2R05_1,2R05,11,5.15,67,Test,
replica4_2R05_1,2R05,11,5.15,67,Test,
replica5_2R05_1,2R05,11,5.15,67,Test,
replica1_2R05_51,2R05,11,5.15,67,Test,
replica2_2R05_51,2R05,11,5.15,67,Test,
replica3_2R05_51,2R05,11,5.15,67,Test,
replica4_2R05_51,2R05,11,5.15,67,Test,
replica5_2R05_51,2R05,11,5.15,67,Test,
replica1_2R05_100,2R05,11,5.15,67,Test,
replica2_2R05_100,2R05,11,5.15,67,Test,
replica3_2R05_100,2R05,11,5.15,67,Test,
replica4_2R05_100,2R05,11,5.15,67,Test,
replica5_2R05_100,2R05,11,5.15,67,Test,
replica1_2R0Z_1,2R0Z,6,5.47,68,Train,73
replica2_2R0Z_1,2R0Z,6,5.47,68,Train,73
replica3_2R0Z_1,2R0Z,6,5.47,68,Train,73
replica4_2R0Z_1,2R0Z,6,5.47,68,Train,73
replica5_2R0Z_1,2R0Z,6,5.47,68,Train,73
replica1_2R0Z_51,2R0Z,6,5.47,68,Train,73
replica2_2R0Z_51,2R0Z,6,5.47,68,Train,73
replica3_2R0Z_51,2R0Z,6,5.47,68,Train,73
replica4_2R0Z_51,2R0Z,6,5.47,68,Train,73
replica5_2R0Z_51,2R0Z,6,5.47,68,Train,73
replica1_2R0Z_100,2R0Z,6,5.47,68,Train,73
replica2_2R0Z_100,2R0Z,6,5.47,68,Train,73
replica3_2R0Z_100,2R0Z,6,5.47,68,Train,73
replica4_2R0Z_100,2R0Z,6,5.47,68,Train,73
replica5_2R0Z_100,2R0Z,6,5.47,68,Train,73
replica1_2R7G_1,2R7G,10,6.04576,69,Train,74
replica2_2R7G_1,2R7G,10,6.04576,69,Train,74
replica3_2R7G_1,2R7G,10,6.04576,69,Train,74
replica4_2R7G_1,2R7G,10,6.04576,69,Train,74
replica5_2R7G_1,2R7G,10,6.04576,69,Train,74
replica1_2R7G_15,2R7G,10,6.04576,69,Train,74
replica2_2R7G_15,2R7G,10,6.04576,69,Train,74
replica3_2R7G_15,2R7G,10,6.04576,69,Train,74
replica4_2R7G_15,2R7G,10,6.04576,69,Train,74
replica5_2R7G_15,2R7G,10,6.04576,69,Train,74
replica1_2R7G_29,2R7G,10,6.04576,69,Train,74
replica2_2R7G_29,2R7G,10,6.04576,69,Train,74
replica3_2R7G_29,2R7G,10,6.04576,69,Train,74
replica4_2R7G_29,2R7G,10,6.04576,69,Train,74
replica5_2R7G_29,2R7G,10,6.04576,69,Train,74
replica1_2R7G_43,2R7G,10,6.04576,69,Train,74
replica2_2R7G_43,2R7G,10,6.04576,69,Train,74
replica3_2R7G_43,2R7G,10,6.04576,69,Train,74
replica4_2R7G_43,2R7G,10,6.04576,69,Train,74
replica5_2R7G_43,2R7G,10,6.04576,69,Train,74
replica1_2R7G_58,2R7G,10,6.04576,69,Train,74
replica2_2R7G_58,2R7G,10,6.04576,69,Train,74
replica3_2R7G_58,2R7G,10,6.04576,69,Train,74
replica4_2R7G_58,2R7G,10,6.04576,69,Train,74
replica5_2R7G_58,2R7G,10,6.04576,69,Train,74
replica1_2R7G_72,2R7G,10,6.04576,69,Train,74
replica2_2R7G_72,2R7G,10,6.04576,69,Train,74
replica3_2R7G_72,2R7G,10,6.04576,69,Train,74
replica4_2R7G_72,2R7G,10,6.04576,69,Train,74
replica5_2R7G_72,2R7G,10,6.04576,69,Train,74
replica1_2R7G_86,2R7G,10,6.04576,69,Train,74
replica2_2R7G_86,2R7G,10,6.04576,69,Train,74
replica3_2R7G_86,2R7G,10,6.04576,69,Train,74
replica4_2R7G_86,2R7G,10,6.04576,69,Train,74
replica5_2R7G_86,2R7G,10,6.04576,69,Train,74
replica1_2R7G_100,2R7G,10,6.04576,69,Train,74
replica2_2R7G_100,2R7G,10,6.04576,69,Train,74
replica3_2R7G_100,2R7G,10,6.04576,69,Train,74
replica4_2R7G_100,2R7G,10,6.04576,69,Train,74
replica5_2R7G_100,2R7G,10,6.04576,69,Train,74
replica1_2VR3_1,2VR3,13,4.98,70,Test,
replica2_2VR3_1,2VR3,13,4.98,70,Test,
replica3_2VR3_1,2VR3,13,4.98,70,Test,
replica4_2VR3_1,2VR3,13,4.98,70,Test,
replica5_2VR3_1,2VR3,13,4.98,70,Test,
replica1_2VR3_8,2VR3,13,4.98,70,Test,
replica2_2VR3_8,2VR3,13,4.98,70,Test,
replica3_2VR3_8,2VR3,13,4.98,70,Test,
replica4_2VR3_8,2VR3,13,4.98,70,Test,
replica5_2VR3_8,2VR3,13,4.98,70,Test,
replica1_2VR3_14,2VR3,13,4.98,70,Test,
replica2_2VR3_14,2VR3,13,4.98,70,Test,
replica3_2VR3_14,2VR3,13,4.98,70,Test,
replica4_2VR3_14,2VR3,13,4.98,70,Test,
replica5_2VR3_14,2VR3,13,4.98,70,Test,
replica1_2VR3_21,2VR3,13,4.98,70,Test,
replica2_2VR3_21,2VR3,13,4.98,70,Test,
replica3_2VR3_21,2VR3,13,4.98,70,Test,
replica4_2VR3_21,2VR3,13,4.98,70,Test,
replica5_2VR3_21,2VR3,13,4.98,70,Test,
replica1_2VR3_27,2VR3,13,4.98,70,Test,
replica2_2VR3_27,2VR3,13,4.98,70,Test,
replica3_2VR3_27,2VR3,13,4.98,70,Test,
replica4_2VR3_27,2VR3,13,4.98,70,Test,
replica5_2VR3_27,2VR3,13,4.98,70,Test,
replica1_2VR3_34,2VR3,13,4.98,70,Test,
replica2_2VR3_34,2VR3,13,4.98,70,Test,
replica3_2VR3_34,2VR3,13,4.98,70,Test,
replica4_2VR3_34,2VR3,13,4.98,70,Test,
replica5_2VR3_34,2VR3,13,4.98,70,Test,
replica1_2VR3_41,2VR3,13,4.98,70,Test,
replica2_2VR3_41,2VR3,13,4.98,70,Test,
replica3_2VR3_41,2VR3,13,4.98,70,Test,
replica4_2VR3_41,2VR3,13,4.98,70,Test,
replica5_2VR3_41,2VR3,13,4.98,70,Test,
replica1_2VR3_47,2VR3,13,4.98,70,Test,
replica2_2VR3_47,2VR3,13,4.98,70,Test,
replica3_2VR3_47,2VR3,13,4.98,70,Test,
replica4_2VR3_47,2VR3,13,4.98,70,Test,
replica5_2VR3_47,2VR3,13,4.98,70,Test,
replica1_2VR3_54,2VR3,13,4.98,70,Test,
replica2_2VR3_54,2VR3,13,4.98,70,Test,
replica3_2VR3_54,2VR3,13,4.98,70,Test,
replica4_2VR3_54,2VR3,13,4.98,70,Test,
replica5_2VR3_54,2VR3,13,4.98,70,Test,
replica1_2VR3_60,2VR3,13,4.98,70,Test,
replica2_2VR3_60,2VR3,13,4.98,70,Test,
replica3_2VR3_60,2VR3,13,4.98,70,Test,
replica4_2VR3_60,2VR3,13,4.98,70,Test,
replica5_2VR3_60,2VR3,13,4.98,70,Test,
replica1_2VR3_67,2VR3,13,4.98,70,Test,
replica2_2VR3_67,2VR3,13,4.98,70,Test,
replica3_2VR3_67,2VR3,13,4.98,70,Test,
replica4_2VR3_67,2VR3,13,4.98,70,Test,
replica5_2VR3_67,2VR3,13,4.98,70,Test,
replica1_2VR3_74,2VR3,13,4.98,70,Test,
replica2_2VR3_74,2VR3,13,4.98,70,Test,
replica3_2VR3_74,2VR3,13,4.98,70,Test,
replica4_2VR3_74,2VR3,13,4.98,70,Test,
replica5_2VR3_74,2VR3,13,4.98,70,Test,
replica1_2VR3_80,2VR3,13,4.98,70,Test,
replica2_2VR3_80,2VR3,13,4.98,70,Test,
replica3_2VR3_80,2VR3,13,4.98,70,Test,
replica4_2VR3_80,2VR3,13,4.98,70,Test,
replica5_2VR3_80,2VR3,13,4.98,70,Test,
replica1_2VR3_87,2VR3,13,4.98,70,Test,
replica2_2VR3_87,2VR3,13,4.98,70,Test,
replica3_2VR3_87,2VR3,13,4.98,70,Test,
replica4_2VR3_87,2VR3,13,4.98,70,Test,
replica5_2VR3_87,2VR3,13,4.98,70,Test,
replica1_2VR3_93,2VR3,13,4.98,70,Test,
replica2_2VR3_93,2VR3,13,4.98,70,Test,
replica3_2VR3_93,2VR3,13,4.98,70,Test,
replica4_2VR3_93,2VR3,13,4.98,70,Test,
replica5_2VR3_93,2VR3,13,4.98,70,Test,
replica1_2VR3_100,2VR3,13,4.98,70,Test,
replica2_2VR3_100,2VR3,13,4.98,70,Test,
replica3_2VR3_100,2VR3,13,4.98,70,Test,
replica4_2VR3_100,2VR3,13,4.98,70,Test,
replica5_2VR3_100,2VR3,13,4.98,70,Test,
replica1_2W0Z_1,2W0Z,9,4.0278,5,Test,
replica2_2W0Z_1,2W0Z,9,4.0278,5,Test,
replica3_2W0Z_1,2W0Z,9,4.0278,5,Test,
replica4_2W0Z_1,2W0Z,9,4.0278,5,Test,
replica5_2W0Z_1,2W0Z,9,4.0278,5,Test,
replica1_2W0Z_8,2W0Z,9,4.0278,5,Test,
replica2_2W0Z_8,2W0Z,9,4.0278,5,Test,
replica3_2W0Z_8,2W0Z,9,4.0278,5,Test,
replica4_2W0Z_8,2W0Z,9,4.0278,5,Test,
replica5_2W0Z_8,2W0Z,9,4.0278,5,Test,
replica1_2W0Z_14,2W0Z,9,4.0278,5,Test,
replica2_2W0Z_14,2W0Z,9,4.0278,5,Test,
replica3_2W0Z_14,2W0Z,9,4.0278,5,Test,
replica4_2W0Z_14,2W0Z,9,4.0278,5,Test,
replica5_2W0Z_14,2W0Z,9,4.0278,5,Test,
replica1_2W0Z_21,2W0Z,9,4.0278,5,Test,
replica2_2W0Z_21,2W0Z,9,4.0278,5,Test,
replica3_2W0Z_21,2W0Z,9,4.0278,5,Test,
replica4_2W0Z_21,2W0Z,9,4.0278,5,Test,
replica5_2W0Z_21,2W0Z,9,4.0278,5,Test,
replica1_2W0Z_27,2W0Z,9,4.0278,5,Test,
replica2_2W0Z_27,2W0Z,9,4.0278,5,Test,
replica3_2W0Z_27,2W0Z,9,4.0278,5,Test,
replica4_2W0Z_27,2W0Z,9,4.0278,5,Test,
replica5_2W0Z_27,2W0Z,9,4.0278,5,Test,
replica1_2W0Z_34,2W0Z,9,4.0278,5,Test,
replica2_2W0Z_34,2W0Z,9,4.0278,5,Test,
replica3_2W0Z_34,2W0Z,9,4.0278,5,Test,
replica4_2W0Z_34,2W0Z,9,4.0278,5,Test,
replica5_2W0Z_34,2W0Z,9,4.0278,5,Test,
replica1_2W0Z_41,2W0Z,9,4.0278,5,Test,
replica2_2W0Z_41,2W0Z,9,4.0278,5,Test,
replica3_2W0Z_41,2W0Z,9,4.0278,5,Test,
replica4_2W0Z_41,2W0Z,9,4.0278,5,Test,
replica5_2W0Z_41,2W0Z,9,4.0278,5,Test,
replica1_2W0Z_47,2W0Z,9,4.0278,5,Test,
replica2_2W0Z_47,2W0Z,9,4.0278,5,Test,
replica3_2W0Z_47,2W0Z,9,4.0278,5,Test,
replica4_2W0Z_47,2W0Z,9,4.0278,5,Test,
replica5_2W0Z_47,2W0Z,9,4.0278,5,Test,
replica1_2W0Z_54,2W0Z,9,4.0278,5,Test,
replica2_2W0Z_54,2W0Z,9,4.0278,5,Test,
replica3_2W0Z_54,2W0Z,9,4.0278,5,Test,
replica4_2W0Z_54,2W0Z,9,4.0278,5,Test,
replica5_2W0Z_54,2W0Z,9,4.0278,5,Test,
replica1_2W0Z_60,2W0Z,9,4.0278,5,Test,
replica2_2W0Z_60,2W0Z,9,4.0278,5,Test,
replica3_2W0Z_60,2W0Z,9,4.0278,5,Test,
replica4_2W0Z_60,2W0Z,9,4.0278,5,Test,
replica5_2W0Z_60,2W0Z,9,4.0278,5,Test,
replica1_2W0Z_67,2W0Z,9,4.0278,5,Test,
replica2_2W0Z_67,2W0Z,9,4.0278,5,Test,
replica3_2W0Z_67,2W0Z,9,4.0278,5,Test,
replica4_2W0Z_67,2W0Z,9,4.0278,5,Test,
replica5_2W0Z_67,2W0Z,9,4.0278,5,Test,
replica1_2W0Z_74,2W0Z,9,4.0278,5,Test,
replica2_2W0Z_74,2W0Z,9,4.0278,5,Test,
replica3_2W0Z_74,2W0Z,9,4.0278,5,Test,
replica4_2W0Z_74,2W0Z,9,4.0278,5,Test,
replica5_2W0Z_74,2W0Z,9,4.0278,5,Test,
replica1_2W0Z_80,2W0Z,9,4.0278,5,Test,
replica2_2W0Z_80,2W0Z,9,4.0278,5,Test,
replica3_2W0Z_80,2W0Z,9,4.0278,5,Test,
replica4_2W0Z_80,2W0Z,9,4.0278,5,Test,
replica5_2W0Z_80,2W0Z,9,4.0278,5,Test,
replica1_2W0Z_87,2W0Z,9,4.0278,5,Test,
replica2_2W0Z_87,2W0Z,9,4.0278,5,Test,
replica3_2W0Z_87,2W0Z,9,4.0278,5,Test,
replica4_2W0Z_87,2W0Z,9,4.0278,5,Test,
replica5_2W0Z_87,2W0Z,9,4.0278,5,Test,
replica1_2W0Z_93,2W0Z,9,4.0278,5,Test,
replica2_2W0Z_93,2W0Z,9,4.0278,5,Test,
replica3_2W0Z_93,2W0Z,9,4.0278,5,Test,
replica4_2W0Z_93,2W0Z,9,4.0278,5,Test,
replica5_2W0Z_93,2W0Z,9,4.0278,5,Test,
replica1_2W0Z_100,2W0Z,9,4.0278,5,Test,
replica2_2W0Z_100,2W0Z,9,4.0278,5,Test,
replica3_2W0Z_100,2W0Z,9,4.0278,5,Test,
replica4_2W0Z_100,2W0Z,9,4.0278,5,Test,
replica5_2W0Z_100,2W0Z,9,4.0278,5,Test,
replica1_2W2U_1,2W2U,14,4.46,71,Train,75
replica2_2W2U_1,2W2U,14,4.46,71,Train,75
replica3_2W2U_1,2W2U,14,4.46,71,Train,75
replica4_2W2U_1,2W2U,14,4.46,71,Train,75
replica5_2W2U_1,2W2U,14,4.46,71,Train,75
replica1_2W2U_8,2W2U,14,4.46,71,Train,75
replica2_2W2U_8,2W2U,14,4.46,71,Train,75
replica3_2W2U_8,2W2U,14,4.46,71,Train,75
replica4_2W2U_8,2W2U,14,4.46,71,Train,75
replica5_2W2U_8,2W2U,14,4.46,71,Train,75
replica1_2W2U_14,2W2U,14,4.46,71,Train,75
replica2_2W2U_14,2W2U,14,4.46,71,Train,75
replica3_2W2U_14,2W2U,14,4.46,71,Train,75
replica4_2W2U_14,2W2U,14,4.46,71,Train,75
replica5_2W2U_14,2W2U,14,4.46,71,Train,75
replica1_2W2U_21,2W2U,14,4.46,71,Train,75
replica2_2W2U_21,2W2U,14,4.46,71,Train,75
replica3_2W2U_21,2W2U,14,4.46,71,Train,75
replica4_2W2U_21,2W2U,14,4.46,71,Train,75
replica5_2W2U_21,2W2U,14,4.46,71,Train,75
replica1_2W2U_27,2W2U,14,4.46,71,Train,75
replica2_2W2U_27,2W2U,14,4.46,71,Train,75
replica3_2W2U_27,2W2U,14,4.46,71,Train,75
replica4_2W2U_27,2W2U,14,4.46,71,Train,75
replica5_2W2U_27,2W2U,14,4.46,71,Train,75
replica1_2W2U_34,2W2U,14,4.46,71,Train,75
replica2_2W2U_34,2W2U,14,4.46,71,Train,75
replica3_2W2U_34,2W2U,14,4.46,71,Train,75
replica4_2W2U_34,2W2U,14,4.46,71,Train,75
replica5_2W2U_34,2W2U,14,4.46,71,Train,75
replica1_2W2U_41,2W2U,14,4.46,71,Train,75
replica2_2W2U_41,2W2U,14,4.46,71,Train,75
replica3_2W2U_41,2W2U,14,4.46,71,Train,75
replica4_2W2U_41,2W2U,14,4.46,71,Train,75
replica5_2W2U_41,2W2U,14,4.46,71,Train,75
replica1_2W2U_47,2W2U,14,4.46,71,Train,75
replica2_2W2U_47,2W2U,14,4.46,71,Train,75
replica3_2W2U_47,2W2U,14,4.46,71,Train,75
replica4_2W2U_47,2W2U,14,4.46,71,Train,75
replica5_2W2U_47,2W2U,14,4.46,71,Train,75
replica1_2W2U_54,2W2U,14,4.46,71,Train,75
replica2_2W2U_54,2W2U,14,4.46,71,Train,75
replica3_2W2U_54,2W2U,14,4.46,71,Train,75
replica4_2W2U_54,2W2U,14,4.46,71,Train,75
replica5_2W2U_54,2W2U,14,4.46,71,Train,75
replica1_2W2U_60,2W2U,14,4.46,71,Train,75
replica2_2W2U_60,2W2U,14,4.46,71,Train,75
replica3_2W2U_60,2W2U,14,4.46,71,Train,75
replica4_2W2U_60,2W2U,14,4.46,71,Train,75
replica5_2W2U_60,2W2U,14,4.46,71,Train,75
replica1_2W2U_67,2W2U,14,4.46,71,Train,75
replica2_2W2U_67,2W2U,14,4.46,71,Train,75
replica3_2W2U_67,2W2U,14,4.46,71,Train,75
replica4_2W2U_67,2W2U,14,4.46,71,Train,75
replica5_2W2U_67,2W2U,14,4.46,71,Train,75
replica1_2W2U_74,2W2U,14,4.46,71,Train,75
replica2_2W2U_74,2W2U,14,4.46,71,Train,75
replica3_2W2U_74,2W2U,14,4.46,71,Train,75
replica4_2W2U_74,2W2U,14,4.46,71,Train,75
replica5_2W2U_74,2W2U,14,4.46,71,Train,75
replica1_2W2U_80,2W2U,14,4.46,71,Train,75
replica2_2W2U_80,2W2U,14,4.46,71,Train,75
replica3_2W2U_80,2W2U,14,4.46,71,Train,75
replica4_2W2U_80,2W2U,14,4.46,71,Train,75
replica5_2W2U_80,2W2U,14,4.46,71,Train,75
replica1_2W2U_87,2W2U,14,4.46,71,Train,75
replica2_2W2U_87,2W2U,14,4.46,71,Train,75
replica3_2W2U_87,2W2U,14,4.46,71,Train,75
replica4_2W2U_87,2W2U,14,4.46,71,Train,75
replica5_2W2U_87,2W2U,14,4.46,71,Train,75
replica1_2W2U_93,2W2U,14,4.46,71,Train,75
replica2_2W2U_93,2W2U,14,4.46,71,Train,75
replica3_2W2U_93,2W2U,14,4.46,71,Train,75
replica4_2W2U_93,2W2U,14,4.46,71,Train,75
replica5_2W2U_93,2W2U,14,4.46,71,Train,75
replica1_2W2U_100,2W2U,14,4.46,71,Train,75
replica2_2W2U_100,2W2U,14,4.46,71,Train,75
replica3_2W2U_100,2W2U,14,4.46,71,Train,75
replica4_2W2U_100,2W2U,14,4.46,71,Train,75
replica5_2W2U_100,2W2U,14,4.46,71,Train,75
replica1_2W9R_1,2W9R,11,5.32,72,Train,76
replica2_2W9R_1,2W9R,11,5.32,72,Train,76
replica3_2W9R_1,2W9R,11,5.32,72,Train,76
replica4_2W9R_1,2W9R,11,5.32,72,Train,76
replica5_2W9R_1,2W9R,11,5.32,72,Train,76
replica1_2W9R_8,2W9R,11,5.32,72,Train,76
replica2_2W9R_8,2W9R,11,5.32,72,Train,76
replica3_2W9R_8,2W9R,11,5.32,72,Train,76
replica4_2W9R_8,2W9R,11,5.32,72,Train,76
replica5_2W9R_8,2W9R,11,5.32,72,Train,76
replica1_2W9R_14,2W9R,11,5.32,72,Train,76
replica2_2W9R_14,2W9R,11,5.32,72,Train,76
replica3_2W9R_14,2W9R,11,5.32,72,Train,76
replica4_2W9R_14,2W9R,11,5.32,72,Train,76
replica5_2W9R_14,2W9R,11,5.32,72,Train,76
replica1_2W9R_21,2W9R,11,5.32,72,Train,76
replica2_2W9R_21,2W9R,11,5.32,72,Train,76
replica3_2W9R_21,2W9R,11,5.32,72,Train,76
replica4_2W9R_21,2W9R,11,5.32,72,Train,76
replica5_2W9R_21,2W9R,11,5.32,72,Train,76
replica1_2W9R_27,2W9R,11,5.32,72,Train,76
replica2_2W9R_27,2W9R,11,5.32,72,Train,76
replica3_2W9R_27,2W9R,11,5.32,72,Train,76
replica4_2W9R_27,2W9R,11,5.32,72,Train,76
replica5_2W9R_27,2W9R,11,5.32,72,Train,76
replica1_2W9R_34,2W9R,11,5.32,72,Train,76
replica2_2W9R_34,2W9R,11,5.32,72,Train,76
replica3_2W9R_34,2W9R,11,5.32,72,Train,76
replica4_2W9R_34,2W9R,11,5.32,72,Train,76
replica5_2W9R_34,2W9R,11,5.32,72,Train,76
replica1_2W9R_41,2W9R,11,5.32,72,Train,76
replica2_2W9R_41,2W9R,11,5.32,72,Train,76
replica3_2W9R_41,2W9R,11,5.32,72,Train,76
replica4_2W9R_41,2W9R,11,5.32,72,Train,76
replica5_2W9R_41,2W9R,11,5.32,72,Train,76
replica1_2W9R_47,2W9R,11,5.32,72,Train,76
replica2_2W9R_47,2W9R,11,5.32,72,Train,76
replica3_2W9R_47,2W9R,11,5.32,72,Train,76
replica4_2W9R_47,2W9R,11,5.32,72,Train,76
replica5_2W9R_47,2W9R,11,5.32,72,Train,76
replica1_2W9R_54,2W9R,11,5.32,72,Train,76
replica2_2W9R_54,2W9R,11,5.32,72,Train,76
replica3_2W9R_54,2W9R,11,5.32,72,Train,76
replica4_2W9R_54,2W9R,11,5.32,72,Train,76
replica5_2W9R_54,2W9R,11,5.32,72,Train,76
replica1_2W9R_60,2W9R,11,5.32,72,Train,76
replica2_2W9R_60,2W9R,11,5.32,72,Train,76
replica3_2W9R_60,2W9R,11,5.32,72,Train,76
replica4_2W9R_60,2W9R,11,5.32,72,Train,76
replica5_2W9R_60,2W9R,11,5.32,72,Train,76
replica1_2W9R_67,2W9R,11,5.32,72,Train,76
replica2_2W9R_67,2W9R,11,5.32,72,Train,76
replica3_2W9R_67,2W9R,11,5.32,72,Train,76
replica4_2W9R_67,2W9R,11,5.32,72,Train,76
replica5_2W9R_67,2W9R,11,5.32,72,Train,76
replica1_2W9R_74,2W9R,11,5.32,72,Train,76
replica2_2W9R_74,2W9R,11,5.32,72,Train,76
replica3_2W9R_74,2W9R,11,5.32,72,Train,76
replica4_2W9R_74,2W9R,11,5.32,72,Train,76
replica5_2W9R_74,2W9R,11,5.32,72,Train,76
replica1_2W9R_80,2W9R,11,5.32,72,Train,76
replica2_2W9R_80,2W9R,11,5.32,72,Train,76
replica3_2W9R_80,2W9R,11,5.32,72,Train,76
replica4_2W9R_80,2W9R,11,5.32,72,Train,76
replica5_2W9R_80,2W9R,11,5.32,72,Train,76
replica1_2W9R_87,2W9R,11,5.32,72,Train,76
replica2_2W9R_87,2W9R,11,5.32,72,Train,76
replica3_2W9R_87,2W9R,11,5.32,72,Train,76
replica4_2W9R_87,2W9R,11,5.32,72,Train,76
replica5_2W9R_87,2W9R,11,5.32,72,Train,76
replica1_2W9R_93,2W9R,11,5.32,72,Train,76
replica2_2W9R_93,2W9R,11,5.32,72,Train,76
replica3_2W9R_93,2W9R,11,5.32,72,Train,76
replica4_2W9R_93,2W9R,11,5.32,72,Train,76
replica5_2W9R_93,2W9R,11,5.32,72,Train,76
replica1_2W9R_100,2W9R,11,5.32,72,Train,76
replica2_2W9R_100,2W9R,11,5.32,72,Train,76
replica3_2W9R_100,2W9R,11,5.32,72,Train,76
replica4_2W9R_100,2W9R,11,5.32,72,Train,76
replica5_2W9R_100,2W9R,11,5.32,72,Train,76
replica1_2XHS_1,2XHS,9,6,73,Train,77
replica2_2XHS_1,2XHS,9,6,73,Train,77
replica3_2XHS_1,2XHS,9,6,73,Train,77
replica4_2XHS_1,2XHS,9,6,73,Train,77
replica5_2XHS_1,2XHS,9,6,73,Train,77
replica1_2XHS_8,2XHS,9,6,73,Train,77
replica2_2XHS_8,2XHS,9,6,73,Train,77
replica3_2XHS_8,2XHS,9,6,73,Train,77
replica4_2XHS_8,2XHS,9,6,73,Train,77
replica5_2XHS_8,2XHS,9,6,73,Train,77
replica1_2XHS_14,2XHS,9,6,73,Train,77
replica2_2XHS_14,2XHS,9,6,73,Train,77
replica3_2XHS_14,2XHS,9,6,73,Train,77
replica4_2XHS_14,2XHS,9,6,73,Train,77
replica5_2XHS_14,2XHS,9,6,73,Train,77
replica1_2XHS_21,2XHS,9,6,73,Train,77
replica2_2XHS_21,2XHS,9,6,73,Train,77
replica3_2XHS_21,2XHS,9,6,73,Train,77
replica4_2XHS_21,2XHS,9,6,73,Train,77
replica5_2XHS_21,2XHS,9,6,73,Train,77
replica1_2XHS_27,2XHS,9,6,73,Train,77
replica2_2XHS_27,2XHS,9,6,73,Train,77
replica3_2XHS_27,2XHS,9,6,73,Train,77
replica4_2XHS_27,2XHS,9,6,73,Train,77
replica5_2XHS_27,2XHS,9,6,73,Train,77
replica1_2XHS_34,2XHS,9,6,73,Train,77
replica2_2XHS_34,2XHS,9,6,73,Train,77
replica3_2XHS_34,2XHS,9,6,73,Train,77
replica4_2XHS_34,2XHS,9,6,73,Train,77
replica5_2XHS_34,2XHS,9,6,73,Train,77
replica1_2XHS_41,2XHS,9,6,73,Train,77
replica2_2XHS_41,2XHS,9,6,73,Train,77
replica3_2XHS_41,2XHS,9,6,73,Train,77
replica4_2XHS_41,2XHS,9,6,73,Train,77
replica5_2XHS_41,2XHS,9,6,73,Train,77
replica1_2XHS_47,2XHS,9,6,73,Train,77
replica2_2XHS_47,2XHS,9,6,73,Train,77
replica3_2XHS_47,2XHS,9,6,73,Train,77
replica4_2XHS_47,2XHS,9,6,73,Train,77
replica5_2XHS_47,2XHS,9,6,73,Train,77
replica1_2XHS_54,2XHS,9,6,73,Train,77
replica2_2XHS_54,2XHS,9,6,73,Train,77
replica3_2XHS_54,2XHS,9,6,73,Train,77
replica4_2XHS_54,2XHS,9,6,73,Train,77
replica5_2XHS_54,2XHS,9,6,73,Train,77
replica1_2XHS_60,2XHS,9,6,73,Train,77
replica2_2XHS_60,2XHS,9,6,73,Train,77
replica3_2XHS_60,2XHS,9,6,73,Train,77
replica4_2XHS_60,2XHS,9,6,73,Train,77
replica5_2XHS_60,2XHS,9,6,73,Train,77
replica1_2XHS_67,2XHS,9,6,73,Train,77
replica2_2XHS_67,2XHS,9,6,73,Train,77
replica3_2XHS_67,2XHS,9,6,73,Train,77
replica4_2XHS_67,2XHS,9,6,73,Train,77
replica5_2XHS_67,2XHS,9,6,73,Train,77
replica1_2XHS_74,2XHS,9,6,73,Train,77
replica2_2XHS_74,2XHS,9,6,73,Train,77
replica3_2XHS_74,2XHS,9,6,73,Train,77
replica4_2XHS_74,2XHS,9,6,73,Train,77
replica5_2XHS_74,2XHS,9,6,73,Train,77
replica1_2XHS_80,2XHS,9,6,73,Train,77
replica2_2XHS_80,2XHS,9,6,73,Train,77
replica3_2XHS_80,2XHS,9,6,73,Train,77
replica4_2XHS_80,2XHS,9,6,73,Train,77
replica5_2XHS_80,2XHS,9,6,73,Train,77
replica1_2XHS_87,2XHS,9,6,73,Train,77
replica2_2XHS_87,2XHS,9,6,73,Train,77
replica3_2XHS_87,2XHS,9,6,73,Train,77
replica4_2XHS_87,2XHS,9,6,73,Train,77
replica5_2XHS_87,2XHS,9,6,73,Train,77
replica1_2XHS_93,2XHS,9,6,73,Train,77
replica2_2XHS_93,2XHS,9,6,73,Train,77
replica3_2XHS_93,2XHS,9,6,73,Train,77
replica4_2XHS_93,2XHS,9,6,73,Train,77
replica5_2XHS_93,2XHS,9,6,73,Train,77
replica1_2XHS_100,2XHS,9,6,73,Train,77
replica2_2XHS_100,2XHS,9,6,73,Train,77
replica3_2XHS_100,2XHS,9,6,73,Train,77
replica4_2XHS_100,2XHS,9,6,73,Train,77
replica5_2XHS_100,2XHS,9,6,73,Train,77
replica1_2XRW_1,2XRW,14,5.15,74,Train,78
replica2_2XRW_1,2XRW,14,5.15,74,Train,78
replica3_2XRW_1,2XRW,14,5.15,74,Train,78
replica4_2XRW_1,2XRW,14,5.15,74,Train,78
replica5_2XRW_1,2XRW,14,5.15,74,Train,78
replica1_2XRW_34,2XRW,14,5.15,74,Train,78
replica2_2XRW_34,2XRW,14,5.15,74,Train,78
replica3_2XRW_34,2XRW,14,5.15,74,Train,78
replica4_2XRW_34,2XRW,14,5.15,74,Train,78
replica5_2XRW_34,2XRW,14,5.15,74,Train,78
replica1_2XRW_67,2XRW,14,5.15,74,Train,78
replica2_2XRW_67,2XRW,14,5.15,74,Train,78
replica3_2XRW_67,2XRW,14,5.15,74,Train,78
replica4_2XRW_67,2XRW,14,5.15,74,Train,78
replica5_2XRW_67,2XRW,14,5.15,74,Train,78
replica1_2XRW_100,2XRW,14,5.15,74,Train,78
replica2_2XRW_100,2XRW,14,5.15,74,Train,78
replica3_2XRW_100,2XRW,14,5.15,74,Train,78
replica4_2XRW_100,2XRW,14,5.15,74,Train,78
replica5_2XRW_100,2XRW,14,5.15,74,Train,78
replica1_2XS0_1,2XS0,14,5.15,74,Train,78
replica2_2XS0_1,2XS0,14,5.15,74,Train,78
replica3_2XS0_1,2XS0,14,5.15,74,Train,78
replica4_2XS0_1,2XS0,14,5.15,74,Train,78
replica5_2XS0_1,2XS0,14,5.15,74,Train,78
replica1_2XS0_34,2XS0,14,5.15,74,Train,78
replica2_2XS0_34,2XS0,14,5.15,74,Train,78
replica3_2XS0_34,2XS0,14,5.15,74,Train,78
replica4_2XS0_34,2XS0,14,5.15,74,Train,78
replica5_2XS0_34,2XS0,14,5.15,74,Train,78
replica1_2XS0_67,2XS0,14,5.15,74,Train,78
replica2_2XS0_67,2XS0,14,5.15,74,Train,78
replica3_2XS0_67,2XS0,14,5.15,74,Train,78
replica4_2XS0_67,2XS0,14,5.15,74,Train,78
replica5_2XS0_67,2XS0,14,5.15,74,Train,78
replica1_2XS0_100,2XS0,14,5.15,74,Train,78
replica2_2XS0_100,2XS0,14,5.15,74,Train,78
replica3_2XS0_100,2XS0,14,5.15,74,Train,78
replica4_2XS0_100,2XS0,14,5.15,74,Train,78
replica5_2XS0_100,2XS0,14,5.15,74,Train,78
replica1_2XXN_1,2XXN,15,6.41,75,Train,79
replica2_2XXN_1,2XXN,15,6.41,75,Train,79
replica3_2XXN_1,2XXN,15,6.41,75,Train,79
replica4_2XXN_1,2XXN,15,6.41,75,Train,79
replica5_2XXN_1,2XXN,15,6.41,75,Train,79
replica1_2XXN_26,2XXN,15,6.41,75,Train,79
replica2_2XXN_26,2XXN,15,6.41,75,Train,79
replica3_2XXN_26,2XXN,15,6.41,75,Train,79
replica4_2XXN_26,2XXN,15,6.41,75,Train,79
replica5_2XXN_26,2XXN,15,6.41,75,Train,79
replica1_2XXN_51,2XXN,15,6.41,75,Train,79
replica2_2XXN_51,2XXN,15,6.41,75,Train,79
replica3_2XXN_51,2XXN,15,6.41,75,Train,79
replica4_2XXN_51,2XXN,15,6.41,75,Train,79
replica5_2XXN_51,2XXN,15,6.41,75,Train,79
replica1_2XXN_75,2XXN,15,6.41,75,Train,79
replica2_2XXN_75,2XXN,15,6.41,75,Train,79
replica3_2XXN_75,2XXN,15,6.41,75,Train,79
replica4_2XXN_75,2XXN,15,6.41,75,Train,79
replica5_2XXN_75,2XXN,15,6.41,75,Train,79
replica1_2XXN_100,2XXN,15,6.41,75,Train,79
replica2_2XXN_100,2XXN,15,6.41,75,Train,79
replica3_2XXN_100,2XXN,15,6.41,75,Train,79
replica4_2XXN_100,2XXN,15,6.41,75,Train,79
replica5_2XXN_100,2XXN,15,6.41,75,Train,79
replica1_2YNN_1,2YNN,8,5.17,76,Train,80
replica2_2YNN_1,2YNN,8,5.17,76,Train,80
replica3_2YNN_1,2YNN,8,5.17,76,Train,80
replica4_2YNN_1,2YNN,8,5.17,76,Train,80
replica5_2YNN_1,2YNN,8,5.17,76,Train,80
replica1_2YNN_100,2YNN,8,5.17,76,Train,80
replica2_2YNN_100,2YNN,8,5.17,76,Train,80
replica3_2YNN_100,2YNN,8,5.17,76,Train,80
replica4_2YNN_100,2YNN,8,5.17,76,Train,80
replica5_2YNN_100,2YNN,8,5.17,76,Train,80
replica1_2Z5S_1,2Z5S,15,5.66,77,Train,81
replica2_2Z5S_1,2Z5S,15,5.66,77,Train,81
replica3_2Z5S_1,2Z5S,15,5.66,77,Train,81
replica4_2Z5S_1,2Z5S,15,5.66,77,Train,81
replica5_2Z5S_1,2Z5S,15,5.66,77,Train,81
replica1_2Z5S_15,2Z5S,15,5.66,77,Train,81
replica2_2Z5S_15,2Z5S,15,5.66,77,Train,81
replica3_2Z5S_15,2Z5S,15,5.66,77,Train,81
replica4_2Z5S_15,2Z5S,15,5.66,77,Train,81
replica5_2Z5S_15,2Z5S,15,5.66,77,Train,81
replica1_2Z5S_29,2Z5S,15,5.66,77,Train,81
replica2_2Z5S_29,2Z5S,15,5.66,77,Train,81
replica3_2Z5S_29,2Z5S,15,5.66,77,Train,81
replica4_2Z5S_29,2Z5S,15,5.66,77,Train,81
replica5_2Z5S_29,2Z5S,15,5.66,77,Train,81
replica1_2Z5S_43,2Z5S,15,5.66,77,Train,81
replica2_2Z5S_43,2Z5S,15,5.66,77,Train,81
replica3_2Z5S_43,2Z5S,15,5.66,77,Train,81
replica4_2Z5S_43,2Z5S,15,5.66,77,Train,81
replica5_2Z5S_43,2Z5S,15,5.66,77,Train,81
replica1_2Z5S_58,2Z5S,15,5.66,77,Train,81
replica2_2Z5S_58,2Z5S,15,5.66,77,Train,81
replica3_2Z5S_58,2Z5S,15,5.66,77,Train,81
replica4_2Z5S_58,2Z5S,15,5.66,77,Train,81
replica5_2Z5S_58,2Z5S,15,5.66,77,Train,81
replica1_2Z5S_72,2Z5S,15,5.66,77,Train,81
replica2_2Z5S_72,2Z5S,15,5.66,77,Train,81
replica3_2Z5S_72,2Z5S,15,5.66,77,Train,81
replica4_2Z5S_72,2Z5S,15,5.66,77,Train,81
replica5_2Z5S_72,2Z5S,15,5.66,77,Train,81
replica1_2Z5S_86,2Z5S,15,5.66,77,Train,81
replica2_2Z5S_86,2Z5S,15,5.66,77,Train,81
replica3_2Z5S_86,2Z5S,15,5.66,77,Train,81
replica4_2Z5S_86,2Z5S,15,5.66,77,Train,81
replica5_2Z5S_86,2Z5S,15,5.66,77,Train,81
replica1_2Z5S_100,2Z5S,15,5.66,77,Train,81
replica2_2Z5S_100,2Z5S,15,5.66,77,Train,81
replica3_2Z5S_100,2Z5S,15,5.66,77,Train,81
replica4_2Z5S_100,2Z5S,15,5.66,77,Train,81
replica5_2Z5S_100,2Z5S,15,5.66,77,Train,81
replica1_2Z5T_1,2Z5T,15,5.62,77,Train,81
replica2_2Z5T_1,2Z5T,15,5.62,77,Train,81
replica3_2Z5T_1,2Z5T,15,5.62,77,Train,81
replica4_2Z5T_1,2Z5T,15,5.62,77,Train,81
replica5_2Z5T_1,2Z5T,15,5.62,77,Train,81
replica1_2Z5T_15,2Z5T,15,5.62,77,Train,81
replica2_2Z5T_15,2Z5T,15,5.62,77,Train,81
replica3_2Z5T_15,2Z5T,15,5.62,77,Train,81
replica4_2Z5T_15,2Z5T,15,5.62,77,Train,81
replica5_2Z5T_15,2Z5T,15,5.62,77,Train,81
replica1_2Z5T_29,2Z5T,15,5.62,77,Train,81
replica2_2Z5T_29,2Z5T,15,5.62,77,Train,81
replica3_2Z5T_29,2Z5T,15,5.62,77,Train,81
replica4_2Z5T_29,2Z5T,15,5.62,77,Train,81
replica5_2Z5T_29,2Z5T,15,5.62,77,Train,81
replica1_2Z5T_43,2Z5T,15,5.62,77,Train,81
replica2_2Z5T_43,2Z5T,15,5.62,77,Train,81
replica3_2Z5T_43,2Z5T,15,5.62,77,Train,81
replica4_2Z5T_43,2Z5T,15,5.62,77,Train,81
replica5_2Z5T_43,2Z5T,15,5.62,77,Train,81
replica1_2Z5T_58,2Z5T,15,5.62,77,Train,81
replica2_2Z5T_58,2Z5T,15,5.62,77,Train,81
replica3_2Z5T_58,2Z5T,15,5.62,77,Train,81
replica4_2Z5T_58,2Z5T,15,5.62,77,Train,81
replica5_2Z5T_58,2Z5T,15,5.62,77,Train,81
replica1_2Z5T_72,2Z5T,15,5.62,77,Train,81
replica2_2Z5T_72,2Z5T,15,5.62,77,Train,81
replica3_2Z5T_72,2Z5T,15,5.62,77,Train,81
replica4_2Z5T_72,2Z5T,15,5.62,77,Train,81
replica5_2Z5T_72,2Z5T,15,5.62,77,Train,81
replica1_2Z5T_86,2Z5T,15,5.62,77,Train,81
replica2_2Z5T_86,2Z5T,15,5.62,77,Train,81
replica3_2Z5T_86,2Z5T,15,5.62,77,Train,81
replica4_2Z5T_86,2Z5T,15,5.62,77,Train,81
replica5_2Z5T_86,2Z5T,15,5.62,77,Train,81
replica1_2Z5T_100,2Z5T,15,5.62,77,Train,81
replica2_2Z5T_100,2Z5T,15,5.62,77,Train,81
replica3_2Z5T_100,2Z5T,15,5.62,77,Train,81
replica4_2Z5T_100,2Z5T,15,5.62,77,Train,81
replica5_2Z5T_100,2Z5T,15,5.62,77,Train,81
replica1_2ZPK_1,2ZPK,8,7.75696,78,Train,82
replica2_2ZPK_1,2ZPK,8,7.75696,78,Train,82
replica3_2ZPK_1,2ZPK,8,7.75696,78,Train,82
replica4_2ZPK_1,2ZPK,8,7.75696,78,Train,82
replica5_2ZPK_1,2ZPK,8,7.75696,78,Train,82
replica1_2ZPK_8,2ZPK,8,7.75696,78,Train,82
replica2_2ZPK_8,2ZPK,8,7.75696,78,Train,82
replica3_2ZPK_8,2ZPK,8,7.75696,78,Train,82
replica4_2ZPK_8,2ZPK,8,7.75696,78,Train,82
replica5_2ZPK_8,2ZPK,8,7.75696,78,Train,82
replica1_2ZPK_14,2ZPK,8,7.75696,78,Train,82
replica2_2ZPK_14,2ZPK,8,7.75696,78,Train,82
replica3_2ZPK_14,2ZPK,8,7.75696,78,Train,82
replica4_2ZPK_14,2ZPK,8,7.75696,78,Train,82
replica5_2ZPK_14,2ZPK,8,7.75696,78,Train,82
replica1_2ZPK_21,2ZPK,8,7.75696,78,Train,82
replica2_2ZPK_21,2ZPK,8,7.75696,78,Train,82
replica3_2ZPK_21,2ZPK,8,7.75696,78,Train,82
replica4_2ZPK_21,2ZPK,8,7.75696,78,Train,82
replica5_2ZPK_21,2ZPK,8,7.75696,78,Train,82
replica1_2ZPK_27,2ZPK,8,7.75696,78,Train,82
replica2_2ZPK_27,2ZPK,8,7.75696,78,Train,82
replica3_2ZPK_27,2ZPK,8,7.75696,78,Train,82
replica4_2ZPK_27,2ZPK,8,7.75696,78,Train,82
replica5_2ZPK_27,2ZPK,8,7.75696,78,Train,82
replica1_2ZPK_34,2ZPK,8,7.75696,78,Train,82
replica2_2ZPK_34,2ZPK,8,7.75696,78,Train,82
replica3_2ZPK_34,2ZPK,8,7.75696,78,Train,82
replica4_2ZPK_34,2ZPK,8,7.75696,78,Train,82
replica5_2ZPK_34,2ZPK,8,7.75696,78,Train,82
replica1_2ZPK_41,2ZPK,8,7.75696,78,Train,82
replica2_2ZPK_41,2ZPK,8,7.75696,78,Train,82
replica3_2ZPK_41,2ZPK,8,7.75696,78,Train,82
replica4_2ZPK_41,2ZPK,8,7.75696,78,Train,82
replica5_2ZPK_41,2ZPK,8,7.75696,78,Train,82
replica1_2ZPK_47,2ZPK,8,7.75696,78,Train,82
replica2_2ZPK_47,2ZPK,8,7.75696,78,Train,82
replica3_2ZPK_47,2ZPK,8,7.75696,78,Train,82
replica4_2ZPK_47,2ZPK,8,7.75696,78,Train,82
replica5_2ZPK_47,2ZPK,8,7.75696,78,Train,82
replica1_2ZPK_54,2ZPK,8,7.75696,78,Train,82
replica2_2ZPK_54,2ZPK,8,7.75696,78,Train,82
replica3_2ZPK_54,2ZPK,8,7.75696,78,Train,82
replica4_2ZPK_54,2ZPK,8,7.75696,78,Train,82
replica5_2ZPK_54,2ZPK,8,7.75696,78,Train,82
replica1_2ZPK_60,2ZPK,8,7.75696,78,Train,82
replica2_2ZPK_60,2ZPK,8,7.75696,78,Train,82
replica3_2ZPK_60,2ZPK,8,7.75696,78,Train,82
replica4_2ZPK_60,2ZPK,8,7.75696,78,Train,82
replica5_2ZPK_60,2ZPK,8,7.75696,78,Train,82
replica1_2ZPK_67,2ZPK,8,7.75696,78,Train,82
replica2_2ZPK_67,2ZPK,8,7.75696,78,Train,82
replica3_2ZPK_67,2ZPK,8,7.75696,78,Train,82
replica4_2ZPK_67,2ZPK,8,7.75696,78,Train,82
replica5_2ZPK_67,2ZPK,8,7.75696,78,Train,82
replica1_2ZPK_74,2ZPK,8,7.75696,78,Train,82
replica2_2ZPK_74,2ZPK,8,7.75696,78,Train,82
replica3_2ZPK_74,2ZPK,8,7.75696,78,Train,82
replica4_2ZPK_74,2ZPK,8,7.75696,78,Train,82
replica5_2ZPK_74,2ZPK,8,7.75696,78,Train,82
replica1_2ZPK_80,2ZPK,8,7.75696,78,Train,82
replica2_2ZPK_80,2ZPK,8,7.75696,78,Train,82
replica3_2ZPK_80,2ZPK,8,7.75696,78,Train,82
replica4_2ZPK_80,2ZPK,8,7.75696,78,Train,82
replica5_2ZPK_80,2ZPK,8,7.75696,78,Train,82
replica1_2ZPK_87,2ZPK,8,7.75696,78,Train,82
replica2_2ZPK_87,2ZPK,8,7.75696,78,Train,82
replica3_2ZPK_87,2ZPK,8,7.75696,78,Train,82
replica4_2ZPK_87,2ZPK,8,7.75696,78,Train,82
replica5_2ZPK_87,2ZPK,8,7.75696,78,Train,82
replica1_2ZPK_93,2ZPK,8,7.75696,78,Train,82
replica2_2ZPK_93,2ZPK,8,7.75696,78,Train,82
replica3_2ZPK_93,2ZPK,8,7.75696,78,Train,82
replica4_2ZPK_93,2ZPK,8,7.75696,78,Train,82
replica5_2ZPK_93,2ZPK,8,7.75696,78,Train,82
replica1_2ZPK_100,2ZPK,8,7.75696,78,Train,82
replica2_2ZPK_100,2ZPK,8,7.75696,78,Train,82
replica3_2ZPK_100,2ZPK,8,7.75696,78,Train,82
replica4_2ZPK_100,2ZPK,8,7.75696,78,Train,82
replica5_2ZPK_100,2ZPK,8,7.75696,78,Train,82
replica1_3BTR_1,3BTR,15,5.3,79,Train,83
replica2_3BTR_1,3BTR,15,5.3,79,Train,83
replica3_3BTR_1,3BTR,15,5.3,79,Train,83
replica4_3BTR_1,3BTR,15,5.3,79,Train,83
replica5_3BTR_1,3BTR,15,5.3,79,Train,83
replica1_3BTR_26,3BTR,15,5.3,79,Train,83
replica2_3BTR_26,3BTR,15,5.3,79,Train,83
replica3_3BTR_26,3BTR,15,5.3,79,Train,83
replica4_3BTR_26,3BTR,15,5.3,79,Train,83
replica5_3BTR_26,3BTR,15,5.3,79,Train,83
replica1_3BTR_51,3BTR,15,5.3,79,Train,83
replica2_3BTR_51,3BTR,15,5.3,79,Train,83
replica3_3BTR_51,3BTR,15,5.3,79,Train,83
replica4_3BTR_51,3BTR,15,5.3,79,Train,83
replica5_3BTR_51,3BTR,15,5.3,79,Train,83
replica1_3BTR_75,3BTR,15,5.3,79,Train,83
replica2_3BTR_75,3BTR,15,5.3,79,Train,83
replica3_3BTR_75,3BTR,15,5.3,79,Train,83
replica4_3BTR_75,3BTR,15,5.3,79,Train,83
replica5_3BTR_75,3BTR,15,5.3,79,Train,83
replica1_3BTR_100,3BTR,15,5.3,79,Train,83
replica2_3BTR_100,3BTR,15,5.3,79,Train,83
replica3_3BTR_100,3BTR,15,5.3,79,Train,83
replica4_3BTR_100,3BTR,15,5.3,79,Train,83
replica5_3BTR_100,3BTR,15,5.3,79,Train,83
replica1_3BZE_1,3BZE,9,6,12,Train,84
replica2_3BZE_1,3BZE,9,6,12,Train,84
replica3_3BZE_1,3BZE,9,6,12,Train,84
replica4_3BZE_1,3BZE,9,6,12,Train,84
replica5_3BZE_1,3BZE,9,6,12,Train,84
replica1_3BZE_15,3BZE,9,6,12,Train,84
replica2_3BZE_15,3BZE,9,6,12,Train,84
replica3_3BZE_15,3BZE,9,6,12,Train,84
replica4_3BZE_15,3BZE,9,6,12,Train,84
replica5_3BZE_15,3BZE,9,6,12,Train,84
replica1_3BZE_29,3BZE,9,6,12,Train,84
replica2_3BZE_29,3BZE,9,6,12,Train,84
replica3_3BZE_29,3BZE,9,6,12,Train,84
replica4_3BZE_29,3BZE,9,6,12,Train,84
replica5_3BZE_29,3BZE,9,6,12,Train,84
replica1_3BZE_43,3BZE,9,6,12,Train,84
replica2_3BZE_43,3BZE,9,6,12,Train,84
replica3_3BZE_43,3BZE,9,6,12,Train,84
replica4_3BZE_43,3BZE,9,6,12,Train,84
replica5_3BZE_43,3BZE,9,6,12,Train,84
replica1_3BZE_58,3BZE,9,6,12,Train,84
replica2_3BZE_58,3BZE,9,6,12,Train,84
replica3_3BZE_58,3BZE,9,6,12,Train,84
replica4_3BZE_58,3BZE,9,6,12,Train,84
replica5_3BZE_58,3BZE,9,6,12,Train,84
replica1_3BZE_72,3BZE,9,6,12,Train,84
replica2_3BZE_72,3BZE,9,6,12,Train,84
replica3_3BZE_72,3BZE,9,6,12,Train,84
replica4_3BZE_72,3BZE,9,6,12,Train,84
replica5_3BZE_72,3BZE,9,6,12,Train,84
replica1_3BZE_86,3BZE,9,6,12,Train,84
replica2_3BZE_86,3BZE,9,6,12,Train,84
replica3_3BZE_86,3BZE,9,6,12,Train,84
replica4_3BZE_86,3BZE,9,6,12,Train,84
replica5_3BZE_86,3BZE,9,6,12,Train,84
replica1_3BZE_100,3BZE,9,6,12,Train,84
replica2_3BZE_100,3BZE,9,6,12,Train,84
replica3_3BZE_100,3BZE,9,6,12,Train,84
replica4_3BZE_100,3BZE,9,6,12,Train,84
replica5_3BZE_100,3BZE,9,6,12,Train,84
replica1_3BZF_1,3BZF,9,4.52288,12,Train,85
replica2_3BZF_1,3BZF,9,4.52288,12,Train,85
replica3_3BZF_1,3BZF,9,4.52288,12,Train,85
replica4_3BZF_1,3BZF,9,4.52288,12,Train,85
replica5_3BZF_1,3BZF,9,4.52288,12,Train,85
replica1_3BZF_15,3BZF,9,4.52288,12,Train,85
replica2_3BZF_15,3BZF,9,4.52288,12,Train,85
replica3_3BZF_15,3BZF,9,4.52288,12,Train,85
replica4_3BZF_15,3BZF,9,4.52288,12,Train,85
replica5_3BZF_15,3BZF,9,4.52288,12,Train,85
replica1_3BZF_29,3BZF,9,4.52288,12,Train,85
replica2_3BZF_29,3BZF,9,4.52288,12,Train,85
replica3_3BZF_29,3BZF,9,4.52288,12,Train,85
replica4_3BZF_29,3BZF,9,4.52288,12,Train,85
replica5_3BZF_29,3BZF,9,4.52288,12,Train,85
replica1_3BZF_43,3BZF,9,4.52288,12,Train,85
replica2_3BZF_43,3BZF,9,4.52288,12,Train,85
replica3_3BZF_43,3BZF,9,4.52288,12,Train,85
replica4_3BZF_43,3BZF,9,4.52288,12,Train,85
replica5_3BZF_43,3BZF,9,4.52288,12,Train,85
replica1_3BZF_58,3BZF,9,4.52288,12,Train,85
replica2_3BZF_58,3BZF,9,4.52288,12,Train,85
replica3_3BZF_58,3BZF,9,4.52288,12,Train,85
replica4_3BZF_58,3BZF,9,4.52288,12,Train,85
replica5_3BZF_58,3BZF,9,4.52288,12,Train,85
replica1_3BZF_72,3BZF,9,4.52288,12,Train,85
replica2_3BZF_72,3BZF,9,4.52288,12,Train,85
replica3_3BZF_72,3BZF,9,4.52288,12,Train,85
replica4_3BZF_72,3BZF,9,4.52288,12,Train,85
replica5_3BZF_72,3BZF,9,4.52288,12,Train,85
replica1_3BZF_86,3BZF,9,4.52288,12,Train,85
replica2_3BZF_86,3BZF,9,4.52288,12,Train,85
replica3_3BZF_86,3BZF,9,4.52288,12,Train,85
replica4_3BZF_86,3BZF,9,4.52288,12,Train,85
replica5_3BZF_86,3BZF,9,4.52288,12,Train,85
replica1_3BZF_100,3BZF,9,4.52288,12,Train,85
replica2_3BZF_100,3BZF,9,4.52288,12,Train,85
replica3_3BZF_100,3BZF,9,4.52288,12,Train,85
replica4_3BZF_100,3BZF,9,4.52288,12,Train,85
replica5_3BZF_100,3BZF,9,4.52288,12,Train,85
replica1_3C3O_1,3C3O,13,4.36,80,Test,
replica2_3C3O_1,3C3O,13,4.36,80,Test,
replica3_3C3O_1,3C3O,13,4.36,80,Test,
replica4_3C3O_1,3C3O,13,4.36,80,Test,
replica5_3C3O_1,3C3O,13,4.36,80,Test,
replica1_3C3O_51,3C3O,13,4.36,80,Test,
replica2_3C3O_51,3C3O,13,4.36,80,Test,
replica3_3C3O_51,3C3O,13,4.36,80,Test,
replica4_3C3O_51,3C3O,13,4.36,80,Test,
replica5_3C3O_51,3C3O,13,4.36,80,Test,
replica1_3C3O_100,3C3O,13,4.36,80,Test,
replica2_3C3O_100,3C3O,13,4.36,80,Test,
replica3_3C3O_100,3C3O,13,4.36,80,Test,
replica4_3C3O_100,3C3O,13,4.36,80,Test,
replica5_3C3O_100,3C3O,13,4.36,80,Test,
replica1_3C3R_1,3C3R,13,4.39,80,Test,
replica2_3C3R_1,3C3R,13,4.39,80,Test,
replica3_3C3R_1,3C3R,13,4.39,80,Test,
replica4_3C3R_1,3C3R,13,4.39,80,Test,
replica5_3C3R_1,3C3R,13,4.39,80,Test,
replica1_3C3R_51,3C3R,13,4.39,80,Test,
replica2_3C3R_51,3C3R,13,4.39,80,Test,
replica3_3C3R_51,3C3R,13,4.39,80,Test,
replica4_3C3R_51,3C3R,13,4.39,80,Test,
replica5_3C3R_51,3C3R,13,4.39,80,Test,
replica1_3C3R_100,3C3R,13,4.39,80,Test,
replica2_3C3R_100,3C3R,13,4.39,80,Test,
replica3_3C3R_100,3C3R,13,4.39,80,Test,
replica4_3C3R_100,3C3R,13,4.39,80,Test,
replica5_3C3R_100,3C3R,13,4.39,80,Test,
replica1_3CFS_1,3CFS,15,5.96,81,Test,
replica2_3CFS_1,3CFS,15,5.96,81,Test,
replica3_3CFS_1,3CFS,15,5.96,81,Test,
replica4_3CFS_1,3CFS,15,5.96,81,Test,
replica5_3CFS_1,3CFS,15,5.96,81,Test,
replica1_3CFS_26,3CFS,15,5.96,81,Test,
replica2_3CFS_26,3CFS,15,5.96,81,Test,
replica3_3CFS_26,3CFS,15,5.96,81,Test,
replica4_3CFS_26,3CFS,15,5.96,81,Test,
replica5_3CFS_26,3CFS,15,5.96,81,Test,
replica1_3CFS_51,3CFS,15,5.96,81,Test,
replica2_3CFS_51,3CFS,15,5.96,81,Test,
replica3_3CFS_51,3CFS,15,5.96,81,Test,
replica4_3CFS_51,3CFS,15,5.96,81,Test,
replica5_3CFS_51,3CFS,15,5.96,81,Test,
replica1_3CFS_75,3CFS,15,5.96,81,Test,
replica2_3CFS_75,3CFS,15,5.96,81,Test,
replica3_3CFS_75,3CFS,15,5.96,81,Test,
replica4_3CFS_75,3CFS,15,5.96,81,Test,
replica5_3CFS_75,3CFS,15,5.96,81,Test,
replica1_3CFS_100,3CFS,15,5.96,81,Test,
replica2_3CFS_100,3CFS,15,5.96,81,Test,
replica3_3CFS_100,3CFS,15,5.96,81,Test,
replica4_3CFS_100,3CFS,15,5.96,81,Test,
replica5_3CFS_100,3CFS,15,5.96,81,Test,
replica1_3CYY_1,3CYY,9,4.77469,82,Train,86
replica2_3CYY_1,3CYY,9,4.77469,82,Train,86
replica3_3CYY_1,3CYY,9,4.77469,82,Train,86
replica4_3CYY_1,3CYY,9,4.77469,82,Train,86
replica5_3CYY_1,3CYY,9,4.77469,82,Train,86
replica1_3CYY_8,3CYY,9,4.77469,82,Train,86
replica2_3CYY_8,3CYY,9,4.77469,82,Train,86
replica3_3CYY_8,3CYY,9,4.77469,82,Train,86
replica4_3CYY_8,3CYY,9,4.77469,82,Train,86
replica5_3CYY_8,3CYY,9,4.77469,82,Train,86
replica1_3CYY_14,3CYY,9,4.77469,82,Train,86
replica2_3CYY_14,3CYY,9,4.77469,82,Train,86
replica3_3CYY_14,3CYY,9,4.77469,82,Train,86
replica4_3CYY_14,3CYY,9,4.77469,82,Train,86
replica5_3CYY_14,3CYY,9,4.77469,82,Train,86
replica1_3CYY_21,3CYY,9,4.77469,82,Train,86
replica2_3CYY_21,3CYY,9,4.77469,82,Train,86
replica3_3CYY_21,3CYY,9,4.77469,82,Train,86
replica4_3CYY_21,3CYY,9,4.77469,82,Train,86
replica5_3CYY_21,3CYY,9,4.77469,82,Train,86
replica1_3CYY_27,3CYY,9,4.77469,82,Train,86
replica2_3CYY_27,3CYY,9,4.77469,82,Train,86
replica3_3CYY_27,3CYY,9,4.77469,82,Train,86
replica4_3CYY_27,3CYY,9,4.77469,82,Train,86
replica5_3CYY_27,3CYY,9,4.77469,82,Train,86
replica1_3CYY_34,3CYY,9,4.77469,82,Train,86
replica2_3CYY_34,3CYY,9,4.77469,82,Train,86
replica3_3CYY_34,3CYY,9,4.77469,82,Train,86
replica4_3CYY_34,3CYY,9,4.77469,82,Train,86
replica5_3CYY_34,3CYY,9,4.77469,82,Train,86
replica1_3CYY_41,3CYY,9,4.77469,82,Train,86
replica2_3CYY_41,3CYY,9,4.77469,82,Train,86
replica3_3CYY_41,3CYY,9,4.77469,82,Train,86
replica4_3CYY_41,3CYY,9,4.77469,82,Train,86
replica5_3CYY_41,3CYY,9,4.77469,82,Train,86
replica1_3CYY_47,3CYY,9,4.77469,82,Train,86
replica2_3CYY_47,3CYY,9,4.77469,82,Train,86
replica3_3CYY_47,3CYY,9,4.77469,82,Train,86
replica4_3CYY_47,3CYY,9,4.77469,82,Train,86
replica5_3CYY_47,3CYY,9,4.77469,82,Train,86
replica1_3CYY_54,3CYY,9,4.77469,82,Train,86
replica2_3CYY_54,3CYY,9,4.77469,82,Train,86
replica3_3CYY_54,3CYY,9,4.77469,82,Train,86
replica4_3CYY_54,3CYY,9,4.77469,82,Train,86
replica5_3CYY_54,3CYY,9,4.77469,82,Train,86
replica1_3CYY_60,3CYY,9,4.77469,82,Train,86
replica2_3CYY_60,3CYY,9,4.77469,82,Train,86
replica3_3CYY_60,3CYY,9,4.77469,82,Train,86
replica4_3CYY_60,3CYY,9,4.77469,82,Train,86
replica5_3CYY_60,3CYY,9,4.77469,82,Train,86
replica1_3CYY_67,3CYY,9,4.77469,82,Train,86
replica2_3CYY_67,3CYY,9,4.77469,82,Train,86
replica3_3CYY_67,3CYY,9,4.77469,82,Train,86
replica4_3CYY_67,3CYY,9,4.77469,82,Train,86
replica5_3CYY_67,3CYY,9,4.77469,82,Train,86
replica1_3CYY_74,3CYY,9,4.77469,82,Train,86
replica2_3CYY_74,3CYY,9,4.77469,82,Train,86
replica3_3CYY_74,3CYY,9,4.77469,82,Train,86
replica4_3CYY_74,3CYY,9,4.77469,82,Train,86
replica5_3CYY_74,3CYY,9,4.77469,82,Train,86
replica1_3CYY_80,3CYY,9,4.77469,82,Train,86
replica2_3CYY_80,3CYY,9,4.77469,82,Train,86
replica3_3CYY_80,3CYY,9,4.77469,82,Train,86
replica4_3CYY_80,3CYY,9,4.77469,82,Train,86
replica5_3CYY_80,3CYY,9,4.77469,82,Train,86
replica1_3CYY_87,3CYY,9,4.77469,82,Train,86
replica2_3CYY_87,3CYY,9,4.77469,82,Train,86
replica3_3CYY_87,3CYY,9,4.77469,82,Train,86
replica4_3CYY_87,3CYY,9,4.77469,82,Train,86
replica5_3CYY_87,3CYY,9,4.77469,82,Train,86
replica1_3CYY_93,3CYY,9,4.77469,82,Train,86
replica2_3CYY_93,3CYY,9,4.77469,82,Train,86
replica3_3CYY_93,3CYY,9,4.77469,82,Train,86
replica4_3CYY_93,3CYY,9,4.77469,82,Train,86
replica5_3CYY_93,3CYY,9,4.77469,82,Train,86
replica1_3CYY_100,3CYY,9,4.77469,82,Train,86
replica2_3CYY_100,3CYY,9,4.77469,82,Train,86
replica3_3CYY_100,3CYY,9,4.77469,82,Train,86
replica4_3CYY_100,3CYY,9,4.77469,82,Train,86
replica5_3CYY_100,3CYY,9,4.77469,82,Train,86
replica1_3D32_1,3D32,12,6.45,83,Test,
replica2_3D32_1,3D32,12,6.45,83,Test,
replica3_3D32_1,3D32,12,6.45,83,Test,
replica4_3D32_1,3D32,12,6.45,83,Test,
replica5_3D32_1,3D32,12,6.45,83,Test,
replica1_3D32_15,3D32,12,6.45,83,Test,
replica2_3D32_15,3D32,12,6.45,83,Test,
replica3_3D32_15,3D32,12,6.45,83,Test,
replica4_3D32_15,3D32,12,6.45,83,Test,
replica5_3D32_15,3D32,12,6.45,83,Test,
replica1_3D32_29,3D32,12,6.45,83,Test,
replica2_3D32_29,3D32,12,6.45,83,Test,
replica3_3D32_29,3D32,12,6.45,83,Test,
replica4_3D32_29,3D32,12,6.45,83,Test,
replica5_3D32_29,3D32,12,6.45,83,Test,
replica1_3D32_43,3D32,12,6.45,83,Test,
replica2_3D32_43,3D32,12,6.45,83,Test,
replica3_3D32_43,3D32,12,6.45,83,Test,
replica4_3D32_43,3D32,12,6.45,83,Test,
replica5_3D32_43,3D32,12,6.45,83,Test,
replica1_3D32_58,3D32,12,6.45,83,Test,
replica2_3D32_58,3D32,12,6.45,83,Test,
replica3_3D32_58,3D32,12,6.45,83,Test,
replica4_3D32_58,3D32,12,6.45,83,Test,
replica5_3D32_58,3D32,12,6.45,83,Test,
replica1_3D32_72,3D32,12,6.45,83,Test,
replica2_3D32_72,3D32,12,6.45,83,Test,
replica3_3D32_72,3D32,12,6.45,83,Test,
replica4_3D32_72,3D32,12,6.45,83,Test,
replica5_3D32_72,3D32,12,6.45,83,Test,
replica1_3D32_86,3D32,12,6.45,83,Test,
replica2_3D32_86,3D32,12,6.45,83,Test,
replica3_3D32_86,3D32,12,6.45,83,Test,
replica4_3D32_86,3D32,12,6.45,83,Test,
replica5_3D32_86,3D32,12,6.45,83,Test,
replica1_3D32_100,3D32,12,6.45,83,Test,
replica2_3D32_100,3D32,12,6.45,83,Test,
replica3_3D32_100,3D32,12,6.45,83,Test,
replica4_3D32_100,3D32,12,6.45,83,Test,
replica5_3D32_100,3D32,12,6.45,83,Test,
replica1_3D3X_1,3D3X,5,4.16115,84,Train,87
replica2_3D3X_1,3D3X,5,4.16115,84,Train,87
replica3_3D3X_1,3D3X,5,4.16115,84,Train,87
replica4_3D3X_1,3D3X,5,4.16115,84,Train,87
replica5_3D3X_1,3D3X,5,4.16115,84,Train,87
replica1_3D3X_8,3D3X,5,4.16115,84,Train,87
replica2_3D3X_8,3D3X,5,4.16115,84,Train,87
replica3_3D3X_8,3D3X,5,4.16115,84,Train,87
replica4_3D3X_8,3D3X,5,4.16115,84,Train,87
replica5_3D3X_8,3D3X,5,4.16115,84,Train,87
replica1_3D3X_14,3D3X,5,4.16115,84,Train,87
replica2_3D3X_14,3D3X,5,4.16115,84,Train,87
replica3_3D3X_14,3D3X,5,4.16115,84,Train,87
replica4_3D3X_14,3D3X,5,4.16115,84,Train,87
replica5_3D3X_14,3D3X,5,4.16115,84,Train,87
replica1_3D3X_21,3D3X,5,4.16115,84,Train,87
replica2_3D3X_21,3D3X,5,4.16115,84,Train,87
replica3_3D3X_21,3D3X,5,4.16115,84,Train,87
replica4_3D3X_21,3D3X,5,4.16115,84,Train,87
replica5_3D3X_21,3D3X,5,4.16115,84,Train,87
replica1_3D3X_27,3D3X,5,4.16115,84,Train,87
replica2_3D3X_27,3D3X,5,4.16115,84,Train,87
replica3_3D3X_27,3D3X,5,4.16115,84,Train,87
replica4_3D3X_27,3D3X,5,4.16115,84,Train,87
replica5_3D3X_27,3D3X,5,4.16115,84,Train,87
replica1_3D3X_34,3D3X,5,4.16115,84,Train,87
replica2_3D3X_34,3D3X,5,4.16115,84,Train,87
replica3_3D3X_34,3D3X,5,4.16115,84,Train,87
replica4_3D3X_34,3D3X,5,4.16115,84,Train,87
replica5_3D3X_34,3D3X,5,4.16115,84,Train,87
replica1_3D3X_41,3D3X,5,4.16115,84,Train,87
replica2_3D3X_41,3D3X,5,4.16115,84,Train,87
replica3_3D3X_41,3D3X,5,4.16115,84,Train,87
replica4_3D3X_41,3D3X,5,4.16115,84,Train,87
replica5_3D3X_41,3D3X,5,4.16115,84,Train,87
replica1_3D3X_47,3D3X,5,4.16115,84,Train,87
replica2_3D3X_47,3D3X,5,4.16115,84,Train,87
replica3_3D3X_47,3D3X,5,4.16115,84,Train,87
replica4_3D3X_47,3D3X,5,4.16115,84,Train,87
replica5_3D3X_47,3D3X,5,4.16115,84,Train,87
replica1_3D3X_54,3D3X,5,4.16115,84,Train,87
replica2_3D3X_54,3D3X,5,4.16115,84,Train,87
replica3_3D3X_54,3D3X,5,4.16115,84,Train,87
replica4_3D3X_54,3D3X,5,4.16115,84,Train,87
replica5_3D3X_54,3D3X,5,4.16115,84,Train,87
replica1_3D3X_60,3D3X,5,4.16115,84,Train,87
replica2_3D3X_60,3D3X,5,4.16115,84,Train,87
replica3_3D3X_60,3D3X,5,4.16115,84,Train,87
replica4_3D3X_60,3D3X,5,4.16115,84,Train,87
replica5_3D3X_60,3D3X,5,4.16115,84,Train,87
replica1_3D3X_67,3D3X,5,4.16115,84,Train,87
replica2_3D3X_67,3D3X,5,4.16115,84,Train,87
replica3_3D3X_67,3D3X,5,4.16115,84,Train,87
replica4_3D3X_67,3D3X,5,4.16115,84,Train,87
replica5_3D3X_67,3D3X,5,4.16115,84,Train,87
replica1_3D3X_74,3D3X,5,4.16115,84,Train,87
replica2_3D3X_74,3D3X,5,4.16115,84,Train,87
replica3_3D3X_74,3D3X,5,4.16115,84,Train,87
replica4_3D3X_74,3D3X,5,4.16115,84,Train,87
replica5_3D3X_74,3D3X,5,4.16115,84,Train,87
replica1_3D3X_80,3D3X,5,4.16115,84,Train,87
replica2_3D3X_80,3D3X,5,4.16115,84,Train,87
replica3_3D3X_80,3D3X,5,4.16115,84,Train,87
replica4_3D3X_80,3D3X,5,4.16115,84,Train,87
replica5_3D3X_80,3D3X,5,4.16115,84,Train,87
replica1_3D3X_87,3D3X,5,4.16115,84,Train,87
replica2_3D3X_87,3D3X,5,4.16115,84,Train,87
replica3_3D3X_87,3D3X,5,4.16115,84,Train,87
replica4_3D3X_87,3D3X,5,4.16115,84,Train,87
replica5_3D3X_87,3D3X,5,4.16115,84,Train,87
replica1_3D3X_93,3D3X,5,4.16115,84,Train,87
replica2_3D3X_93,3D3X,5,4.16115,84,Train,87
replica3_3D3X_93,3D3X,5,4.16115,84,Train,87
replica4_3D3X_93,3D3X,5,4.16115,84,Train,87
replica5_3D3X_93,3D3X,5,4.16115,84,Train,87
replica1_3D3X_100,3D3X,5,4.16115,84,Train,87
replica2_3D3X_100,3D3X,5,4.16115,84,Train,87
replica3_3D3X_100,3D3X,5,4.16115,84,Train,87
replica4_3D3X_100,3D3X,5,4.16115,84,Train,87
replica5_3D3X_100,3D3X,5,4.16115,84,Train,87
replica1_3DAB_1,3DAB,15,6.68,77,Train,88
replica2_3DAB_1,3DAB,15,6.68,77,Train,88
replica3_3DAB_1,3DAB,15,6.68,77,Train,88
replica4_3DAB_1,3DAB,15,6.68,77,Train,88
replica5_3DAB_1,3DAB,15,6.68,77,Train,88
replica1_3DAB_34,3DAB,15,6.68,77,Train,88
replica2_3DAB_34,3DAB,15,6.68,77,Train,88
replica3_3DAB_34,3DAB,15,6.68,77,Train,88
replica4_3DAB_34,3DAB,15,6.68,77,Train,88
replica5_3DAB_34,3DAB,15,6.68,77,Train,88
replica1_3DAB_67,3DAB,15,6.68,77,Train,88
replica2_3DAB_67,3DAB,15,6.68,77,Train,88
replica3_3DAB_67,3DAB,15,6.68,77,Train,88
replica4_3DAB_67,3DAB,15,6.68,77,Train,88
replica5_3DAB_67,3DAB,15,6.68,77,Train,88
replica1_3DAB_100,3DAB,15,6.68,77,Train,88
replica2_3DAB_100,3DAB,15,6.68,77,Train,88
replica3_3DAB_100,3DAB,15,6.68,77,Train,88
replica4_3DAB_100,3DAB,15,6.68,77,Train,88
replica5_3DAB_100,3DAB,15,6.68,77,Train,88
replica1_3DIW_1,3DIW,10,6.72125,25,Train,89
replica2_3DIW_1,3DIW,10,6.72125,25,Train,89
replica3_3DIW_1,3DIW,10,6.72125,25,Train,89
replica4_3DIW_1,3DIW,10,6.72125,25,Train,89
replica5_3DIW_1,3DIW,10,6.72125,25,Train,89
replica1_3DIW_15,3DIW,10,6.72125,25,Train,89
replica2_3DIW_15,3DIW,10,6.72125,25,Train,89
replica3_3DIW_15,3DIW,10,6.72125,25,Train,89
replica4_3DIW_15,3DIW,10,6.72125,25,Train,89
replica5_3DIW_15,3DIW,10,6.72125,25,Train,89
replica1_3DIW_29,3DIW,10,6.72125,25,Train,89
replica2_3DIW_29,3DIW,10,6.72125,25,Train,89
replica3_3DIW_29,3DIW,10,6.72125,25,Train,89
replica4_3DIW_29,3DIW,10,6.72125,25,Train,89
replica5_3DIW_29,3DIW,10,6.72125,25,Train,89
replica1_3DIW_43,3DIW,10,6.72125,25,Train,89
replica2_3DIW_43,3DIW,10,6.72125,25,Train,89
replica3_3DIW_43,3DIW,10,6.72125,25,Train,89
replica4_3DIW_43,3DIW,10,6.72125,25,Train,89
replica5_3DIW_43,3DIW,10,6.72125,25,Train,89
replica1_3DIW_58,3DIW,10,6.72125,25,Train,89
replica2_3DIW_58,3DIW,10,6.72125,25,Train,89
replica3_3DIW_58,3DIW,10,6.72125,25,Train,89
replica4_3DIW_58,3DIW,10,6.72125,25,Train,89
replica5_3DIW_58,3DIW,10,6.72125,25,Train,89
replica1_3DIW_72,3DIW,10,6.72125,25,Train,89
replica2_3DIW_72,3DIW,10,6.72125,25,Train,89
replica3_3DIW_72,3DIW,10,6.72125,25,Train,89
replica4_3DIW_72,3DIW,10,6.72125,25,Train,89
replica5_3DIW_72,3DIW,10,6.72125,25,Train,89
replica1_3DIW_86,3DIW,10,6.72125,25,Train,89
replica2_3DIW_86,3DIW,10,6.72125,25,Train,89
replica3_3DIW_86,3DIW,10,6.72125,25,Train,89
replica4_3DIW_86,3DIW,10,6.72125,25,Train,89
replica5_3DIW_86,3DIW,10,6.72125,25,Train,89
replica1_3DIW_100,3DIW,10,6.72125,25,Train,89
replica2_3DIW_100,3DIW,10,6.72125,25,Train,89
replica3_3DIW_100,3DIW,10,6.72125,25,Train,89
replica4_3DIW_100,3DIW,10,6.72125,25,Train,89
replica5_3DIW_100,3DIW,10,6.72125,25,Train,89
replica1_3DRF_1,3DRF,8,7,85,Train,90
replica2_3DRF_1,3DRF,8,7,85,Train,90
replica3_3DRF_1,3DRF,8,7,85,Train,90
replica4_3DRF_1,3DRF,8,7,85,Train,90
replica5_3DRF_1,3DRF,8,7,85,Train,90
replica1_3DRF_26,3DRF,8,7,85,Train,90
replica2_3DRF_26,3DRF,8,7,85,Train,90
replica3_3DRF_26,3DRF,8,7,85,Train,90
replica4_3DRF_26,3DRF,8,7,85,Train,90
replica5_3DRF_26,3DRF,8,7,85,Train,90
replica1_3DRF_51,3DRF,8,7,85,Train,90
replica2_3DRF_51,3DRF,8,7,85,Train,90
replica3_3DRF_51,3DRF,8,7,85,Train,90
replica4_3DRF_51,3DRF,8,7,85,Train,90
replica5_3DRF_51,3DRF,8,7,85,Train,90
replica1_3DRF_75,3DRF,8,7,85,Train,90
replica2_3DRF_75,3DRF,8,7,85,Train,90
replica3_3DRF_75,3DRF,8,7,85,Train,90
replica4_3DRF_75,3DRF,8,7,85,Train,90
replica5_3DRF_75,3DRF,8,7,85,Train,90
replica1_3DRF_100,3DRF,8,7,85,Train,90
replica2_3DRF_100,3DRF,8,7,85,Train,90
replica3_3DRF_100,3DRF,8,7,85,Train,90
replica4_3DRF_100,3DRF,8,7,85,Train,90
replica5_3DRF_100,3DRF,8,7,85,Train,90
replica1_3DRG_1,3DRG,9,7,85,Train,91
replica2_3DRG_1,3DRG,9,7,85,Train,91
replica3_3DRG_1,3DRG,9,7,85,Train,91
replica4_3DRG_1,3DRG,9,7,85,Train,91
replica5_3DRG_1,3DRG,9,7,85,Train,91
replica1_3DRG_26,3DRG,9,7,85,Train,91
replica2_3DRG_26,3DRG,9,7,85,Train,91
replica3_3DRG_26,3DRG,9,7,85,Train,91
replica4_3DRG_26,3DRG,9,7,85,Train,91
replica5_3DRG_26,3DRG,9,7,85,Train,91
replica1_3DRG_51,3DRG,9,7,85,Train,91
replica2_3DRG_51,3DRG,9,7,85,Train,91
replica3_3DRG_51,3DRG,9,7,85,Train,91
replica4_3DRG_51,3DRG,9,7,85,Train,91
replica5_3DRG_51,3DRG,9,7,85,Train,91
replica1_3DRG_75,3DRG,9,7,85,Train,91
replica2_3DRG_75,3DRG,9,7,85,Train,91
replica3_3DRG_75,3DRG,9,7,85,Train,91
replica4_3DRG_75,3DRG,9,7,85,Train,91
replica5_3DRG_75,3DRG,9,7,85,Train,91
replica1_3DRG_100,3DRG,9,7,85,Train,91
replica2_3DRG_100,3DRG,9,7,85,Train,91
replica3_3DRG_100,3DRG,9,7,85,Train,91
replica4_3DRG_100,3DRG,9,7,85,Train,91
replica5_3DRG_100,3DRG,9,7,85,Train,91
replica1_3DRI_1,3DRI,6,4.42366,86,Train,92
replica2_3DRI_1,3DRI,6,4.42366,86,Train,92
replica3_3DRI_1,3DRI,6,4.42366,86,Train,92
replica4_3DRI_1,3DRI,6,4.42366,86,Train,92
replica5_3DRI_1,3DRI,6,4.42366,86,Train,92
replica1_3DRI_26,3DRI,6,4.42366,86,Train,92
replica2_3DRI_26,3DRI,6,4.42366,86,Train,92
replica3_3DRI_26,3DRI,6,4.42366,86,Train,92
replica5_3DRI_26,3DRI,6,4.42366,86,Train,92
replica1_3DRI_51,3DRI,6,4.42366,86,Train,92
replica2_3DRI_51,3DRI,6,4.42366,86,Train,92
replica3_3DRI_51,3DRI,6,4.42366,86,Train,92
replica4_3DRI_51,3DRI,6,4.42366,86,Train,92
replica5_3DRI_51,3DRI,6,4.42366,86,Train,92
replica1_3DRI_75,3DRI,6,4.42366,86,Train,92
replica2_3DRI_75,3DRI,6,4.42366,86,Train,92
replica3_3DRI_75,3DRI,6,4.42366,86,Train,92
replica4_3DRI_75,3DRI,6,4.42366,86,Train,92
replica5_3DRI_75,3DRI,6,4.42366,86,Train,92
replica1_3DRI_100,3DRI,6,4.42366,86,Train,92
replica2_3DRI_100,3DRI,6,4.42366,86,Train,92
replica3_3DRI_100,3DRI,6,4.42366,86,Train,92
replica4_3DRI_100,3DRI,6,4.42366,86,Train,92
replica5_3DRI_100,3DRI,6,4.42366,86,Train,92
replica1_3DS0_1,3DS0,12,4.83,87,Train,93
replica2_3DS0_1,3DS0,12,4.83,87,Train,93
replica3_3DS0_1,3DS0,12,4.83,87,Train,93
replica4_3DS0_1,3DS0,12,4.83,87,Train,93
replica5_3DS0_1,3DS0,12,4.83,87,Train,93
replica1_3DS0_26,3DS0,12,4.83,87,Train,93
replica2_3DS0_26,3DS0,12,4.83,87,Train,93
replica3_3DS0_26,3DS0,12,4.83,87,Train,93
replica4_3DS0_26,3DS0,12,4.83,87,Train,93
replica5_3DS0_26,3DS0,12,4.83,87,Train,93
replica1_3DS0_51,3DS0,12,4.83,87,Train,93
replica2_3DS0_51,3DS0,12,4.83,87,Train,93
replica3_3DS0_51,3DS0,12,4.83,87,Train,93
replica4_3DS0_51,3DS0,12,4.83,87,Train,93
replica5_3DS0_51,3DS0,12,4.83,87,Train,93
replica1_3DS0_75,3DS0,12,4.83,87,Train,93
replica2_3DS0_75,3DS0,12,4.83,87,Train,93
replica3_3DS0_75,3DS0,12,4.83,87,Train,93
replica4_3DS0_75,3DS0,12,4.83,87,Train,93
replica5_3DS0_75,3DS0,12,4.83,87,Train,93
replica1_3DS0_100,3DS0,12,4.83,87,Train,93
replica2_3DS0_100,3DS0,12,4.83,87,Train,93
replica3_3DS0_100,3DS0,12,4.83,87,Train,93
replica4_3DS0_100,3DS0,12,4.83,87,Train,93
replica5_3DS0_100,3DS0,12,4.83,87,Train,93
replica1_3DS1_1,3DS1,12,5.7,87,Train,93
replica2_3DS1_1,3DS1,12,5.7,87,Train,93
replica3_3DS1_1,3DS1,12,5.7,87,Train,93
replica4_3DS1_1,3DS1,12,5.7,87,Train,93
replica5_3DS1_1,3DS1,12,5.7,87,Train,93
replica1_3DS1_26,3DS1,12,5.7,87,Train,93
replica2_3DS1_26,3DS1,12,5.7,87,Train,93
replica3_3DS1_26,3DS1,12,5.7,87,Train,93
replica4_3DS1_26,3DS1,12,5.7,87,Train,93
replica5_3DS1_26,3DS1,12,5.7,87,Train,93
replica1_3DS1_51,3DS1,12,5.7,87,Train,93
replica2_3DS1_51,3DS1,12,5.7,87,Train,93
replica3_3DS1_51,3DS1,12,5.7,87,Train,93
replica4_3DS1_51,3DS1,12,5.7,87,Train,93
replica5_3DS1_51,3DS1,12,5.7,87,Train,93
replica1_3DS1_75,3DS1,12,5.7,87,Train,93
replica2_3DS1_75,3DS1,12,5.7,87,Train,93
replica3_3DS1_75,3DS1,12,5.7,87,Train,93
replica4_3DS1_75,3DS1,12,5.7,87,Train,93
replica5_3DS1_75,3DS1,12,5.7,87,Train,93
replica1_3DS1_100,3DS1,12,5.7,87,Train,93
replica2_3DS1_100,3DS1,12,5.7,87,Train,93
replica3_3DS1_100,3DS1,12,5.7,87,Train,93
replica4_3DS1_100,3DS1,12,5.7,87,Train,93
replica5_3DS1_100,3DS1,12,5.7,87,Train,93
replica1_3DS3_1,3DS3,12,5.22,87,Train,93
replica2_3DS3_1,3DS3,12,5.22,87,Train,93
replica3_3DS3_1,3DS3,12,5.22,87,Train,93
replica4_3DS3_1,3DS3,12,5.22,87,Train,93
replica5_3DS3_1,3DS3,12,5.22,87,Train,93
replica1_3DS3_8,3DS3,12,5.22,87,Train,93
replica2_3DS3_8,3DS3,12,5.22,87,Train,93
replica3_3DS3_8,3DS3,12,5.22,87,Train,93
replica4_3DS3_8,3DS3,12,5.22,87,Train,93
replica5_3DS3_8,3DS3,12,5.22,87,Train,93
replica1_3DS3_14,3DS3,12,5.22,87,Train,93
replica2_3DS3_14,3DS3,12,5.22,87,Train,93
replica3_3DS3_14,3DS3,12,5.22,87,Train,93
replica4_3DS3_14,3DS3,12,5.22,87,Train,93
replica5_3DS3_14,3DS3,12,5.22,87,Train,93
replica1_3DS3_21,3DS3,12,5.22,87,Train,93
replica2_3DS3_21,3DS3,12,5.22,87,Train,93
replica3_3DS3_21,3DS3,12,5.22,87,Train,93
replica4_3DS3_21,3DS3,12,5.22,87,Train,93
replica5_3DS3_21,3DS3,12,5.22,87,Train,93
replica1_3DS3_27,3DS3,12,5.22,87,Train,93
replica2_3DS3_27,3DS3,12,5.22,87,Train,93
replica3_3DS3_27,3DS3,12,5.22,87,Train,93
replica4_3DS3_27,3DS3,12,5.22,87,Train,93
replica5_3DS3_27,3DS3,12,5.22,87,Train,93
replica1_3DS3_34,3DS3,12,5.22,87,Train,93
replica2_3DS3_34,3DS3,12,5.22,87,Train,93
replica3_3DS3_34,3DS3,12,5.22,87,Train,93
replica4_3DS3_34,3DS3,12,5.22,87,Train,93
replica5_3DS3_34,3DS3,12,5.22,87,Train,93
replica1_3DS3_41,3DS3,12,5.22,87,Train,93
replica2_3DS3_41,3DS3,12,5.22,87,Train,93
replica3_3DS3_41,3DS3,12,5.22,87,Train,93
replica4_3DS3_41,3DS3,12,5.22,87,Train,93
replica5_3DS3_41,3DS3,12,5.22,87,Train,93
replica1_3DS3_47,3DS3,12,5.22,87,Train,93
replica2_3DS3_47,3DS3,12,5.22,87,Train,93
replica3_3DS3_47,3DS3,12,5.22,87,Train,93
replica4_3DS3_47,3DS3,12,5.22,87,Train,93
replica5_3DS3_47,3DS3,12,5.22,87,Train,93
replica1_3DS3_54,3DS3,12,5.22,87,Train,93
replica2_3DS3_54,3DS3,12,5.22,87,Train,93
replica3_3DS3_54,3DS3,12,5.22,87,Train,93
replica4_3DS3_54,3DS3,12,5.22,87,Train,93
replica5_3DS3_54,3DS3,12,5.22,87,Train,93
replica1_3DS3_60,3DS3,12,5.22,87,Train,93
replica2_3DS3_60,3DS3,12,5.22,87,Train,93
replica3_3DS3_60,3DS3,12,5.22,87,Train,93
replica4_3DS3_60,3DS3,12,5.22,87,Train,93
replica5_3DS3_60,3DS3,12,5.22,87,Train,93
replica1_3DS3_67,3DS3,12,5.22,87,Train,93
replica2_3DS3_67,3DS3,12,5.22,87,Train,93
replica3_3DS3_67,3DS3,12,5.22,87,Train,93
replica4_3DS3_67,3DS3,12,5.22,87,Train,93
replica5_3DS3_67,3DS3,12,5.22,87,Train,93
replica1_3DS3_74,3DS3,12,5.22,87,Train,93
replica2_3DS3_74,3DS3,12,5.22,87,Train,93
replica3_3DS3_74,3DS3,12,5.22,87,Train,93
replica4_3DS3_74,3DS3,12,5.22,87,Train,93
replica5_3DS3_74,3DS3,12,5.22,87,Train,93
replica1_3DS3_80,3DS3,12,5.22,87,Train,93
replica2_3DS3_80,3DS3,12,5.22,87,Train,93
replica3_3DS3_80,3DS3,12,5.22,87,Train,93
replica4_3DS3_80,3DS3,12,5.22,87,Train,93
replica5_3DS3_80,3DS3,12,5.22,87,Train,93
replica1_3DS3_87,3DS3,12,5.22,87,Train,93
replica2_3DS3_87,3DS3,12,5.22,87,Train,93
replica3_3DS3_87,3DS3,12,5.22,87,Train,93
replica4_3DS3_87,3DS3,12,5.22,87,Train,93
replica5_3DS3_87,3DS3,12,5.22,87,Train,93
replica1_3DS3_93,3DS3,12,5.22,87,Train,93
replica2_3DS3_93,3DS3,12,5.22,87,Train,93
replica3_3DS3_93,3DS3,12,5.22,87,Train,93
replica4_3DS3_93,3DS3,12,5.22,87,Train,93
replica5_3DS3_93,3DS3,12,5.22,87,Train,93
replica1_3DS3_100,3DS3,12,5.22,87,Train,93
replica2_3DS3_100,3DS3,12,5.22,87,Train,93
replica3_3DS3_100,3DS3,12,5.22,87,Train,93
replica4_3DS3_100,3DS3,12,5.22,87,Train,93
replica5_3DS3_100,3DS3,12,5.22,87,Train,93
replica1_3DS4_1,3DS4,12,4.19,87,Train,94
replica2_3DS4_1,3DS4,12,4.19,87,Train,94
replica3_3DS4_1,3DS4,12,4.19,87,Train,94
replica4_3DS4_1,3DS4,12,4.19,87,Train,94
replica5_3DS4_1,3DS4,12,4.19,87,Train,94
replica1_3DS4_26,3DS4,12,4.19,87,Train,94
replica2_3DS4_26,3DS4,12,4.19,87,Train,94
replica3_3DS4_26,3DS4,12,4.19,87,Train,94
replica4_3DS4_26,3DS4,12,4.19,87,Train,94
replica5_3DS4_26,3DS4,12,4.19,87,Train,94
replica1_3DS4_51,3DS4,12,4.19,87,Train,94
replica2_3DS4_51,3DS4,12,4.19,87,Train,94
replica3_3DS4_51,3DS4,12,4.19,87,Train,94
replica4_3DS4_51,3DS4,12,4.19,87,Train,94
replica5_3DS4_51,3DS4,12,4.19,87,Train,94
replica1_3DS4_75,3DS4,12,4.19,87,Train,94
replica2_3DS4_75,3DS4,12,4.19,87,Train,94
replica3_3DS4_75,3DS4,12,4.19,87,Train,94
replica4_3DS4_75,3DS4,12,4.19,87,Train,94
replica5_3DS4_75,3DS4,12,4.19,87,Train,94
replica1_3DS4_100,3DS4,12,4.19,87,Train,94
replica2_3DS4_100,3DS4,12,4.19,87,Train,94
replica3_3DS4_100,3DS4,12,4.19,87,Train,94
replica4_3DS4_100,3DS4,12,4.19,87,Train,94
replica5_3DS4_100,3DS4,12,4.19,87,Train,94
replica1_3DVP_1,3DVP,10,5,88,Train,95
replica2_3DVP_1,3DVP,10,5,88,Train,95
replica3_3DVP_1,3DVP,10,5,88,Train,95
replica4_3DVP_1,3DVP,10,5,88,Train,95
replica5_3DVP_1,3DVP,10,5,88,Train,95
replica1_3DVP_15,3DVP,10,5,88,Train,95
replica2_3DVP_15,3DVP,10,5,88,Train,95
replica3_3DVP_15,3DVP,10,5,88,Train,95
replica4_3DVP_15,3DVP,10,5,88,Train,95
replica5_3DVP_15,3DVP,10,5,88,Train,95
replica1_3DVP_29,3DVP,10,5,88,Train,95
replica2_3DVP_29,3DVP,10,5,88,Train,95
replica3_3DVP_29,3DVP,10,5,88,Train,95
replica4_3DVP_29,3DVP,10,5,88,Train,95
replica5_3DVP_29,3DVP,10,5,88,Train,95
replica1_3DVP_43,3DVP,10,5,88,Train,95
replica2_3DVP_43,3DVP,10,5,88,Train,95
replica3_3DVP_43,3DVP,10,5,88,Train,95
replica4_3DVP_43,3DVP,10,5,88,Train,95
replica5_3DVP_43,3DVP,10,5,88,Train,95
replica1_3DVP_58,3DVP,10,5,88,Train,95
replica2_3DVP_58,3DVP,10,5,88,Train,95
replica3_3DVP_58,3DVP,10,5,88,Train,95
replica4_3DVP_58,3DVP,10,5,88,Train,95
replica5_3DVP_58,3DVP,10,5,88,Train,95
replica1_3DVP_72,3DVP,10,5,88,Train,95
replica2_3DVP_72,3DVP,10,5,88,Train,95
replica3_3DVP_72,3DVP,10,5,88,Train,95
replica4_3DVP_72,3DVP,10,5,88,Train,95
replica5_3DVP_72,3DVP,10,5,88,Train,95
replica1_3DVP_86,3DVP,10,5,88,Train,95
replica2_3DVP_86,3DVP,10,5,88,Train,95
replica3_3DVP_86,3DVP,10,5,88,Train,95
replica4_3DVP_86,3DVP,10,5,88,Train,95
replica5_3DVP_86,3DVP,10,5,88,Train,95
replica1_3DVP_100,3DVP,10,5,88,Train,95
replica2_3DVP_100,3DVP,10,5,88,Train,95
replica3_3DVP_100,3DVP,10,5,88,Train,95
replica4_3DVP_100,3DVP,10,5,88,Train,95
replica5_3DVP_100,3DVP,10,5,88,Train,95
replica1_3E8U_1,3E8U,11,9.42,78,Train,96
replica2_3E8U_1,3E8U,11,9.42,78,Train,96
replica3_3E8U_1,3E8U,11,9.42,78,Train,96
replica4_3E8U_1,3E8U,11,9.42,78,Train,96
replica5_3E8U_1,3E8U,11,9.42,78,Train,96
replica1_3E8U_8,3E8U,11,9.42,78,Train,96
replica2_3E8U_8,3E8U,11,9.42,78,Train,96
replica3_3E8U_8,3E8U,11,9.42,78,Train,96
replica4_3E8U_8,3E8U,11,9.42,78,Train,96
replica5_3E8U_8,3E8U,11,9.42,78,Train,96
replica1_3E8U_14,3E8U,11,9.42,78,Train,96
replica2_3E8U_14,3E8U,11,9.42,78,Train,96
replica3_3E8U_14,3E8U,11,9.42,78,Train,96
replica4_3E8U_14,3E8U,11,9.42,78,Train,96
replica5_3E8U_14,3E8U,11,9.42,78,Train,96
replica1_3E8U_21,3E8U,11,9.42,78,Train,96
replica2_3E8U_21,3E8U,11,9.42,78,Train,96
replica3_3E8U_21,3E8U,11,9.42,78,Train,96
replica4_3E8U_21,3E8U,11,9.42,78,Train,96
replica5_3E8U_21,3E8U,11,9.42,78,Train,96
replica1_3E8U_27,3E8U,11,9.42,78,Train,96
replica2_3E8U_27,3E8U,11,9.42,78,Train,96
replica3_3E8U_27,3E8U,11,9.42,78,Train,96
replica4_3E8U_27,3E8U,11,9.42,78,Train,96
replica5_3E8U_27,3E8U,11,9.42,78,Train,96
replica1_3E8U_34,3E8U,11,9.42,78,Train,96
replica2_3E8U_34,3E8U,11,9.42,78,Train,96
replica3_3E8U_34,3E8U,11,9.42,78,Train,96
replica4_3E8U_34,3E8U,11,9.42,78,Train,96
replica5_3E8U_34,3E8U,11,9.42,78,Train,96
replica1_3E8U_41,3E8U,11,9.42,78,Train,96
replica2_3E8U_41,3E8U,11,9.42,78,Train,96
replica3_3E8U_41,3E8U,11,9.42,78,Train,96
replica4_3E8U_41,3E8U,11,9.42,78,Train,96
replica5_3E8U_41,3E8U,11,9.42,78,Train,96
replica1_3E8U_47,3E8U,11,9.42,78,Train,96
replica2_3E8U_47,3E8U,11,9.42,78,Train,96
replica3_3E8U_47,3E8U,11,9.42,78,Train,96
replica4_3E8U_47,3E8U,11,9.42,78,Train,96
replica5_3E8U_47,3E8U,11,9.42,78,Train,96
replica1_3E8U_54,3E8U,11,9.42,78,Train,96
replica2_3E8U_54,3E8U,11,9.42,78,Train,96
replica3_3E8U_54,3E8U,11,9.42,78,Train,96
replica4_3E8U_54,3E8U,11,9.42,78,Train,96
replica5_3E8U_54,3E8U,11,9.42,78,Train,96
replica1_3E8U_60,3E8U,11,9.42,78,Train,96
replica2_3E8U_60,3E8U,11,9.42,78,Train,96
replica3_3E8U_60,3E8U,11,9.42,78,Train,96
replica4_3E8U_60,3E8U,11,9.42,78,Train,96
replica5_3E8U_60,3E8U,11,9.42,78,Train,96
replica1_3E8U_67,3E8U,11,9.42,78,Train,96
replica2_3E8U_67,3E8U,11,9.42,78,Train,96
replica3_3E8U_67,3E8U,11,9.42,78,Train,96
replica4_3E8U_67,3E8U,11,9.42,78,Train,96
replica5_3E8U_67,3E8U,11,9.42,78,Train,96
replica1_3E8U_74,3E8U,11,9.42,78,Train,96
replica2_3E8U_74,3E8U,11,9.42,78,Train,96
replica3_3E8U_74,3E8U,11,9.42,78,Train,96
replica4_3E8U_74,3E8U,11,9.42,78,Train,96
replica5_3E8U_74,3E8U,11,9.42,78,Train,96
replica1_3E8U_80,3E8U,11,9.42,78,Train,96
replica2_3E8U_80,3E8U,11,9.42,78,Train,96
replica3_3E8U_80,3E8U,11,9.42,78,Train,96
replica4_3E8U_80,3E8U,11,9.42,78,Train,96
replica5_3E8U_80,3E8U,11,9.42,78,Train,96
replica1_3E8U_87,3E8U,11,9.42,78,Train,96
replica2_3E8U_87,3E8U,11,9.42,78,Train,96
replica3_3E8U_87,3E8U,11,9.42,78,Train,96
replica4_3E8U_87,3E8U,11,9.42,78,Train,96
replica5_3E8U_87,3E8U,11,9.42,78,Train,96
replica1_3E8U_93,3E8U,11,9.42,78,Train,96
replica2_3E8U_93,3E8U,11,9.42,78,Train,96
replica3_3E8U_93,3E8U,11,9.42,78,Train,96
replica4_3E8U_93,3E8U,11,9.42,78,Train,96
replica5_3E8U_93,3E8U,11,9.42,78,Train,96
replica1_3E8U_100,3E8U,11,9.42,78,Train,96
replica2_3E8U_100,3E8U,11,9.42,78,Train,96
replica3_3E8U_100,3E8U,11,9.42,78,Train,96
replica4_3E8U_100,3E8U,11,9.42,78,Train,96
replica5_3E8U_100,3E8U,11,9.42,78,Train,96
replica1_3EQS_1,3EQS,12,8.48,89,Train,97
replica2_3EQS_1,3EQS,12,8.48,89,Train,97
replica3_3EQS_1,3EQS,12,8.48,89,Train,97
replica4_3EQS_1,3EQS,12,8.48,89,Train,97
replica5_3EQS_1,3EQS,12,8.48,89,Train,97
replica1_3EQS_26,3EQS,12,8.48,89,Train,97
replica2_3EQS_26,3EQS,12,8.48,89,Train,97
replica3_3EQS_26,3EQS,12,8.48,89,Train,97
replica4_3EQS_26,3EQS,12,8.48,89,Train,97
replica5_3EQS_26,3EQS,12,8.48,89,Train,97
replica1_3EQS_51,3EQS,12,8.48,89,Train,97
replica2_3EQS_51,3EQS,12,8.48,89,Train,97
replica3_3EQS_51,3EQS,12,8.48,89,Train,97
replica4_3EQS_51,3EQS,12,8.48,89,Train,97
replica5_3EQS_51,3EQS,12,8.48,89,Train,97
replica1_3EQS_75,3EQS,12,8.48,89,Train,97
replica2_3EQS_75,3EQS,12,8.48,89,Train,97
replica3_3EQS_75,3EQS,12,8.48,89,Train,97
replica4_3EQS_75,3EQS,12,8.48,89,Train,97
replica5_3EQS_75,3EQS,12,8.48,89,Train,97
replica1_3EQS_100,3EQS,12,8.48,89,Train,97
replica2_3EQS_100,3EQS,12,8.48,89,Train,97
replica3_3EQS_100,3EQS,12,8.48,89,Train,97
replica4_3EQS_100,3EQS,12,8.48,89,Train,97
replica5_3EQS_100,3EQS,12,8.48,89,Train,97
replica1_3EQY_1,3EQY,12,8.05,89,Train,97
replica2_3EQY_1,3EQY,12,8.05,89,Train,97
replica3_3EQY_1,3EQY,12,8.05,89,Train,97
replica4_3EQY_1,3EQY,12,8.05,89,Train,97
replica5_3EQY_1,3EQY,12,8.05,89,Train,97
replica1_3EQY_34,3EQY,12,8.05,89,Train,97
replica2_3EQY_34,3EQY,12,8.05,89,Train,97
replica3_3EQY_34,3EQY,12,8.05,89,Train,97
replica4_3EQY_34,3EQY,12,8.05,89,Train,97
replica5_3EQY_34,3EQY,12,8.05,89,Train,97
replica1_3EQY_67,3EQY,12,8.05,89,Train,97
replica2_3EQY_67,3EQY,12,8.05,89,Train,97
replica3_3EQY_67,3EQY,12,8.05,89,Train,97
replica4_3EQY_67,3EQY,12,8.05,89,Train,97
replica5_3EQY_67,3EQY,12,8.05,89,Train,97
replica1_3EQY_100,3EQY,12,8.05,89,Train,97
replica2_3EQY_100,3EQY,12,8.05,89,Train,97
replica3_3EQY_100,3EQY,12,8.05,89,Train,97
replica4_3EQY_100,3EQY,12,8.05,89,Train,97
replica5_3EQY_100,3EQY,12,8.05,89,Train,97
replica1_3ERY_1,3ERY,9,5.65758,12,Train,98
replica2_3ERY_1,3ERY,9,5.65758,12,Train,98
replica3_3ERY_1,3ERY,9,5.65758,12,Train,98
replica4_3ERY_1,3ERY,9,5.65758,12,Train,98
replica5_3ERY_1,3ERY,9,5.65758,12,Train,98
replica1_3ERY_26,3ERY,9,5.65758,12,Train,98
replica2_3ERY_26,3ERY,9,5.65758,12,Train,98
replica3_3ERY_26,3ERY,9,5.65758,12,Train,98
replica4_3ERY_26,3ERY,9,5.65758,12,Train,98
replica5_3ERY_26,3ERY,9,5.65758,12,Train,98
replica1_3ERY_51,3ERY,9,5.65758,12,Train,98
replica2_3ERY_51,3ERY,9,5.65758,12,Train,98
replica3_3ERY_51,3ERY,9,5.65758,12,Train,98
replica4_3ERY_51,3ERY,9,5.65758,12,Train,98
replica5_3ERY_51,3ERY,9,5.65758,12,Train,98
replica1_3ERY_75,3ERY,9,5.65758,12,Train,98
replica2_3ERY_75,3ERY,9,5.65758,12,Train,98
replica3_3ERY_75,3ERY,9,5.65758,12,Train,98
replica4_3ERY_75,3ERY,9,5.65758,12,Train,98
replica5_3ERY_75,3ERY,9,5.65758,12,Train,98
replica1_3ERY_100,3ERY,9,5.65758,12,Train,98
replica2_3ERY_100,3ERY,9,5.65758,12,Train,98
replica3_3ERY_100,3ERY,9,5.65758,12,Train,98
replica4_3ERY_100,3ERY,9,5.65758,12,Train,98
replica5_3ERY_100,3ERY,9,5.65758,12,Train,98
replica1_3EYU_1,3EYU,8,7.61979,78,Train,99
replica2_3EYU_1,3EYU,8,7.61979,78,Train,99
replica3_3EYU_1,3EYU,8,7.61979,78,Train,99
replica4_3EYU_1,3EYU,8,7.61979,78,Train,99
replica5_3EYU_1,3EYU,8,7.61979,78,Train,99
replica1_3EYU_51,3EYU,8,7.61979,78,Train,99
replica2_3EYU_51,3EYU,8,7.61979,78,Train,99
replica3_3EYU_51,3EYU,8,7.61979,78,Train,99
replica4_3EYU_51,3EYU,8,7.61979,78,Train,99
replica5_3EYU_51,3EYU,8,7.61979,78,Train,99
replica1_3EYU_100,3EYU,8,7.61979,78,Train,99
replica2_3EYU_100,3EYU,8,7.61979,78,Train,99
replica3_3EYU_100,3EYU,8,7.61979,78,Train,99
replica4_3EYU_100,3EYU,8,7.61979,78,Train,99
replica5_3EYU_100,3EYU,8,7.61979,78,Train,99
replica1_3FN0_1,3FN0,9,4.39794,90,Test,
replica2_3FN0_1,3FN0,9,4.39794,90,Test,
replica3_3FN0_1,3FN0,9,4.39794,90,Test,
replica4_3FN0_1,3FN0,9,4.39794,90,Test,
replica5_3FN0_1,3FN0,9,4.39794,90,Test,
replica1_3FN0_8,3FN0,9,4.39794,90,Test,
replica2_3FN0_8,3FN0,9,4.39794,90,Test,
replica3_3FN0_8,3FN0,9,4.39794,90,Test,
replica4_3FN0_8,3FN0,9,4.39794,90,Test,
replica5_3FN0_8,3FN0,9,4.39794,90,Test,
replica1_3FN0_14,3FN0,9,4.39794,90,Test,
replica2_3FN0_14,3FN0,9,4.39794,90,Test,
replica3_3FN0_14,3FN0,9,4.39794,90,Test,
replica4_3FN0_14,3FN0,9,4.39794,90,Test,
replica5_3FN0_14,3FN0,9,4.39794,90,Test,
replica1_3FN0_21,3FN0,9,4.39794,90,Test,
replica2_3FN0_21,3FN0,9,4.39794,90,Test,
replica3_3FN0_21,3FN0,9,4.39794,90,Test,
replica4_3FN0_21,3FN0,9,4.39794,90,Test,
replica5_3FN0_21,3FN0,9,4.39794,90,Test,
replica1_3FN0_27,3FN0,9,4.39794,90,Test,
replica2_3FN0_27,3FN0,9,4.39794,90,Test,
replica3_3FN0_27,3FN0,9,4.39794,90,Test,
replica4_3FN0_27,3FN0,9,4.39794,90,Test,
replica5_3FN0_27,3FN0,9,4.39794,90,Test,
replica1_3FN0_34,3FN0,9,4.39794,90,Test,
replica2_3FN0_34,3FN0,9,4.39794,90,Test,
replica3_3FN0_34,3FN0,9,4.39794,90,Test,
replica4_3FN0_34,3FN0,9,4.39794,90,Test,
replica5_3FN0_34,3FN0,9,4.39794,90,Test,
replica1_3FN0_41,3FN0,9,4.39794,90,Test,
replica2_3FN0_41,3FN0,9,4.39794,90,Test,
replica3_3FN0_41,3FN0,9,4.39794,90,Test,
replica4_3FN0_41,3FN0,9,4.39794,90,Test,
replica5_3FN0_41,3FN0,9,4.39794,90,Test,
replica1_3FN0_47,3FN0,9,4.39794,90,Test,
replica2_3FN0_47,3FN0,9,4.39794,90,Test,
replica3_3FN0_47,3FN0,9,4.39794,90,Test,
replica4_3FN0_47,3FN0,9,4.39794,90,Test,
replica5_3FN0_47,3FN0,9,4.39794,90,Test,
replica1_3FN0_54,3FN0,9,4.39794,90,Test,
replica2_3FN0_54,3FN0,9,4.39794,90,Test,
replica3_3FN0_54,3FN0,9,4.39794,90,Test,
replica4_3FN0_54,3FN0,9,4.39794,90,Test,
replica5_3FN0_54,3FN0,9,4.39794,90,Test,
replica1_3FN0_60,3FN0,9,4.39794,90,Test,
replica2_3FN0_60,3FN0,9,4.39794,90,Test,
replica3_3FN0_60,3FN0,9,4.39794,90,Test,
replica4_3FN0_60,3FN0,9,4.39794,90,Test,
replica5_3FN0_60,3FN0,9,4.39794,90,Test,
replica1_3FN0_67,3FN0,9,4.39794,90,Test,
replica2_3FN0_67,3FN0,9,4.39794,90,Test,
replica3_3FN0_67,3FN0,9,4.39794,90,Test,
replica4_3FN0_67,3FN0,9,4.39794,90,Test,
replica5_3FN0_67,3FN0,9,4.39794,90,Test,
replica1_3FN0_74,3FN0,9,4.39794,90,Test,
replica2_3FN0_74,3FN0,9,4.39794,90,Test,
replica3_3FN0_74,3FN0,9,4.39794,90,Test,
replica4_3FN0_74,3FN0,9,4.39794,90,Test,
replica5_3FN0_74,3FN0,9,4.39794,90,Test,
replica1_3FN0_80,3FN0,9,4.39794,90,Test,
replica2_3FN0_80,3FN0,9,4.39794,90,Test,
replica3_3FN0_80,3FN0,9,4.39794,90,Test,
replica4_3FN0_80,3FN0,9,4.39794,90,Test,
replica5_3FN0_80,3FN0,9,4.39794,90,Test,
replica1_3FN0_87,3FN0,9,4.39794,90,Test,
replica2_3FN0_87,3FN0,9,4.39794,90,Test,
replica3_3FN0_87,3FN0,9,4.39794,90,Test,
replica4_3FN0_87,3FN0,9,4.39794,90,Test,
replica5_3FN0_87,3FN0,9,4.39794,90,Test,
replica1_3FN0_93,3FN0,9,4.39794,90,Test,
replica2_3FN0_93,3FN0,9,4.39794,90,Test,
replica3_3FN0_93,3FN0,9,4.39794,90,Test,
replica4_3FN0_93,3FN0,9,4.39794,90,Test,
replica5_3FN0_93,3FN0,9,4.39794,90,Test,
replica1_3FN0_100,3FN0,9,4.39794,90,Test,
replica2_3FN0_100,3FN0,9,4.39794,90,Test,
replica3_3FN0_100,3FN0,9,4.39794,90,Test,
replica4_3FN0_100,3FN0,9,4.39794,90,Test,
replica5_3FN0_100,3FN0,9,4.39794,90,Test,
replica1_3G2S_1,3G2S,13,6.22,91,Train,100
replica2_3G2S_1,3G2S,13,6.22,91,Train,100
replica3_3G2S_1,3G2S,13,6.22,91,Train,100
replica4_3G2S_1,3G2S,13,6.22,91,Train,100
replica5_3G2S_1,3G2S,13,6.22,91,Train,100
replica1_3G2S_8,3G2S,13,6.22,91,Train,100
replica2_3G2S_8,3G2S,13,6.22,91,Train,100
replica3_3G2S_8,3G2S,13,6.22,91,Train,100
replica4_3G2S_8,3G2S,13,6.22,91,Train,100
replica5_3G2S_8,3G2S,13,6.22,91,Train,100
replica1_3G2S_14,3G2S,13,6.22,91,Train,100
replica2_3G2S_14,3G2S,13,6.22,91,Train,100
replica3_3G2S_14,3G2S,13,6.22,91,Train,100
replica4_3G2S_14,3G2S,13,6.22,91,Train,100
replica5_3G2S_14,3G2S,13,6.22,91,Train,100
replica1_3G2S_21,3G2S,13,6.22,91,Train,100
replica2_3G2S_21,3G2S,13,6.22,91,Train,100
replica3_3G2S_21,3G2S,13,6.22,91,Train,100
replica4_3G2S_21,3G2S,13,6.22,91,Train,100
replica5_3G2S_21,3G2S,13,6.22,91,Train,100
replica1_3G2S_27,3G2S,13,6.22,91,Train,100
replica2_3G2S_27,3G2S,13,6.22,91,Train,100
replica3_3G2S_27,3G2S,13,6.22,91,Train,100
replica4_3G2S_27,3G2S,13,6.22,91,Train,100
replica5_3G2S_27,3G2S,13,6.22,91,Train,100
replica1_3G2S_34,3G2S,13,6.22,91,Train,100
replica2_3G2S_34,3G2S,13,6.22,91,Train,100
replica3_3G2S_34,3G2S,13,6.22,91,Train,100
replica4_3G2S_34,3G2S,13,6.22,91,Train,100
replica5_3G2S_34,3G2S,13,6.22,91,Train,100
replica1_3G2S_41,3G2S,13,6.22,91,Train,100
replica2_3G2S_41,3G2S,13,6.22,91,Train,100
replica3_3G2S_41,3G2S,13,6.22,91,Train,100
replica4_3G2S_41,3G2S,13,6.22,91,Train,100
replica5_3G2S_41,3G2S,13,6.22,91,Train,100
replica1_3G2S_47,3G2S,13,6.22,91,Train,100
replica2_3G2S_47,3G2S,13,6.22,91,Train,100
replica3_3G2S_47,3G2S,13,6.22,91,Train,100
replica4_3G2S_47,3G2S,13,6.22,91,Train,100
replica5_3G2S_47,3G2S,13,6.22,91,Train,100
replica1_3G2S_54,3G2S,13,6.22,91,Train,100
replica2_3G2S_54,3G2S,13,6.22,91,Train,100
replica3_3G2S_54,3G2S,13,6.22,91,Train,100
replica4_3G2S_54,3G2S,13,6.22,91,Train,100
replica5_3G2S_54,3G2S,13,6.22,91,Train,100
replica1_3G2S_60,3G2S,13,6.22,91,Train,100
replica2_3G2S_60,3G2S,13,6.22,91,Train,100
replica3_3G2S_60,3G2S,13,6.22,91,Train,100
replica4_3G2S_60,3G2S,13,6.22,91,Train,100
replica5_3G2S_60,3G2S,13,6.22,91,Train,100
replica1_3G2S_67,3G2S,13,6.22,91,Train,100
replica2_3G2S_67,3G2S,13,6.22,91,Train,100
replica3_3G2S_67,3G2S,13,6.22,91,Train,100
replica4_3G2S_67,3G2S,13,6.22,91,Train,100
replica5_3G2S_67,3G2S,13,6.22,91,Train,100
replica1_3G2S_74,3G2S,13,6.22,91,Train,100
replica2_3G2S_74,3G2S,13,6.22,91,Train,100
replica3_3G2S_74,3G2S,13,6.22,91,Train,100
replica4_3G2S_74,3G2S,13,6.22,91,Train,100
replica5_3G2S_74,3G2S,13,6.22,91,Train,100
replica1_3G2S_80,3G2S,13,6.22,91,Train,100
replica2_3G2S_80,3G2S,13,6.22,91,Train,100
replica3_3G2S_80,3G2S,13,6.22,91,Train,100
replica4_3G2S_80,3G2S,13,6.22,91,Train,100
replica5_3G2S_80,3G2S,13,6.22,91,Train,100
replica1_3G2S_87,3G2S,13,6.22,91,Train,100
replica2_3G2S_87,3G2S,13,6.22,91,Train,100
replica3_3G2S_87,3G2S,13,6.22,91,Train,100
replica4_3G2S_87,3G2S,13,6.22,91,Train,100
replica5_3G2S_87,3G2S,13,6.22,91,Train,100
replica1_3G2S_93,3G2S,13,6.22,91,Train,100
replica2_3G2S_93,3G2S,13,6.22,91,Train,100
replica3_3G2S_93,3G2S,13,6.22,91,Train,100
replica4_3G2S_93,3G2S,13,6.22,91,Train,100
replica5_3G2S_93,3G2S,13,6.22,91,Train,100
replica1_3G2S_100,3G2S,13,6.22,91,Train,100
replica2_3G2S_100,3G2S,13,6.22,91,Train,100
replica3_3G2S_100,3G2S,13,6.22,91,Train,100
replica4_3G2S_100,3G2S,13,6.22,91,Train,100
replica5_3G2S_100,3G2S,13,6.22,91,Train,100
replica1_3GGW_1,3GGW,12,5.54,10,Test,
replica2_3GGW_1,3GGW,12,5.54,10,Test,
replica3_3GGW_1,3GGW,12,5.54,10,Test,
replica4_3GGW_1,3GGW,12,5.54,10,Test,
replica5_3GGW_1,3GGW,12,5.54,10,Test,
replica1_3GGW_8,3GGW,12,5.54,10,Test,
replica2_3GGW_8,3GGW,12,5.54,10,Test,
replica3_3GGW_8,3GGW,12,5.54,10,Test,
replica4_3GGW_8,3GGW,12,5.54,10,Test,
replica5_3GGW_8,3GGW,12,5.54,10,Test,
replica1_3GGW_14,3GGW,12,5.54,10,Test,
replica2_3GGW_14,3GGW,12,5.54,10,Test,
replica3_3GGW_14,3GGW,12,5.54,10,Test,
replica4_3GGW_14,3GGW,12,5.54,10,Test,
replica5_3GGW_14,3GGW,12,5.54,10,Test,
replica1_3GGW_21,3GGW,12,5.54,10,Test,
replica2_3GGW_21,3GGW,12,5.54,10,Test,
replica3_3GGW_21,3GGW,12,5.54,10,Test,
replica4_3GGW_21,3GGW,12,5.54,10,Test,
replica5_3GGW_21,3GGW,12,5.54,10,Test,
replica1_3GGW_27,3GGW,12,5.54,10,Test,
replica2_3GGW_27,3GGW,12,5.54,10,Test,
replica3_3GGW_27,3GGW,12,5.54,10,Test,
replica4_3GGW_27,3GGW,12,5.54,10,Test,
replica5_3GGW_27,3GGW,12,5.54,10,Test,
replica1_3GGW_34,3GGW,12,5.54,10,Test,
replica2_3GGW_34,3GGW,12,5.54,10,Test,
replica3_3GGW_34,3GGW,12,5.54,10,Test,
replica4_3GGW_34,3GGW,12,5.54,10,Test,
replica5_3GGW_34,3GGW,12,5.54,10,Test,
replica1_3GGW_41,3GGW,12,5.54,10,Test,
replica2_3GGW_41,3GGW,12,5.54,10,Test,
replica3_3GGW_41,3GGW,12,5.54,10,Test,
replica4_3GGW_41,3GGW,12,5.54,10,Test,
replica5_3GGW_41,3GGW,12,5.54,10,Test,
replica1_3GGW_47,3GGW,12,5.54,10,Test,
replica2_3GGW_47,3GGW,12,5.54,10,Test,
replica3_3GGW_47,3GGW,12,5.54,10,Test,
replica4_3GGW_47,3GGW,12,5.54,10,Test,
replica5_3GGW_47,3GGW,12,5.54,10,Test,
replica1_3GGW_54,3GGW,12,5.54,10,Test,
replica2_3GGW_54,3GGW,12,5.54,10,Test,
replica3_3GGW_54,3GGW,12,5.54,10,Test,
replica4_3GGW_54,3GGW,12,5.54,10,Test,
replica5_3GGW_54,3GGW,12,5.54,10,Test,
replica1_3GGW_60,3GGW,12,5.54,10,Test,
replica2_3GGW_60,3GGW,12,5.54,10,Test,
replica3_3GGW_60,3GGW,12,5.54,10,Test,
replica4_3GGW_60,3GGW,12,5.54,10,Test,
replica5_3GGW_60,3GGW,12,5.54,10,Test,
replica1_3GGW_67,3GGW,12,5.54,10,Test,
replica2_3GGW_67,3GGW,12,5.54,10,Test,
replica3_3GGW_67,3GGW,12,5.54,10,Test,
replica4_3GGW_67,3GGW,12,5.54,10,Test,
replica5_3GGW_67,3GGW,12,5.54,10,Test,
replica1_3GGW_74,3GGW,12,5.54,10,Test,
replica2_3GGW_74,3GGW,12,5.54,10,Test,
replica3_3GGW_74,3GGW,12,5.54,10,Test,
replica4_3GGW_74,3GGW,12,5.54,10,Test,
replica5_3GGW_74,3GGW,12,5.54,10,Test,
replica1_3GGW_80,3GGW,12,5.54,10,Test,
replica2_3GGW_80,3GGW,12,5.54,10,Test,
replica3_3GGW_80,3GGW,12,5.54,10,Test,
replica4_3GGW_80,3GGW,12,5.54,10,Test,
replica5_3GGW_80,3GGW,12,5.54,10,Test,
replica1_3GGW_87,3GGW,12,5.54,10,Test,
replica2_3GGW_87,3GGW,12,5.54,10,Test,
replica3_3GGW_87,3GGW,12,5.54,10,Test,
replica4_3GGW_87,3GGW,12,5.54,10,Test,
replica5_3GGW_87,3GGW,12,5.54,10,Test,
replica1_3GGW_93,3GGW,12,5.54,10,Test,
replica2_3GGW_93,3GGW,12,5.54,10,Test,
replica3_3GGW_93,3GGW,12,5.54,10,Test,
replica4_3GGW_93,3GGW,12,5.54,10,Test,
replica5_3GGW_93,3GGW,12,5.54,10,Test,
replica1_3GGW_100,3GGW,12,5.54,10,Test,
replica2_3GGW_100,3GGW,12,5.54,10,Test,
replica3_3GGW_100,3GGW,12,5.54,10,Test,
replica4_3GGW_100,3GGW,12,5.54,10,Test,
replica5_3GGW_100,3GGW,12,5.54,10,Test,
replica1_3GHE_1,3GHE,15,5.89,92,Train,101
replica2_3GHE_1,3GHE,15,5.89,92,Train,101
replica3_3GHE_1,3GHE,15,5.89,92,Train,101
replica4_3GHE_1,3GHE,15,5.89,92,Train,101
replica5_3GHE_1,3GHE,15,5.89,92,Train,101
replica1_3GHE_8,3GHE,15,5.89,92,Train,101
replica2_3GHE_8,3GHE,15,5.89,92,Train,101
replica3_3GHE_8,3GHE,15,5.89,92,Train,101
replica4_3GHE_8,3GHE,15,5.89,92,Train,101
replica5_3GHE_8,3GHE,15,5.89,92,Train,101
replica1_3GHE_14,3GHE,15,5.89,92,Train,101
replica2_3GHE_14,3GHE,15,5.89,92,Train,101
replica3_3GHE_14,3GHE,15,5.89,92,Train,101
replica4_3GHE_14,3GHE,15,5.89,92,Train,101
replica5_3GHE_14,3GHE,15,5.89,92,Train,101
replica1_3GHE_21,3GHE,15,5.89,92,Train,101
replica2_3GHE_21,3GHE,15,5.89,92,Train,101
replica3_3GHE_21,3GHE,15,5.89,92,Train,101
replica4_3GHE_21,3GHE,15,5.89,92,Train,101
replica5_3GHE_21,3GHE,15,5.89,92,Train,101
replica1_3GHE_27,3GHE,15,5.89,92,Train,101
replica2_3GHE_27,3GHE,15,5.89,92,Train,101
replica3_3GHE_27,3GHE,15,5.89,92,Train,101
replica4_3GHE_27,3GHE,15,5.89,92,Train,101
replica5_3GHE_27,3GHE,15,5.89,92,Train,101
replica1_3GHE_34,3GHE,15,5.89,92,Train,101
replica2_3GHE_34,3GHE,15,5.89,92,Train,101
replica3_3GHE_34,3GHE,15,5.89,92,Train,101
replica4_3GHE_34,3GHE,15,5.89,92,Train,101
replica5_3GHE_34,3GHE,15,5.89,92,Train,101
replica1_3GHE_41,3GHE,15,5.89,92,Train,101
replica2_3GHE_41,3GHE,15,5.89,92,Train,101
replica3_3GHE_41,3GHE,15,5.89,92,Train,101
replica4_3GHE_41,3GHE,15,5.89,92,Train,101
replica5_3GHE_41,3GHE,15,5.89,92,Train,101
replica1_3GHE_47,3GHE,15,5.89,92,Train,101
replica2_3GHE_47,3GHE,15,5.89,92,Train,101
replica3_3GHE_47,3GHE,15,5.89,92,Train,101
replica4_3GHE_47,3GHE,15,5.89,92,Train,101
replica5_3GHE_47,3GHE,15,5.89,92,Train,101
replica1_3GHE_54,3GHE,15,5.89,92,Train,101
replica2_3GHE_54,3GHE,15,5.89,92,Train,101
replica3_3GHE_54,3GHE,15,5.89,92,Train,101
replica4_3GHE_54,3GHE,15,5.89,92,Train,101
replica5_3GHE_54,3GHE,15,5.89,92,Train,101
replica1_3GHE_60,3GHE,15,5.89,92,Train,101
replica2_3GHE_60,3GHE,15,5.89,92,Train,101
replica3_3GHE_60,3GHE,15,5.89,92,Train,101
replica4_3GHE_60,3GHE,15,5.89,92,Train,101
replica5_3GHE_60,3GHE,15,5.89,92,Train,101
replica1_3GHE_67,3GHE,15,5.89,92,Train,101
replica2_3GHE_67,3GHE,15,5.89,92,Train,101
replica3_3GHE_67,3GHE,15,5.89,92,Train,101
replica4_3GHE_67,3GHE,15,5.89,92,Train,101
replica5_3GHE_67,3GHE,15,5.89,92,Train,101
replica1_3GHE_74,3GHE,15,5.89,92,Train,101
replica2_3GHE_74,3GHE,15,5.89,92,Train,101
replica3_3GHE_74,3GHE,15,5.89,92,Train,101
replica4_3GHE_74,3GHE,15,5.89,92,Train,101
replica5_3GHE_74,3GHE,15,5.89,92,Train,101
replica1_3GHE_80,3GHE,15,5.89,92,Train,101
replica2_3GHE_80,3GHE,15,5.89,92,Train,101
replica3_3GHE_80,3GHE,15,5.89,92,Train,101
replica4_3GHE_80,3GHE,15,5.89,92,Train,101
replica5_3GHE_80,3GHE,15,5.89,92,Train,101
replica1_3GHE_87,3GHE,15,5.89,92,Train,101
replica2_3GHE_87,3GHE,15,5.89,92,Train,101
replica3_3GHE_87,3GHE,15,5.89,92,Train,101
replica4_3GHE_87,3GHE,15,5.89,92,Train,101
replica5_3GHE_87,3GHE,15,5.89,92,Train,101
replica1_3GHE_93,3GHE,15,5.89,92,Train,101
replica2_3GHE_93,3GHE,15,5.89,92,Train,101
replica3_3GHE_93,3GHE,15,5.89,92,Train,101
replica4_3GHE_93,3GHE,15,5.89,92,Train,101
replica5_3GHE_93,3GHE,15,5.89,92,Train,101
replica1_3GHE_100,3GHE,15,5.89,92,Train,101
replica2_3GHE_100,3GHE,15,5.89,92,Train,101
replica3_3GHE_100,3GHE,15,5.89,92,Train,101
replica4_3GHE_100,3GHE,15,5.89,92,Train,101
replica5_3GHE_100,3GHE,15,5.89,92,Train,101
replica1_3H85_1,3H85,8,5.22,93,Test,
replica2_3H85_1,3H85,8,5.22,93,Test,
replica3_3H85_1,3H85,8,5.22,93,Test,
replica4_3H85_1,3H85,8,5.22,93,Test,
replica5_3H85_1,3H85,8,5.22,93,Test,
replica1_3H85_26,3H85,8,5.22,93,Test,
replica2_3H85_26,3H85,8,5.22,93,Test,
replica3_3H85_26,3H85,8,5.22,93,Test,
replica4_3H85_26,3H85,8,5.22,93,Test,
replica5_3H85_26,3H85,8,5.22,93,Test,
replica1_3H85_51,3H85,8,5.22,93,Test,
replica2_3H85_51,3H85,8,5.22,93,Test,
replica3_3H85_51,3H85,8,5.22,93,Test,
replica4_3H85_51,3H85,8,5.22,93,Test,
replica5_3H85_51,3H85,8,5.22,93,Test,
replica1_3H85_75,3H85,8,5.22,93,Test,
replica2_3H85_75,3H85,8,5.22,93,Test,
replica3_3H85_75,3H85,8,5.22,93,Test,
replica4_3H85_75,3H85,8,5.22,93,Test,
replica5_3H85_75,3H85,8,5.22,93,Test,
replica1_3H85_100,3H85,8,5.22,93,Test,
replica2_3H85_100,3H85,8,5.22,93,Test,
replica3_3H85_100,3H85,8,5.22,93,Test,
replica4_3H85_100,3H85,8,5.22,93,Test,
replica5_3H85_100,3H85,8,5.22,93,Test,
replica1_3HS8_1,3HS8,12,5.3,94,Train,102
replica2_3HS8_1,3HS8,12,5.3,94,Train,102
replica3_3HS8_1,3HS8,12,5.3,94,Train,102
replica4_3HS8_1,3HS8,12,5.3,94,Train,102
replica5_3HS8_1,3HS8,12,5.3,94,Train,102
replica1_3HS8_8,3HS8,12,5.3,94,Train,102
replica2_3HS8_8,3HS8,12,5.3,94,Train,102
replica3_3HS8_8,3HS8,12,5.3,94,Train,102
replica4_3HS8_8,3HS8,12,5.3,94,Train,102
replica5_3HS8_8,3HS8,12,5.3,94,Train,102
replica1_3HS8_14,3HS8,12,5.3,94,Train,102
replica2_3HS8_14,3HS8,12,5.3,94,Train,102
replica3_3HS8_14,3HS8,12,5.3,94,Train,102
replica4_3HS8_14,3HS8,12,5.3,94,Train,102
replica5_3HS8_14,3HS8,12,5.3,94,Train,102
replica1_3HS8_21,3HS8,12,5.3,94,Train,102
replica2_3HS8_21,3HS8,12,5.3,94,Train,102
replica3_3HS8_21,3HS8,12,5.3,94,Train,102
replica4_3HS8_21,3HS8,12,5.3,94,Train,102
replica5_3HS8_21,3HS8,12,5.3,94,Train,102
replica1_3HS8_27,3HS8,12,5.3,94,Train,102
replica2_3HS8_27,3HS8,12,5.3,94,Train,102
replica3_3HS8_27,3HS8,12,5.3,94,Train,102
replica4_3HS8_27,3HS8,12,5.3,94,Train,102
replica5_3HS8_27,3HS8,12,5.3,94,Train,102
replica1_3HS8_34,3HS8,12,5.3,94,Train,102
replica2_3HS8_34,3HS8,12,5.3,94,Train,102
replica3_3HS8_34,3HS8,12,5.3,94,Train,102
replica4_3HS8_34,3HS8,12,5.3,94,Train,102
replica5_3HS8_34,3HS8,12,5.3,94,Train,102
replica1_3HS8_41,3HS8,12,5.3,94,Train,102
replica2_3HS8_41,3HS8,12,5.3,94,Train,102
replica3_3HS8_41,3HS8,12,5.3,94,Train,102
replica4_3HS8_41,3HS8,12,5.3,94,Train,102
replica5_3HS8_41,3HS8,12,5.3,94,Train,102
replica1_3HS8_47,3HS8,12,5.3,94,Train,102
replica2_3HS8_47,3HS8,12,5.3,94,Train,102
replica3_3HS8_47,3HS8,12,5.3,94,Train,102
replica4_3HS8_47,3HS8,12,5.3,94,Train,102
replica5_3HS8_47,3HS8,12,5.3,94,Train,102
replica1_3HS8_54,3HS8,12,5.3,94,Train,102
replica2_3HS8_54,3HS8,12,5.3,94,Train,102
replica3_3HS8_54,3HS8,12,5.3,94,Train,102
replica4_3HS8_54,3HS8,12,5.3,94,Train,102
replica5_3HS8_54,3HS8,12,5.3,94,Train,102
replica1_3HS8_60,3HS8,12,5.3,94,Train,102
replica2_3HS8_60,3HS8,12,5.3,94,Train,102
replica3_3HS8_60,3HS8,12,5.3,94,Train,102
replica4_3HS8_60,3HS8,12,5.3,94,Train,102
replica5_3HS8_60,3HS8,12,5.3,94,Train,102
replica1_3HS8_67,3HS8,12,5.3,94,Train,102
replica2_3HS8_67,3HS8,12,5.3,94,Train,102
replica3_3HS8_67,3HS8,12,5.3,94,Train,102
replica4_3HS8_67,3HS8,12,5.3,94,Train,102
replica5_3HS8_67,3HS8,12,5.3,94,Train,102
replica1_3HS8_74,3HS8,12,5.3,94,Train,102
replica2_3HS8_74,3HS8,12,5.3,94,Train,102
replica3_3HS8_74,3HS8,12,5.3,94,Train,102
replica4_3HS8_74,3HS8,12,5.3,94,Train,102
replica5_3HS8_74,3HS8,12,5.3,94,Train,102
replica1_3HS8_80,3HS8,12,5.3,94,Train,102
replica2_3HS8_80,3HS8,12,5.3,94,Train,102
replica3_3HS8_80,3HS8,12,5.3,94,Train,102
replica4_3HS8_80,3HS8,12,5.3,94,Train,102
replica5_3HS8_80,3HS8,12,5.3,94,Train,102
replica1_3HS8_87,3HS8,12,5.3,94,Train,102
replica2_3HS8_87,3HS8,12,5.3,94,Train,102
replica3_3HS8_87,3HS8,12,5.3,94,Train,102
replica4_3HS8_87,3HS8,12,5.3,94,Train,102
replica5_3HS8_87,3HS8,12,5.3,94,Train,102
replica1_3HS8_93,3HS8,12,5.3,94,Train,102
replica2_3HS8_93,3HS8,12,5.3,94,Train,102
replica3_3HS8_93,3HS8,12,5.3,94,Train,102
replica4_3HS8_93,3HS8,12,5.3,94,Train,102
replica5_3HS8_93,3HS8,12,5.3,94,Train,102
replica1_3HS8_100,3HS8,12,5.3,94,Train,102
replica2_3HS8_100,3HS8,12,5.3,94,Train,102
replica3_3HS8_100,3HS8,12,5.3,94,Train,102
replica4_3HS8_100,3HS8,12,5.3,94,Train,102
replica5_3HS8_100,3HS8,12,5.3,94,Train,102
replica1_3I5R_1,3I5R,12,4.4,5,Test,
replica2_3I5R_1,3I5R,12,4.4,5,Test,
replica3_3I5R_1,3I5R,12,4.4,5,Test,
replica4_3I5R_1,3I5R,12,4.4,5,Test,
replica5_3I5R_1,3I5R,12,4.4,5,Test,
replica1_3I5R_8,3I5R,12,4.4,5,Test,
replica2_3I5R_8,3I5R,12,4.4,5,Test,
replica3_3I5R_8,3I5R,12,4.4,5,Test,
replica4_3I5R_8,3I5R,12,4.4,5,Test,
replica5_3I5R_8,3I5R,12,4.4,5,Test,
replica1_3I5R_14,3I5R,12,4.4,5,Test,
replica2_3I5R_14,3I5R,12,4.4,5,Test,
replica3_3I5R_14,3I5R,12,4.4,5,Test,
replica4_3I5R_14,3I5R,12,4.4,5,Test,
replica5_3I5R_14,3I5R,12,4.4,5,Test,
replica1_3I5R_21,3I5R,12,4.4,5,Test,
replica2_3I5R_21,3I5R,12,4.4,5,Test,
replica3_3I5R_21,3I5R,12,4.4,5,Test,
replica4_3I5R_21,3I5R,12,4.4,5,Test,
replica5_3I5R_21,3I5R,12,4.4,5,Test,
replica1_3I5R_27,3I5R,12,4.4,5,Test,
replica2_3I5R_27,3I5R,12,4.4,5,Test,
replica3_3I5R_27,3I5R,12,4.4,5,Test,
replica4_3I5R_27,3I5R,12,4.4,5,Test,
replica5_3I5R_27,3I5R,12,4.4,5,Test,
replica1_3I5R_34,3I5R,12,4.4,5,Test,
replica2_3I5R_34,3I5R,12,4.4,5,Test,
replica3_3I5R_34,3I5R,12,4.4,5,Test,
replica4_3I5R_34,3I5R,12,4.4,5,Test,
replica5_3I5R_34,3I5R,12,4.4,5,Test,
replica1_3I5R_41,3I5R,12,4.4,5,Test,
replica2_3I5R_41,3I5R,12,4.4,5,Test,
replica3_3I5R_41,3I5R,12,4.4,5,Test,
replica4_3I5R_41,3I5R,12,4.4,5,Test,
replica5_3I5R_41,3I5R,12,4.4,5,Test,
replica1_3I5R_47,3I5R,12,4.4,5,Test,
replica2_3I5R_47,3I5R,12,4.4,5,Test,
replica3_3I5R_47,3I5R,12,4.4,5,Test,
replica4_3I5R_47,3I5R,12,4.4,5,Test,
replica5_3I5R_47,3I5R,12,4.4,5,Test,
replica1_3I5R_54,3I5R,12,4.4,5,Test,
replica2_3I5R_54,3I5R,12,4.4,5,Test,
replica3_3I5R_54,3I5R,12,4.4,5,Test,
replica4_3I5R_54,3I5R,12,4.4,5,Test,
replica5_3I5R_54,3I5R,12,4.4,5,Test,
replica1_3I5R_60,3I5R,12,4.4,5,Test,
replica2_3I5R_60,3I5R,12,4.4,5,Test,
replica3_3I5R_60,3I5R,12,4.4,5,Test,
replica4_3I5R_60,3I5R,12,4.4,5,Test,
replica5_3I5R_60,3I5R,12,4.4,5,Test,
replica1_3I5R_67,3I5R,12,4.4,5,Test,
replica2_3I5R_67,3I5R,12,4.4,5,Test,
replica3_3I5R_67,3I5R,12,4.4,5,Test,
replica4_3I5R_67,3I5R,12,4.4,5,Test,
replica5_3I5R_67,3I5R,12,4.4,5,Test,
replica1_3I5R_74,3I5R,12,4.4,5,Test,
replica2_3I5R_74,3I5R,12,4.4,5,Test,
replica3_3I5R_74,3I5R,12,4.4,5,Test,
replica4_3I5R_74,3I5R,12,4.4,5,Test,
replica5_3I5R_74,3I5R,12,4.4,5,Test,
replica1_3I5R_80,3I5R,12,4.4,5,Test,
replica2_3I5R_80,3I5R,12,4.4,5,Test,
replica3_3I5R_80,3I5R,12,4.4,5,Test,
replica4_3I5R_80,3I5R,12,4.4,5,Test,
replica5_3I5R_80,3I5R,12,4.4,5,Test,
replica1_3I5R_87,3I5R,12,4.4,5,Test,
replica2_3I5R_87,3I5R,12,4.4,5,Test,
replica3_3I5R_87,3I5R,12,4.4,5,Test,
replica4_3I5R_87,3I5R,12,4.4,5,Test,
replica5_3I5R_87,3I5R,12,4.4,5,Test,
replica1_3I5R_93,3I5R,12,4.4,5,Test,
replica2_3I5R_93,3I5R,12,4.4,5,Test,
replica3_3I5R_93,3I5R,12,4.4,5,Test,
replica4_3I5R_93,3I5R,12,4.4,5,Test,
replica5_3I5R_93,3I5R,12,4.4,5,Test,
replica1_3I5R_100,3I5R,12,4.4,5,Test,
replica2_3I5R_100,3I5R,12,4.4,5,Test,
replica3_3I5R_100,3I5R,12,4.4,5,Test,
replica4_3I5R_100,3I5R,12,4.4,5,Test,
replica5_3I5R_100,3I5R,12,4.4,5,Test,
replica1_3IFL_1,3IFL,7,8.08,78,Train,99
replica2_3IFL_1,3IFL,7,8.08,78,Train,99
replica3_3IFL_1,3IFL,7,8.08,78,Train,99
replica4_3IFL_1,3IFL,7,8.08,78,Train,99
replica5_3IFL_1,3IFL,7,8.08,78,Train,99
replica1_3IFL_51,3IFL,7,8.08,78,Train,99
replica2_3IFL_51,3IFL,7,8.08,78,Train,99
replica3_3IFL_51,3IFL,7,8.08,78,Train,99
replica4_3IFL_51,3IFL,7,8.08,78,Train,99
replica5_3IFL_51,3IFL,7,8.08,78,Train,99
replica1_3IFL_100,3IFL,7,8.08,78,Train,99
replica2_3IFL_100,3IFL,7,8.08,78,Train,99
replica3_3IFL_100,3IFL,7,8.08,78,Train,99
replica4_3IFL_100,3IFL,7,8.08,78,Train,99
replica5_3IFL_100,3IFL,7,8.08,78,Train,99
replica1_3IFO_1,3IFO,7,7.26,78,Train,99
replica2_3IFO_1,3IFO,7,7.26,78,Train,99
replica3_3IFO_1,3IFO,7,7.26,78,Train,99
replica4_3IFO_1,3IFO,7,7.26,78,Train,99
replica5_3IFO_1,3IFO,7,7.26,78,Train,99
replica1_3IFO_51,3IFO,7,7.26,78,Train,99
replica2_3IFO_51,3IFO,7,7.26,78,Train,99
replica3_3IFO_51,3IFO,7,7.26,78,Train,99
replica4_3IFO_51,3IFO,7,7.26,78,Train,99
replica5_3IFO_51,3IFO,7,7.26,78,Train,99
replica1_3IFO_100,3IFO,7,7.26,78,Train,99
replica2_3IFO_100,3IFO,7,7.26,78,Train,99
replica3_3IFO_100,3IFO,7,7.26,78,Train,99
replica4_3IFO_100,3IFO,7,7.26,78,Train,99
replica5_3IFO_100,3IFO,7,7.26,78,Train,99
replica1_3IFP_1,3IFP,7,7.61,78,Train,99
replica2_3IFP_1,3IFP,7,7.61,78,Train,99
replica3_3IFP_1,3IFP,7,7.61,78,Train,99
replica4_3IFP_1,3IFP,7,7.61,78,Train,99
replica5_3IFP_1,3IFP,7,7.61,78,Train,99
replica1_3IFP_51,3IFP,7,7.61,78,Train,99
replica2_3IFP_51,3IFP,7,7.61,78,Train,99
replica3_3IFP_51,3IFP,7,7.61,78,Train,99
replica4_3IFP_51,3IFP,7,7.61,78,Train,99
replica5_3IFP_51,3IFP,7,7.61,78,Train,99
replica1_3IFP_100,3IFP,7,7.61,78,Train,99
replica2_3IFP_100,3IFP,7,7.61,78,Train,99
replica3_3IFP_100,3IFP,7,7.61,78,Train,99
replica4_3IFP_100,3IFP,7,7.61,78,Train,99
replica5_3IFP_100,3IFP,7,7.61,78,Train,99
replica1_3IQG_1,3IQG,5,4.6,95,Train,103
replica2_3IQG_1,3IQG,5,4.6,95,Train,103
replica3_3IQG_1,3IQG,5,4.6,95,Train,103
replica4_3IQG_1,3IQG,5,4.6,95,Train,103
replica5_3IQG_1,3IQG,5,4.6,95,Train,103
replica1_3IQG_26,3IQG,5,4.6,95,Train,103
replica2_3IQG_26,3IQG,5,4.6,95,Train,103
replica3_3IQG_26,3IQG,5,4.6,95,Train,103
replica4_3IQG_26,3IQG,5,4.6,95,Train,103
replica5_3IQG_26,3IQG,5,4.6,95,Train,103
replica1_3IQG_51,3IQG,5,4.6,95,Train,103
replica2_3IQG_51,3IQG,5,4.6,95,Train,103
replica3_3IQG_51,3IQG,5,4.6,95,Train,103
replica4_3IQG_51,3IQG,5,4.6,95,Train,103
replica5_3IQG_51,3IQG,5,4.6,95,Train,103
replica1_3IQG_75,3IQG,5,4.6,95,Train,103
replica2_3IQG_75,3IQG,5,4.6,95,Train,103
replica3_3IQG_75,3IQG,5,4.6,95,Train,103
replica4_3IQG_75,3IQG,5,4.6,95,Train,103
replica5_3IQG_75,3IQG,5,4.6,95,Train,103
replica1_3IQG_100,3IQG,5,4.6,95,Train,103
replica2_3IQG_100,3IQG,5,4.6,95,Train,103
replica3_3IQG_100,3IQG,5,4.6,95,Train,103
replica4_3IQG_100,3IQG,5,4.6,95,Train,103
replica5_3IQG_100,3IQG,5,4.6,95,Train,103
replica1_3IQH_1,3IQH,5,4.59,95,Train,103
replica2_3IQH_1,3IQH,5,4.59,95,Train,103
replica3_3IQH_1,3IQH,5,4.59,95,Train,103
replica4_3IQH_1,3IQH,5,4.59,95,Train,103
replica5_3IQH_1,3IQH,5,4.59,95,Train,103
replica1_3IQH_26,3IQH,5,4.59,95,Train,103
replica2_3IQH_26,3IQH,5,4.59,95,Train,103
replica3_3IQH_26,3IQH,5,4.59,95,Train,103
replica4_3IQH_26,3IQH,5,4.59,95,Train,103
replica5_3IQH_26,3IQH,5,4.59,95,Train,103
replica1_3IQH_51,3IQH,5,4.59,95,Train,103
replica2_3IQH_51,3IQH,5,4.59,95,Train,103
replica3_3IQH_51,3IQH,5,4.59,95,Train,103
replica4_3IQH_51,3IQH,5,4.59,95,Train,103
replica5_3IQH_51,3IQH,5,4.59,95,Train,103
replica1_3IQH_75,3IQH,5,4.59,95,Train,103
replica2_3IQH_75,3IQH,5,4.59,95,Train,103
replica3_3IQH_75,3IQH,5,4.59,95,Train,103
replica4_3IQH_75,3IQH,5,4.59,95,Train,103
replica5_3IQH_75,3IQH,5,4.59,95,Train,103
replica1_3IQH_100,3IQH,5,4.59,95,Train,103
replica2_3IQH_100,3IQH,5,4.59,95,Train,103
replica3_3IQH_100,3IQH,5,4.59,95,Train,103
replica4_3IQH_100,3IQH,5,4.59,95,Train,103
replica5_3IQH_100,3IQH,5,4.59,95,Train,103
replica1_3IQI_1,3IQI,5,4.41,95,Train,103
replica2_3IQI_1,3IQI,5,4.41,95,Train,103
replica3_3IQI_1,3IQI,5,4.41,95,Train,103
replica4_3IQI_1,3IQI,5,4.41,95,Train,103
replica5_3IQI_1,3IQI,5,4.41,95,Train,103
replica1_3IQI_26,3IQI,5,4.41,95,Train,103
replica2_3IQI_26,3IQI,5,4.41,95,Train,103
replica3_3IQI_26,3IQI,5,4.41,95,Train,103
replica4_3IQI_26,3IQI,5,4.41,95,Train,103
replica5_3IQI_26,3IQI,5,4.41,95,Train,103
replica1_3IQI_51,3IQI,5,4.41,95,Train,103
replica2_3IQI_51,3IQI,5,4.41,95,Train,103
replica3_3IQI_51,3IQI,5,4.41,95,Train,103
replica4_3IQI_51,3IQI,5,4.41,95,Train,103
replica5_3IQI_51,3IQI,5,4.41,95,Train,103
replica1_3IQI_75,3IQI,5,4.41,95,Train,103
replica2_3IQI_75,3IQI,5,4.41,95,Train,103
replica3_3IQI_75,3IQI,5,4.41,95,Train,103
replica4_3IQI_75,3IQI,5,4.41,95,Train,103
replica5_3IQI_75,3IQI,5,4.41,95,Train,103
replica1_3IQI_100,3IQI,5,4.41,95,Train,103
replica2_3IQI_100,3IQI,5,4.41,95,Train,103
replica3_3IQI_100,3IQI,5,4.41,95,Train,103
replica4_3IQI_100,3IQI,5,4.41,95,Train,103
replica5_3IQI_100,3IQI,5,4.41,95,Train,103
replica1_3IQQ_1,3IQQ,12,5.54,96,Train,104
replica2_3IQQ_1,3IQQ,12,5.54,96,Train,104
replica3_3IQQ_1,3IQQ,12,5.54,96,Train,104
replica4_3IQQ_1,3IQQ,12,5.54,96,Train,104
replica5_3IQQ_1,3IQQ,12,5.54,96,Train,104
replica1_3IQQ_8,3IQQ,12,5.54,96,Train,104
replica2_3IQQ_8,3IQQ,12,5.54,96,Train,104
replica3_3IQQ_8,3IQQ,12,5.54,96,Train,104
replica4_3IQQ_8,3IQQ,12,5.54,96,Train,104
replica5_3IQQ_8,3IQQ,12,5.54,96,Train,104
replica1_3IQQ_14,3IQQ,12,5.54,96,Train,104
replica2_3IQQ_14,3IQQ,12,5.54,96,Train,104
replica3_3IQQ_14,3IQQ,12,5.54,96,Train,104
replica4_3IQQ_14,3IQQ,12,5.54,96,Train,104
replica5_3IQQ_14,3IQQ,12,5.54,96,Train,104
replica1_3IQQ_21,3IQQ,12,5.54,96,Train,104
replica2_3IQQ_21,3IQQ,12,5.54,96,Train,104
replica3_3IQQ_21,3IQQ,12,5.54,96,Train,104
replica4_3IQQ_21,3IQQ,12,5.54,96,Train,104
replica5_3IQQ_21,3IQQ,12,5.54,96,Train,104
replica1_3IQQ_27,3IQQ,12,5.54,96,Train,104
replica2_3IQQ_27,3IQQ,12,5.54,96,Train,104
replica3_3IQQ_27,3IQQ,12,5.54,96,Train,104
replica4_3IQQ_27,3IQQ,12,5.54,96,Train,104
replica5_3IQQ_27,3IQQ,12,5.54,96,Train,104
replica1_3IQQ_34,3IQQ,12,5.54,96,Train,104
replica2_3IQQ_34,3IQQ,12,5.54,96,Train,104
replica3_3IQQ_34,3IQQ,12,5.54,96,Train,104
replica4_3IQQ_34,3IQQ,12,5.54,96,Train,104
replica5_3IQQ_34,3IQQ,12,5.54,96,Train,104
replica1_3IQQ_41,3IQQ,12,5.54,96,Train,104
replica2_3IQQ_41,3IQQ,12,5.54,96,Train,104
replica3_3IQQ_41,3IQQ,12,5.54,96,Train,104
replica4_3IQQ_41,3IQQ,12,5.54,96,Train,104
replica5_3IQQ_41,3IQQ,12,5.54,96,Train,104
replica1_3IQQ_47,3IQQ,12,5.54,96,Train,104
replica2_3IQQ_47,3IQQ,12,5.54,96,Train,104
replica3_3IQQ_47,3IQQ,12,5.54,96,Train,104
replica4_3IQQ_47,3IQQ,12,5.54,96,Train,104
replica5_3IQQ_47,3IQQ,12,5.54,96,Train,104
replica1_3IQQ_54,3IQQ,12,5.54,96,Train,104
replica2_3IQQ_54,3IQQ,12,5.54,96,Train,104
replica3_3IQQ_54,3IQQ,12,5.54,96,Train,104
replica4_3IQQ_54,3IQQ,12,5.54,96,Train,104
replica5_3IQQ_54,3IQQ,12,5.54,96,Train,104
replica1_3IQQ_60,3IQQ,12,5.54,96,Train,104
replica2_3IQQ_60,3IQQ,12,5.54,96,Train,104
replica3_3IQQ_60,3IQQ,12,5.54,96,Train,104
replica4_3IQQ_60,3IQQ,12,5.54,96,Train,104
replica5_3IQQ_60,3IQQ,12,5.54,96,Train,104
replica1_3IQQ_67,3IQQ,12,5.54,96,Train,104
replica2_3IQQ_67,3IQQ,12,5.54,96,Train,104
replica3_3IQQ_67,3IQQ,12,5.54,96,Train,104
replica4_3IQQ_67,3IQQ,12,5.54,96,Train,104
replica5_3IQQ_67,3IQQ,12,5.54,96,Train,104
replica1_3IQQ_74,3IQQ,12,5.54,96,Train,104
replica2_3IQQ_74,3IQQ,12,5.54,96,Train,104
replica3_3IQQ_74,3IQQ,12,5.54,96,Train,104
replica4_3IQQ_74,3IQQ,12,5.54,96,Train,104
replica5_3IQQ_74,3IQQ,12,5.54,96,Train,104
replica1_3IQQ_80,3IQQ,12,5.54,96,Train,104
replica2_3IQQ_80,3IQQ,12,5.54,96,Train,104
replica3_3IQQ_80,3IQQ,12,5.54,96,Train,104
replica4_3IQQ_80,3IQQ,12,5.54,96,Train,104
replica5_3IQQ_80,3IQQ,12,5.54,96,Train,104
replica1_3IQQ_87,3IQQ,12,5.54,96,Train,104
replica2_3IQQ_87,3IQQ,12,5.54,96,Train,104
replica3_3IQQ_87,3IQQ,12,5.54,96,Train,104
replica4_3IQQ_87,3IQQ,12,5.54,96,Train,104
replica5_3IQQ_87,3IQQ,12,5.54,96,Train,104
replica1_3IQQ_93,3IQQ,12,5.54,96,Train,104
replica2_3IQQ_93,3IQQ,12,5.54,96,Train,104
replica3_3IQQ_93,3IQQ,12,5.54,96,Train,104
replica4_3IQQ_93,3IQQ,12,5.54,96,Train,104
replica5_3IQQ_93,3IQQ,12,5.54,96,Train,104
replica1_3IQQ_100,3IQQ,12,5.54,96,Train,104
replica2_3IQQ_100,3IQQ,12,5.54,96,Train,104
replica3_3IQQ_100,3IQQ,12,5.54,96,Train,104
replica4_3IQQ_100,3IQQ,12,5.54,96,Train,104
replica5_3IQQ_100,3IQQ,12,5.54,96,Train,104
replica1_3IVV_1,3IVV,10,5.4318,23,Train,105
replica2_3IVV_1,3IVV,10,5.4318,23,Train,105
replica3_3IVV_1,3IVV,10,5.4318,23,Train,105
replica4_3IVV_1,3IVV,10,5.4318,23,Train,105
replica5_3IVV_1,3IVV,10,5.4318,23,Train,105
replica1_3IVV_100,3IVV,10,5.4318,23,Train,105
replica2_3IVV_100,3IVV,10,5.4318,23,Train,105
replica3_3IVV_100,3IVV,10,5.4318,23,Train,105
replica4_3IVV_100,3IVV,10,5.4318,23,Train,105
replica5_3IVV_100,3IVV,10,5.4318,23,Train,105
replica1_3JZO_1,3JZO,12,8.52,89,Train,106
replica2_3JZO_1,3JZO,12,8.52,89,Train,106
replica3_3JZO_1,3JZO,12,8.52,89,Train,106
replica4_3JZO_1,3JZO,12,8.52,89,Train,106
replica5_3JZO_1,3JZO,12,8.52,89,Train,106
replica1_3JZO_34,3JZO,12,8.52,89,Train,106
replica2_3JZO_34,3JZO,12,8.52,89,Train,106
replica3_3JZO_34,3JZO,12,8.52,89,Train,106
replica4_3JZO_34,3JZO,12,8.52,89,Train,106
replica5_3JZO_34,3JZO,12,8.52,89,Train,106
replica1_3JZO_67,3JZO,12,8.52,89,Train,106
replica2_3JZO_67,3JZO,12,8.52,89,Train,106
replica3_3JZO_67,3JZO,12,8.52,89,Train,106
replica4_3JZO_67,3JZO,12,8.52,89,Train,106
replica5_3JZO_67,3JZO,12,8.52,89,Train,106
replica1_3JZO_100,3JZO,12,8.52,89,Train,106
replica2_3JZO_100,3JZO,12,8.52,89,Train,106
replica3_3JZO_100,3JZO,12,8.52,89,Train,106
replica4_3JZO_100,3JZO,12,8.52,89,Train,106
replica5_3JZO_100,3JZO,12,8.52,89,Train,106
replica1_3KZE_1,3KZE,8,3.95,97,Train,107
replica2_3KZE_1,3KZE,8,3.95,97,Train,107
replica3_3KZE_1,3KZE,8,3.95,97,Train,107
replica4_3KZE_1,3KZE,8,3.95,97,Train,107
replica5_3KZE_1,3KZE,8,3.95,97,Train,107
replica1_3KZE_15,3KZE,8,3.95,97,Train,107
replica2_3KZE_15,3KZE,8,3.95,97,Train,107
replica3_3KZE_15,3KZE,8,3.95,97,Train,107
replica4_3KZE_15,3KZE,8,3.95,97,Train,107
replica5_3KZE_15,3KZE,8,3.95,97,Train,107
replica1_3KZE_29,3KZE,8,3.95,97,Train,107
replica2_3KZE_29,3KZE,8,3.95,97,Train,107
replica3_3KZE_29,3KZE,8,3.95,97,Train,107
replica4_3KZE_29,3KZE,8,3.95,97,Train,107
replica5_3KZE_29,3KZE,8,3.95,97,Train,107
replica1_3KZE_43,3KZE,8,3.95,97,Train,107
replica2_3KZE_43,3KZE,8,3.95,97,Train,107
replica3_3KZE_43,3KZE,8,3.95,97,Train,107
replica4_3KZE_43,3KZE,8,3.95,97,Train,107
replica5_3KZE_43,3KZE,8,3.95,97,Train,107
replica1_3KZE_58,3KZE,8,3.95,97,Train,107
replica2_3KZE_58,3KZE,8,3.95,97,Train,107
replica3_3KZE_58,3KZE,8,3.95,97,Train,107
replica4_3KZE_58,3KZE,8,3.95,97,Train,107
replica5_3KZE_58,3KZE,8,3.95,97,Train,107
replica1_3KZE_72,3KZE,8,3.95,97,Train,107
replica2_3KZE_72,3KZE,8,3.95,97,Train,107
replica3_3KZE_72,3KZE,8,3.95,97,Train,107
replica4_3KZE_72,3KZE,8,3.95,97,Train,107
replica5_3KZE_72,3KZE,8,3.95,97,Train,107
replica1_3KZE_86,3KZE,8,3.95,97,Train,107
replica2_3KZE_86,3KZE,8,3.95,97,Train,107
replica3_3KZE_86,3KZE,8,3.95,97,Train,107
replica4_3KZE_86,3KZE,8,3.95,97,Train,107
replica5_3KZE_86,3KZE,8,3.95,97,Train,107
replica1_3KZE_100,3KZE,8,3.95,97,Train,107
replica2_3KZE_100,3KZE,8,3.95,97,Train,107
replica3_3KZE_100,3KZE,8,3.95,97,Train,107
replica4_3KZE_100,3KZE,8,3.95,97,Train,107
replica5_3KZE_100,3KZE,8,3.95,97,Train,107
replica1_3L81_1,3L81,7,4.53,98,Train,108
replica2_3L81_1,3L81,7,4.53,98,Train,108
replica3_3L81_1,3L81,7,4.53,98,Train,108
replica4_3L81_1,3L81,7,4.53,98,Train,108
replica5_3L81_1,3L81,7,4.53,98,Train,108
replica1_3L81_8,3L81,7,4.53,98,Train,108
replica2_3L81_8,3L81,7,4.53,98,Train,108
replica3_3L81_8,3L81,7,4.53,98,Train,108
replica4_3L81_8,3L81,7,4.53,98,Train,108
replica5_3L81_8,3L81,7,4.53,98,Train,108
replica1_3L81_14,3L81,7,4.53,98,Train,108
replica2_3L81_14,3L81,7,4.53,98,Train,108
replica3_3L81_14,3L81,7,4.53,98,Train,108
replica4_3L81_14,3L81,7,4.53,98,Train,108
replica5_3L81_14,3L81,7,4.53,98,Train,108
replica1_3L81_21,3L81,7,4.53,98,Train,108
replica2_3L81_21,3L81,7,4.53,98,Train,108
replica3_3L81_21,3L81,7,4.53,98,Train,108
replica4_3L81_21,3L81,7,4.53,98,Train,108
replica5_3L81_21,3L81,7,4.53,98,Train,108
replica1_3L81_27,3L81,7,4.53,98,Train,108
replica2_3L81_27,3L81,7,4.53,98,Train,108
replica3_3L81_27,3L81,7,4.53,98,Train,108
replica4_3L81_27,3L81,7,4.53,98,Train,108
replica5_3L81_27,3L81,7,4.53,98,Train,108
replica1_3L81_34,3L81,7,4.53,98,Train,108
replica2_3L81_34,3L81,7,4.53,98,Train,108
replica3_3L81_34,3L81,7,4.53,98,Train,108
replica4_3L81_34,3L81,7,4.53,98,Train,108
replica5_3L81_34,3L81,7,4.53,98,Train,108
replica1_3L81_41,3L81,7,4.53,98,Train,108
replica2_3L81_41,3L81,7,4.53,98,Train,108
replica3_3L81_41,3L81,7,4.53,98,Train,108
replica4_3L81_41,3L81,7,4.53,98,Train,108
replica5_3L81_41,3L81,7,4.53,98,Train,108
replica1_3L81_47,3L81,7,4.53,98,Train,108
replica2_3L81_47,3L81,7,4.53,98,Train,108
replica3_3L81_47,3L81,7,4.53,98,Train,108
replica4_3L81_47,3L81,7,4.53,98,Train,108
replica5_3L81_47,3L81,7,4.53,98,Train,108
replica1_3L81_54,3L81,7,4.53,98,Train,108
replica2_3L81_54,3L81,7,4.53,98,Train,108
replica3_3L81_54,3L81,7,4.53,98,Train,108
replica4_3L81_54,3L81,7,4.53,98,Train,108
replica5_3L81_54,3L81,7,4.53,98,Train,108
replica1_3L81_60,3L81,7,4.53,98,Train,108
replica2_3L81_60,3L81,7,4.53,98,Train,108
replica3_3L81_60,3L81,7,4.53,98,Train,108
replica4_3L81_60,3L81,7,4.53,98,Train,108
replica5_3L81_60,3L81,7,4.53,98,Train,108
replica1_3L81_67,3L81,7,4.53,98,Train,108
replica2_3L81_67,3L81,7,4.53,98,Train,108
replica3_3L81_67,3L81,7,4.53,98,Train,108
replica4_3L81_67,3L81,7,4.53,98,Train,108
replica5_3L81_67,3L81,7,4.53,98,Train,108
replica1_3L81_74,3L81,7,4.53,98,Train,108
replica2_3L81_74,3L81,7,4.53,98,Train,108
replica3_3L81_74,3L81,7,4.53,98,Train,108
replica4_3L81_74,3L81,7,4.53,98,Train,108
replica5_3L81_74,3L81,7,4.53,98,Train,108
replica1_3L81_80,3L81,7,4.53,98,Train,108
replica2_3L81_80,3L81,7,4.53,98,Train,108
replica3_3L81_80,3L81,7,4.53,98,Train,108
replica4_3L81_80,3L81,7,4.53,98,Train,108
replica5_3L81_80,3L81,7,4.53,98,Train,108
replica1_3L81_87,3L81,7,4.53,98,Train,108
replica2_3L81_87,3L81,7,4.53,98,Train,108
replica3_3L81_87,3L81,7,4.53,98,Train,108
replica4_3L81_87,3L81,7,4.53,98,Train,108
replica5_3L81_87,3L81,7,4.53,98,Train,108
replica1_3L81_93,3L81,7,4.53,98,Train,108
replica2_3L81_93,3L81,7,4.53,98,Train,108
replica3_3L81_93,3L81,7,4.53,98,Train,108
replica4_3L81_93,3L81,7,4.53,98,Train,108
replica5_3L81_93,3L81,7,4.53,98,Train,108
replica1_3L81_100,3L81,7,4.53,98,Train,108
replica2_3L81_100,3L81,7,4.53,98,Train,108
replica3_3L81_100,3L81,7,4.53,98,Train,108
replica4_3L81_100,3L81,7,4.53,98,Train,108
replica5_3L81_100,3L81,7,4.53,98,Train,108
replica1_3LL8_1,3LL8,11,6.4,99,Test,
replica2_3LL8_1,3LL8,11,6.4,99,Test,
replica3_3LL8_1,3LL8,11,6.4,99,Test,
replica4_3LL8_1,3LL8,11,6.4,99,Test,
replica5_3LL8_1,3LL8,11,6.4,99,Test,
replica1_3LL8_8,3LL8,11,6.4,99,Test,
replica2_3LL8_8,3LL8,11,6.4,99,Test,
replica3_3LL8_8,3LL8,11,6.4,99,Test,
replica4_3LL8_8,3LL8,11,6.4,99,Test,
replica5_3LL8_8,3LL8,11,6.4,99,Test,
replica1_3LL8_14,3LL8,11,6.4,99,Test,
replica2_3LL8_14,3LL8,11,6.4,99,Test,
replica3_3LL8_14,3LL8,11,6.4,99,Test,
replica4_3LL8_14,3LL8,11,6.4,99,Test,
replica5_3LL8_14,3LL8,11,6.4,99,Test,
replica1_3LL8_21,3LL8,11,6.4,99,Test,
replica2_3LL8_21,3LL8,11,6.4,99,Test,
replica3_3LL8_21,3LL8,11,6.4,99,Test,
replica4_3LL8_21,3LL8,11,6.4,99,Test,
replica5_3LL8_21,3LL8,11,6.4,99,Test,
replica1_3LL8_27,3LL8,11,6.4,99,Test,
replica2_3LL8_27,3LL8,11,6.4,99,Test,
replica3_3LL8_27,3LL8,11,6.4,99,Test,
replica4_3LL8_27,3LL8,11,6.4,99,Test,
replica5_3LL8_27,3LL8,11,6.4,99,Test,
replica1_3LL8_34,3LL8,11,6.4,99,Test,
replica2_3LL8_34,3LL8,11,6.4,99,Test,
replica3_3LL8_34,3LL8,11,6.4,99,Test,
replica4_3LL8_34,3LL8,11,6.4,99,Test,
replica5_3LL8_34,3LL8,11,6.4,99,Test,
replica1_3LL8_41,3LL8,11,6.4,99,Test,
replica2_3LL8_41,3LL8,11,6.4,99,Test,
replica3_3LL8_41,3LL8,11,6.4,99,Test,
replica4_3LL8_41,3LL8,11,6.4,99,Test,
replica5_3LL8_41,3LL8,11,6.4,99,Test,
replica1_3LL8_47,3LL8,11,6.4,99,Test,
replica2_3LL8_47,3LL8,11,6.4,99,Test,
replica3_3LL8_47,3LL8,11,6.4,99,Test,
replica4_3LL8_47,3LL8,11,6.4,99,Test,
replica5_3LL8_47,3LL8,11,6.4,99,Test,
replica1_3LL8_54,3LL8,11,6.4,99,Test,
replica2_3LL8_54,3LL8,11,6.4,99,Test,
replica3_3LL8_54,3LL8,11,6.4,99,Test,
replica4_3LL8_54,3LL8,11,6.4,99,Test,
replica5_3LL8_54,3LL8,11,6.4,99,Test,
replica1_3LL8_60,3LL8,11,6.4,99,Test,
replica2_3LL8_60,3LL8,11,6.4,99,Test,
replica3_3LL8_60,3LL8,11,6.4,99,Test,
replica4_3LL8_60,3LL8,11,6.4,99,Test,
replica5_3LL8_60,3LL8,11,6.4,99,Test,
replica1_3LL8_67,3LL8,11,6.4,99,Test,
replica2_3LL8_67,3LL8,11,6.4,99,Test,
replica3_3LL8_67,3LL8,11,6.4,99,Test,
replica4_3LL8_67,3LL8,11,6.4,99,Test,
replica5_3LL8_67,3LL8,11,6.4,99,Test,
replica1_3LL8_74,3LL8,11,6.4,99,Test,
replica2_3LL8_74,3LL8,11,6.4,99,Test,
replica3_3LL8_74,3LL8,11,6.4,99,Test,
replica4_3LL8_74,3LL8,11,6.4,99,Test,
replica5_3LL8_74,3LL8,11,6.4,99,Test,
replica1_3LL8_80,3LL8,11,6.4,99,Test,
replica2_3LL8_80,3LL8,11,6.4,99,Test,
replica3_3LL8_80,3LL8,11,6.4,99,Test,
replica4_3LL8_80,3LL8,11,6.4,99,Test,
replica5_3LL8_80,3LL8,11,6.4,99,Test,
replica1_3LL8_87,3LL8,11,6.4,99,Test,
replica2_3LL8_87,3LL8,11,6.4,99,Test,
replica3_3LL8_87,3LL8,11,6.4,99,Test,
replica4_3LL8_87,3LL8,11,6.4,99,Test,
replica5_3LL8_87,3LL8,11,6.4,99,Test,
replica1_3LL8_93,3LL8,11,6.4,99,Test,
replica2_3LL8_93,3LL8,11,6.4,99,Test,
replica3_3LL8_93,3LL8,11,6.4,99,Test,
replica4_3LL8_93,3LL8,11,6.4,99,Test,
replica5_3LL8_93,3LL8,11,6.4,99,Test,
replica1_3LL8_100,3LL8,11,6.4,99,Test,
replica2_3LL8_100,3LL8,11,6.4,99,Test,
replica3_3LL8_100,3LL8,11,6.4,99,Test,
replica4_3LL8_100,3LL8,11,6.4,99,Test,
replica5_3LL8_100,3LL8,11,6.4,99,Test,
replica1_3LNZ_1,3LNZ,12,9.31,89,Train,109
replica2_3LNZ_1,3LNZ,12,9.31,89,Train,109
replica3_3LNZ_1,3LNZ,12,9.31,89,Train,109
replica4_3LNZ_1,3LNZ,12,9.31,89,Train,109
replica5_3LNZ_1,3LNZ,12,9.31,89,Train,109
replica1_3LNZ_26,3LNZ,12,9.31,89,Train,109
replica2_3LNZ_26,3LNZ,12,9.31,89,Train,109
replica3_3LNZ_26,3LNZ,12,9.31,89,Train,109
replica4_3LNZ_26,3LNZ,12,9.31,89,Train,109
replica5_3LNZ_26,3LNZ,12,9.31,89,Train,109
replica1_3LNZ_51,3LNZ,12,9.31,89,Train,109
replica2_3LNZ_51,3LNZ,12,9.31,89,Train,109
replica3_3LNZ_51,3LNZ,12,9.31,89,Train,109
replica4_3LNZ_51,3LNZ,12,9.31,89,Train,109
replica5_3LNZ_51,3LNZ,12,9.31,89,Train,109
replica1_3LNZ_75,3LNZ,12,9.31,89,Train,109
replica2_3LNZ_75,3LNZ,12,9.31,89,Train,109
replica3_3LNZ_75,3LNZ,12,9.31,89,Train,109
replica4_3LNZ_75,3LNZ,12,9.31,89,Train,109
replica5_3LNZ_75,3LNZ,12,9.31,89,Train,109
replica1_3LNZ_100,3LNZ,12,9.31,89,Train,109
replica2_3LNZ_100,3LNZ,12,9.31,89,Train,109
replica3_3LNZ_100,3LNZ,12,9.31,89,Train,109
replica4_3LNZ_100,3LNZ,12,9.31,89,Train,109
replica5_3LNZ_100,3LNZ,12,9.31,89,Train,109
replica1_3LRH_1,3LRH,14,7.35,100,Train,110
replica2_3LRH_1,3LRH,14,7.35,100,Train,110
replica3_3LRH_1,3LRH,14,7.35,100,Train,110
replica4_3LRH_1,3LRH,14,7.35,100,Train,110
replica5_3LRH_1,3LRH,14,7.35,100,Train,110
replica1_3LRH_8,3LRH,14,7.35,100,Train,110
replica2_3LRH_8,3LRH,14,7.35,100,Train,110
replica3_3LRH_8,3LRH,14,7.35,100,Train,110
replica4_3LRH_8,3LRH,14,7.35,100,Train,110
replica5_3LRH_8,3LRH,14,7.35,100,Train,110
replica1_3LRH_14,3LRH,14,7.35,100,Train,110
replica2_3LRH_14,3LRH,14,7.35,100,Train,110
replica3_3LRH_14,3LRH,14,7.35,100,Train,110
replica4_3LRH_14,3LRH,14,7.35,100,Train,110
replica5_3LRH_14,3LRH,14,7.35,100,Train,110
replica1_3LRH_21,3LRH,14,7.35,100,Train,110
replica2_3LRH_21,3LRH,14,7.35,100,Train,110
replica3_3LRH_21,3LRH,14,7.35,100,Train,110
replica4_3LRH_21,3LRH,14,7.35,100,Train,110
replica5_3LRH_21,3LRH,14,7.35,100,Train,110
replica1_3LRH_27,3LRH,14,7.35,100,Train,110
replica2_3LRH_27,3LRH,14,7.35,100,Train,110
replica3_3LRH_27,3LRH,14,7.35,100,Train,110
replica4_3LRH_27,3LRH,14,7.35,100,Train,110
replica5_3LRH_27,3LRH,14,7.35,100,Train,110
replica1_3LRH_34,3LRH,14,7.35,100,Train,110
replica2_3LRH_34,3LRH,14,7.35,100,Train,110
replica3_3LRH_34,3LRH,14,7.35,100,Train,110
replica4_3LRH_34,3LRH,14,7.35,100,Train,110
replica5_3LRH_34,3LRH,14,7.35,100,Train,110
replica1_3LRH_41,3LRH,14,7.35,100,Train,110
replica2_3LRH_41,3LRH,14,7.35,100,Train,110
replica3_3LRH_41,3LRH,14,7.35,100,Train,110
replica4_3LRH_41,3LRH,14,7.35,100,Train,110
replica5_3LRH_41,3LRH,14,7.35,100,Train,110
replica1_3LRH_47,3LRH,14,7.35,100,Train,110
replica2_3LRH_47,3LRH,14,7.35,100,Train,110
replica3_3LRH_47,3LRH,14,7.35,100,Train,110
replica4_3LRH_47,3LRH,14,7.35,100,Train,110
replica5_3LRH_47,3LRH,14,7.35,100,Train,110
replica1_3LRH_54,3LRH,14,7.35,100,Train,110
replica2_3LRH_54,3LRH,14,7.35,100,Train,110
replica3_3LRH_54,3LRH,14,7.35,100,Train,110
replica4_3LRH_54,3LRH,14,7.35,100,Train,110
replica5_3LRH_54,3LRH,14,7.35,100,Train,110
replica1_3LRH_60,3LRH,14,7.35,100,Train,110
replica2_3LRH_60,3LRH,14,7.35,100,Train,110
replica3_3LRH_60,3LRH,14,7.35,100,Train,110
replica4_3LRH_60,3LRH,14,7.35,100,Train,110
replica5_3LRH_60,3LRH,14,7.35,100,Train,110
replica1_3LRH_67,3LRH,14,7.35,100,Train,110
replica2_3LRH_67,3LRH,14,7.35,100,Train,110
replica3_3LRH_67,3LRH,14,7.35,100,Train,110
replica4_3LRH_67,3LRH,14,7.35,100,Train,110
replica5_3LRH_67,3LRH,14,7.35,100,Train,110
replica1_3LRH_74,3LRH,14,7.35,100,Train,110
replica2_3LRH_74,3LRH,14,7.35,100,Train,110
replica3_3LRH_74,3LRH,14,7.35,100,Train,110
replica4_3LRH_74,3LRH,14,7.35,100,Train,110
replica5_3LRH_74,3LRH,14,7.35,100,Train,110
replica1_3LRH_80,3LRH,14,7.35,100,Train,110
replica2_3LRH_80,3LRH,14,7.35,100,Train,110
replica3_3LRH_80,3LRH,14,7.35,100,Train,110
replica4_3LRH_80,3LRH,14,7.35,100,Train,110
replica5_3LRH_80,3LRH,14,7.35,100,Train,110
replica1_3LRH_87,3LRH,14,7.35,100,Train,110
replica2_3LRH_87,3LRH,14,7.35,100,Train,110
replica3_3LRH_87,3LRH,14,7.35,100,Train,110
replica4_3LRH_87,3LRH,14,7.35,100,Train,110
replica5_3LRH_87,3LRH,14,7.35,100,Train,110
replica1_3LRH_93,3LRH,14,7.35,100,Train,110
replica2_3LRH_93,3LRH,14,7.35,100,Train,110
replica3_3LRH_93,3LRH,14,7.35,100,Train,110
replica4_3LRH_93,3LRH,14,7.35,100,Train,110
replica5_3LRH_93,3LRH,14,7.35,100,Train,110
replica1_3LRH_100,3LRH,14,7.35,100,Train,110
replica2_3LRH_100,3LRH,14,7.35,100,Train,110
replica3_3LRH_100,3LRH,14,7.35,100,Train,110
replica4_3LRH_100,3LRH,14,7.35,100,Train,110
replica5_3LRH_100,3LRH,14,7.35,100,Train,110
replica1_3NFK_1,3NFK,13,3.8,25,Train,111
replica2_3NFK_1,3NFK,13,3.8,25,Train,111
replica3_3NFK_1,3NFK,13,3.8,25,Train,111
replica4_3NFK_1,3NFK,13,3.8,25,Train,111
replica5_3NFK_1,3NFK,13,3.8,25,Train,111
replica1_3NFK_8,3NFK,13,3.8,25,Train,111
replica2_3NFK_8,3NFK,13,3.8,25,Train,111
replica3_3NFK_8,3NFK,13,3.8,25,Train,111
replica4_3NFK_8,3NFK,13,3.8,25,Train,111
replica5_3NFK_8,3NFK,13,3.8,25,Train,111
replica1_3NFK_14,3NFK,13,3.8,25,Train,111
replica2_3NFK_14,3NFK,13,3.8,25,Train,111
replica3_3NFK_14,3NFK,13,3.8,25,Train,111
replica4_3NFK_14,3NFK,13,3.8,25,Train,111
replica5_3NFK_14,3NFK,13,3.8,25,Train,111
replica1_3NFK_21,3NFK,13,3.8,25,Train,111
replica2_3NFK_21,3NFK,13,3.8,25,Train,111
replica3_3NFK_21,3NFK,13,3.8,25,Train,111
replica4_3NFK_21,3NFK,13,3.8,25,Train,111
replica5_3NFK_21,3NFK,13,3.8,25,Train,111
replica1_3NFK_27,3NFK,13,3.8,25,Train,111
replica2_3NFK_27,3NFK,13,3.8,25,Train,111
replica3_3NFK_27,3NFK,13,3.8,25,Train,111
replica4_3NFK_27,3NFK,13,3.8,25,Train,111
replica5_3NFK_27,3NFK,13,3.8,25,Train,111
replica1_3NFK_34,3NFK,13,3.8,25,Train,111
replica2_3NFK_34,3NFK,13,3.8,25,Train,111
replica3_3NFK_34,3NFK,13,3.8,25,Train,111
replica4_3NFK_34,3NFK,13,3.8,25,Train,111
replica5_3NFK_34,3NFK,13,3.8,25,Train,111
replica1_3NFK_41,3NFK,13,3.8,25,Train,111
replica2_3NFK_41,3NFK,13,3.8,25,Train,111
replica3_3NFK_41,3NFK,13,3.8,25,Train,111
replica4_3NFK_41,3NFK,13,3.8,25,Train,111
replica5_3NFK_41,3NFK,13,3.8,25,Train,111
replica1_3NFK_47,3NFK,13,3.8,25,Train,111
replica2_3NFK_47,3NFK,13,3.8,25,Train,111
replica3_3NFK_47,3NFK,13,3.8,25,Train,111
replica4_3NFK_47,3NFK,13,3.8,25,Train,111
replica5_3NFK_47,3NFK,13,3.8,25,Train,111
replica1_3NFK_54,3NFK,13,3.8,25,Train,111
replica2_3NFK_54,3NFK,13,3.8,25,Train,111
replica3_3NFK_54,3NFK,13,3.8,25,Train,111
replica4_3NFK_54,3NFK,13,3.8,25,Train,111
replica5_3NFK_54,3NFK,13,3.8,25,Train,111
replica1_3NFK_60,3NFK,13,3.8,25,Train,111
replica2_3NFK_60,3NFK,13,3.8,25,Train,111
replica3_3NFK_60,3NFK,13,3.8,25,Train,111
replica4_3NFK_60,3NFK,13,3.8,25,Train,111
replica5_3NFK_60,3NFK,13,3.8,25,Train,111
replica1_3NFK_67,3NFK,13,3.8,25,Train,111
replica2_3NFK_67,3NFK,13,3.8,25,Train,111
replica3_3NFK_67,3NFK,13,3.8,25,Train,111
replica4_3NFK_67,3NFK,13,3.8,25,Train,111
replica5_3NFK_67,3NFK,13,3.8,25,Train,111
replica1_3NFK_74,3NFK,13,3.8,25,Train,111
replica2_3NFK_74,3NFK,13,3.8,25,Train,111
replica3_3NFK_74,3NFK,13,3.8,25,Train,111
replica4_3NFK_74,3NFK,13,3.8,25,Train,111
replica5_3NFK_74,3NFK,13,3.8,25,Train,111
replica1_3NFK_80,3NFK,13,3.8,25,Train,111
replica2_3NFK_80,3NFK,13,3.8,25,Train,111
replica3_3NFK_80,3NFK,13,3.8,25,Train,111
replica4_3NFK_80,3NFK,13,3.8,25,Train,111
replica5_3NFK_80,3NFK,13,3.8,25,Train,111
replica1_3NFK_87,3NFK,13,3.8,25,Train,111
replica2_3NFK_87,3NFK,13,3.8,25,Train,111
replica3_3NFK_87,3NFK,13,3.8,25,Train,111
replica4_3NFK_87,3NFK,13,3.8,25,Train,111
replica5_3NFK_87,3NFK,13,3.8,25,Train,111
replica1_3NFK_93,3NFK,13,3.8,25,Train,111
replica2_3NFK_93,3NFK,13,3.8,25,Train,111
replica3_3NFK_93,3NFK,13,3.8,25,Train,111
replica4_3NFK_93,3NFK,13,3.8,25,Train,111
replica5_3NFK_93,3NFK,13,3.8,25,Train,111
replica1_3NFK_100,3NFK,13,3.8,25,Train,111
replica2_3NFK_100,3NFK,13,3.8,25,Train,111
replica3_3NFK_100,3NFK,13,3.8,25,Train,111
replica4_3NFK_100,3NFK,13,3.8,25,Train,111
replica5_3NFK_100,3NFK,13,3.8,25,Train,111
replica1_3NII_1,3NII,4,4.23,101,Train,112
replica2_3NII_1,3NII,4,4.23,101,Train,112
replica3_3NII_1,3NII,4,4.23,101,Train,112
replica4_3NII_1,3NII,4,4.23,101,Train,112
replica5_3NII_1,3NII,4,4.23,101,Train,112
replica1_3NII_26,3NII,4,4.23,101,Train,112
replica2_3NII_26,3NII,4,4.23,101,Train,112
replica3_3NII_26,3NII,4,4.23,101,Train,112
replica4_3NII_26,3NII,4,4.23,101,Train,112
replica5_3NII_26,3NII,4,4.23,101,Train,112
replica1_3NII_51,3NII,4,4.23,101,Train,112
replica2_3NII_51,3NII,4,4.23,101,Train,112
replica3_3NII_51,3NII,4,4.23,101,Train,112
replica4_3NII_51,3NII,4,4.23,101,Train,112
replica5_3NII_51,3NII,4,4.23,101,Train,112
replica1_3NII_75,3NII,4,4.23,101,Train,112
replica2_3NII_75,3NII,4,4.23,101,Train,112
replica3_3NII_75,3NII,4,4.23,101,Train,112
replica4_3NII_75,3NII,4,4.23,101,Train,112
replica5_3NII_75,3NII,4,4.23,101,Train,112
replica1_3NII_100,3NII,4,4.23,101,Train,112
replica2_3NII_100,3NII,4,4.23,101,Train,112
replica3_3NII_100,3NII,4,4.23,101,Train,112
replica4_3NII_100,3NII,4,4.23,101,Train,112
replica5_3NII_100,3NII,4,4.23,101,Train,112
replica1_3NIJ_1,3NIJ,4,4.89,101,Train,113
replica2_3NIJ_1,3NIJ,4,4.89,101,Train,113
replica3_3NIJ_1,3NIJ,4,4.89,101,Train,113
replica4_3NIJ_1,3NIJ,4,4.89,101,Train,113
replica5_3NIJ_1,3NIJ,4,4.89,101,Train,113
replica1_3NIJ_26,3NIJ,4,4.89,101,Train,113
replica2_3NIJ_26,3NIJ,4,4.89,101,Train,113
replica3_3NIJ_26,3NIJ,4,4.89,101,Train,113
replica4_3NIJ_26,3NIJ,4,4.89,101,Train,113
replica5_3NIJ_26,3NIJ,4,4.89,101,Train,113
replica1_3NIJ_51,3NIJ,4,4.89,101,Train,113
replica2_3NIJ_51,3NIJ,4,4.89,101,Train,113
replica3_3NIJ_51,3NIJ,4,4.89,101,Train,113
replica4_3NIJ_51,3NIJ,4,4.89,101,Train,113
replica5_3NIJ_51,3NIJ,4,4.89,101,Train,113
replica1_3NIJ_75,3NIJ,4,4.89,101,Train,113
replica2_3NIJ_75,3NIJ,4,4.89,101,Train,113
replica3_3NIJ_75,3NIJ,4,4.89,101,Train,113
replica4_3NIJ_75,3NIJ,4,4.89,101,Train,113
replica5_3NIJ_75,3NIJ,4,4.89,101,Train,113
replica1_3NIJ_100,3NIJ,4,4.89,101,Train,113
replica2_3NIJ_100,3NIJ,4,4.89,101,Train,113
replica3_3NIJ_100,3NIJ,4,4.89,101,Train,113
replica4_3NIJ_100,3NIJ,4,4.89,101,Train,113
replica5_3NIJ_100,3NIJ,4,4.89,101,Train,113
replica1_3NIN_1,3NIN,5,4.91,101,Train,114
replica2_3NIN_1,3NIN,5,4.91,101,Train,114
replica3_3NIN_1,3NIN,5,4.91,101,Train,114
replica4_3NIN_1,3NIN,5,4.91,101,Train,114
replica5_3NIN_1,3NIN,5,4.91,101,Train,114
replica1_3NIN_26,3NIN,5,4.91,101,Train,114
replica2_3NIN_26,3NIN,5,4.91,101,Train,114
replica3_3NIN_26,3NIN,5,4.91,101,Train,114
replica4_3NIN_26,3NIN,5,4.91,101,Train,114
replica5_3NIN_26,3NIN,5,4.91,101,Train,114
replica1_3NIN_51,3NIN,5,4.91,101,Train,114
replica2_3NIN_51,3NIN,5,4.91,101,Train,114
replica3_3NIN_51,3NIN,5,4.91,101,Train,114
replica4_3NIN_51,3NIN,5,4.91,101,Train,114
replica5_3NIN_51,3NIN,5,4.91,101,Train,114
replica1_3NIN_75,3NIN,5,4.91,101,Train,114
replica2_3NIN_75,3NIN,5,4.91,101,Train,114
replica3_3NIN_75,3NIN,5,4.91,101,Train,114
replica4_3NIN_75,3NIN,5,4.91,101,Train,114
replica5_3NIN_75,3NIN,5,4.91,101,Train,114
replica1_3NIN_100,3NIN,5,4.91,101,Train,114
replica2_3NIN_100,3NIN,5,4.91,101,Train,114
replica3_3NIN_100,3NIN,5,4.91,101,Train,114
replica4_3NIN_100,3NIN,5,4.91,101,Train,114
replica5_3NIN_100,3NIN,5,4.91,101,Train,114
replica1_3NY3_1,3NY3,4,4.71,101,Train,115
replica2_3NY3_1,3NY3,4,4.71,101,Train,115
replica3_3NY3_1,3NY3,4,4.71,101,Train,115
replica4_3NY3_1,3NY3,4,4.71,101,Train,115
replica5_3NY3_1,3NY3,4,4.71,101,Train,115
replica1_3NY3_8,3NY3,4,4.71,101,Train,115
replica2_3NY3_8,3NY3,4,4.71,101,Train,115
replica3_3NY3_8,3NY3,4,4.71,101,Train,115
replica4_3NY3_8,3NY3,4,4.71,101,Train,115
replica5_3NY3_8,3NY3,4,4.71,101,Train,115
replica1_3NY3_14,3NY3,4,4.71,101,Train,115
replica2_3NY3_14,3NY3,4,4.71,101,Train,115
replica3_3NY3_14,3NY3,4,4.71,101,Train,115
replica4_3NY3_14,3NY3,4,4.71,101,Train,115
replica5_3NY3_14,3NY3,4,4.71,101,Train,115
replica1_3NY3_21,3NY3,4,4.71,101,Train,115
replica2_3NY3_21,3NY3,4,4.71,101,Train,115
replica3_3NY3_21,3NY3,4,4.71,101,Train,115
replica4_3NY3_21,3NY3,4,4.71,101,Train,115
replica5_3NY3_21,3NY3,4,4.71,101,Train,115
replica1_3NY3_27,3NY3,4,4.71,101,Train,115
replica2_3NY3_27,3NY3,4,4.71,101,Train,115
replica3_3NY3_27,3NY3,4,4.71,101,Train,115
replica4_3NY3_27,3NY3,4,4.71,101,Train,115
replica5_3NY3_27,3NY3,4,4.71,101,Train,115
replica1_3NY3_34,3NY3,4,4.71,101,Train,115
replica2_3NY3_34,3NY3,4,4.71,101,Train,115
replica3_3NY3_34,3NY3,4,4.71,101,Train,115
replica4_3NY3_34,3NY3,4,4.71,101,Train,115
replica5_3NY3_34,3NY3,4,4.71,101,Train,115
replica1_3NY3_41,3NY3,4,4.71,101,Train,115
replica2_3NY3_41,3NY3,4,4.71,101,Train,115
replica3_3NY3_41,3NY3,4,4.71,101,Train,115
replica4_3NY3_41,3NY3,4,4.71,101,Train,115
replica5_3NY3_41,3NY3,4,4.71,101,Train,115
replica1_3NY3_47,3NY3,4,4.71,101,Train,115
replica2_3NY3_47,3NY3,4,4.71,101,Train,115
replica3_3NY3_47,3NY3,4,4.71,101,Train,115
replica4_3NY3_47,3NY3,4,4.71,101,Train,115
replica5_3NY3_47,3NY3,4,4.71,101,Train,115
replica1_3NY3_54,3NY3,4,4.71,101,Train,115
replica2_3NY3_54,3NY3,4,4.71,101,Train,115
replica3_3NY3_54,3NY3,4,4.71,101,Train,115
replica4_3NY3_54,3NY3,4,4.71,101,Train,115
replica5_3NY3_54,3NY3,4,4.71,101,Train,115
replica1_3NY3_60,3NY3,4,4.71,101,Train,115
replica2_3NY3_60,3NY3,4,4.71,101,Train,115
replica3_3NY3_60,3NY3,4,4.71,101,Train,115
replica4_3NY3_60,3NY3,4,4.71,101,Train,115
replica5_3NY3_60,3NY3,4,4.71,101,Train,115
replica1_3NY3_67,3NY3,4,4.71,101,Train,115
replica2_3NY3_67,3NY3,4,4.71,101,Train,115
replica3_3NY3_67,3NY3,4,4.71,101,Train,115
replica4_3NY3_67,3NY3,4,4.71,101,Train,115
replica5_3NY3_67,3NY3,4,4.71,101,Train,115
replica1_3NY3_74,3NY3,4,4.71,101,Train,115
replica2_3NY3_74,3NY3,4,4.71,101,Train,115
replica3_3NY3_74,3NY3,4,4.71,101,Train,115
replica4_3NY3_74,3NY3,4,4.71,101,Train,115
replica5_3NY3_74,3NY3,4,4.71,101,Train,115
replica1_3NY3_80,3NY3,4,4.71,101,Train,115
replica2_3NY3_80,3NY3,4,4.71,101,Train,115
replica3_3NY3_80,3NY3,4,4.71,101,Train,115
replica4_3NY3_80,3NY3,4,4.71,101,Train,115
replica5_3NY3_80,3NY3,4,4.71,101,Train,115
replica1_3NY3_87,3NY3,4,4.71,101,Train,115
replica2_3NY3_87,3NY3,4,4.71,101,Train,115
replica3_3NY3_87,3NY3,4,4.71,101,Train,115
replica4_3NY3_87,3NY3,4,4.71,101,Train,115
replica5_3NY3_87,3NY3,4,4.71,101,Train,115
replica1_3NY3_93,3NY3,4,4.71,101,Train,115
replica2_3NY3_93,3NY3,4,4.71,101,Train,115
replica3_3NY3_93,3NY3,4,4.71,101,Train,115
replica4_3NY3_93,3NY3,4,4.71,101,Train,115
replica5_3NY3_93,3NY3,4,4.71,101,Train,115
replica1_3NY3_100,3NY3,4,4.71,101,Train,115
replica2_3NY3_100,3NY3,4,4.71,101,Train,115
replica3_3NY3_100,3NY3,4,4.71,101,Train,115
replica4_3NY3_100,3NY3,4,4.71,101,Train,115
replica5_3NY3_100,3NY3,4,4.71,101,Train,115
replica1_3O4L_1,3O4L,9,5.09,12,Train,116
replica2_3O4L_1,3O4L,9,5.09,12,Train,116
replica3_3O4L_1,3O4L,9,5.09,12,Train,116
replica4_3O4L_1,3O4L,9,5.09,12,Train,116
replica5_3O4L_1,3O4L,9,5.09,12,Train,116
replica1_3O4L_8,3O4L,9,5.09,12,Train,116
replica2_3O4L_8,3O4L,9,5.09,12,Train,116
replica3_3O4L_8,3O4L,9,5.09,12,Train,116
replica4_3O4L_8,3O4L,9,5.09,12,Train,116
replica5_3O4L_8,3O4L,9,5.09,12,Train,116
replica1_3O4L_14,3O4L,9,5.09,12,Train,116
replica2_3O4L_14,3O4L,9,5.09,12,Train,116
replica3_3O4L_14,3O4L,9,5.09,12,Train,116
replica4_3O4L_14,3O4L,9,5.09,12,Train,116
replica5_3O4L_14,3O4L,9,5.09,12,Train,116
replica1_3O4L_21,3O4L,9,5.09,12,Train,116
replica2_3O4L_21,3O4L,9,5.09,12,Train,116
replica3_3O4L_21,3O4L,9,5.09,12,Train,116
replica4_3O4L_21,3O4L,9,5.09,12,Train,116
replica5_3O4L_21,3O4L,9,5.09,12,Train,116
replica1_3O4L_27,3O4L,9,5.09,12,Train,116
replica2_3O4L_27,3O4L,9,5.09,12,Train,116
replica3_3O4L_27,3O4L,9,5.09,12,Train,116
replica4_3O4L_27,3O4L,9,5.09,12,Train,116
replica5_3O4L_27,3O4L,9,5.09,12,Train,116
replica1_3O4L_34,3O4L,9,5.09,12,Train,116
replica2_3O4L_34,3O4L,9,5.09,12,Train,116
replica3_3O4L_34,3O4L,9,5.09,12,Train,116
replica4_3O4L_34,3O4L,9,5.09,12,Train,116
replica5_3O4L_34,3O4L,9,5.09,12,Train,116
replica1_3O4L_41,3O4L,9,5.09,12,Train,116
replica2_3O4L_41,3O4L,9,5.09,12,Train,116
replica3_3O4L_41,3O4L,9,5.09,12,Train,116
replica4_3O4L_41,3O4L,9,5.09,12,Train,116
replica5_3O4L_41,3O4L,9,5.09,12,Train,116
replica1_3O4L_47,3O4L,9,5.09,12,Train,116
replica2_3O4L_47,3O4L,9,5.09,12,Train,116
replica3_3O4L_47,3O4L,9,5.09,12,Train,116
replica4_3O4L_47,3O4L,9,5.09,12,Train,116
replica5_3O4L_47,3O4L,9,5.09,12,Train,116
replica1_3O4L_54,3O4L,9,5.09,12,Train,116
replica2_3O4L_54,3O4L,9,5.09,12,Train,116
replica3_3O4L_54,3O4L,9,5.09,12,Train,116
replica4_3O4L_54,3O4L,9,5.09,12,Train,116
replica5_3O4L_54,3O4L,9,5.09,12,Train,116
replica1_3O4L_60,3O4L,9,5.09,12,Train,116
replica2_3O4L_60,3O4L,9,5.09,12,Train,116
replica3_3O4L_60,3O4L,9,5.09,12,Train,116
replica4_3O4L_60,3O4L,9,5.09,12,Train,116
replica5_3O4L_60,3O4L,9,5.09,12,Train,116
replica1_3O4L_67,3O4L,9,5.09,12,Train,116
replica2_3O4L_67,3O4L,9,5.09,12,Train,116
replica3_3O4L_67,3O4L,9,5.09,12,Train,116
replica4_3O4L_67,3O4L,9,5.09,12,Train,116
replica5_3O4L_67,3O4L,9,5.09,12,Train,116
replica1_3O4L_74,3O4L,9,5.09,12,Train,116
replica2_3O4L_74,3O4L,9,5.09,12,Train,116
replica3_3O4L_74,3O4L,9,5.09,12,Train,116
replica4_3O4L_74,3O4L,9,5.09,12,Train,116
replica5_3O4L_74,3O4L,9,5.09,12,Train,116
replica1_3O4L_80,3O4L,9,5.09,12,Train,116
replica2_3O4L_80,3O4L,9,5.09,12,Train,116
replica3_3O4L_80,3O4L,9,5.09,12,Train,116
replica4_3O4L_80,3O4L,9,5.09,12,Train,116
replica5_3O4L_80,3O4L,9,5.09,12,Train,116
replica1_3O4L_87,3O4L,9,5.09,12,Train,116
replica2_3O4L_87,3O4L,9,5.09,12,Train,116
replica3_3O4L_87,3O4L,9,5.09,12,Train,116
replica4_3O4L_87,3O4L,9,5.09,12,Train,116
replica5_3O4L_87,3O4L,9,5.09,12,Train,116
replica1_3O4L_93,3O4L,9,5.09,12,Train,116
replica2_3O4L_93,3O4L,9,5.09,12,Train,116
replica3_3O4L_93,3O4L,9,5.09,12,Train,116
replica4_3O4L_93,3O4L,9,5.09,12,Train,116
replica5_3O4L_93,3O4L,9,5.09,12,Train,116
replica1_3O4L_100,3O4L,9,5.09,12,Train,116
replica2_3O4L_100,3O4L,9,5.09,12,Train,116
replica3_3O4L_100,3O4L,9,5.09,12,Train,116
replica4_3O4L_100,3O4L,9,5.09,12,Train,116
replica5_3O4L_100,3O4L,9,5.09,12,Train,116
replica1_3O6L_1,3O6L,15,7.51,10,Test,
replica2_3O6L_1,3O6L,15,7.51,10,Test,
replica3_3O6L_1,3O6L,15,7.51,10,Test,
replica4_3O6L_1,3O6L,15,7.51,10,Test,
replica5_3O6L_1,3O6L,15,7.51,10,Test,
replica1_3O6L_26,3O6L,15,7.51,10,Test,
replica2_3O6L_26,3O6L,15,7.51,10,Test,
replica3_3O6L_26,3O6L,15,7.51,10,Test,
replica4_3O6L_26,3O6L,15,7.51,10,Test,
replica5_3O6L_26,3O6L,15,7.51,10,Test,
replica1_3O6L_51,3O6L,15,7.51,10,Test,
replica2_3O6L_51,3O6L,15,7.51,10,Test,
replica3_3O6L_51,3O6L,15,7.51,10,Test,
replica4_3O6L_51,3O6L,15,7.51,10,Test,
replica5_3O6L_51,3O6L,15,7.51,10,Test,
replica1_3O6L_75,3O6L,15,7.51,10,Test,
replica2_3O6L_75,3O6L,15,7.51,10,Test,
replica3_3O6L_75,3O6L,15,7.51,10,Test,
replica4_3O6L_75,3O6L,15,7.51,10,Test,
replica5_3O6L_75,3O6L,15,7.51,10,Test,
replica1_3O6L_100,3O6L,15,7.51,10,Test,
replica2_3O6L_100,3O6L,15,7.51,10,Test,
replica3_3O6L_100,3O6L,15,7.51,10,Test,
replica4_3O6L_100,3O6L,15,7.51,10,Test,
replica5_3O6L_100,3O6L,15,7.51,10,Test,
replica1_3O6M_1,3O6M,9,7.48,10,Test,
replica2_3O6M_1,3O6M,9,7.48,10,Test,
replica3_3O6M_1,3O6M,9,7.48,10,Test,
replica4_3O6M_1,3O6M,9,7.48,10,Test,
replica5_3O6M_1,3O6M,9,7.48,10,Test,
replica1_3O6M_26,3O6M,9,7.48,10,Test,
replica2_3O6M_26,3O6M,9,7.48,10,Test,
replica3_3O6M_26,3O6M,9,7.48,10,Test,
replica4_3O6M_26,3O6M,9,7.48,10,Test,
replica5_3O6M_26,3O6M,9,7.48,10,Test,
replica1_3O6M_51,3O6M,9,7.48,10,Test,
replica2_3O6M_51,3O6M,9,7.48,10,Test,
replica3_3O6M_51,3O6M,9,7.48,10,Test,
replica4_3O6M_51,3O6M,9,7.48,10,Test,
replica5_3O6M_51,3O6M,9,7.48,10,Test,
replica1_3O6M_75,3O6M,9,7.48,10,Test,
replica2_3O6M_75,3O6M,9,7.48,10,Test,
replica3_3O6M_75,3O6M,9,7.48,10,Test,
replica4_3O6M_75,3O6M,9,7.48,10,Test,
replica5_3O6M_75,3O6M,9,7.48,10,Test,
replica1_3O6M_100,3O6M,9,7.48,10,Test,
replica2_3O6M_100,3O6M,9,7.48,10,Test,
replica3_3O6M_100,3O6M,9,7.48,10,Test,
replica4_3O6M_100,3O6M,9,7.48,10,Test,
replica5_3O6M_100,3O6M,9,7.48,10,Test,
replica1_3OAP_1,3OAP,11,6.26,14,Train,117
replica2_3OAP_1,3OAP,11,6.26,14,Train,117
replica3_3OAP_1,3OAP,11,6.26,14,Train,117
replica4_3OAP_1,3OAP,11,6.26,14,Train,117
replica5_3OAP_1,3OAP,11,6.26,14,Train,117
replica1_3OAP_15,3OAP,11,6.26,14,Train,117
replica2_3OAP_15,3OAP,11,6.26,14,Train,117
replica3_3OAP_15,3OAP,11,6.26,14,Train,117
replica4_3OAP_15,3OAP,11,6.26,14,Train,117
replica5_3OAP_15,3OAP,11,6.26,14,Train,117
replica1_3OAP_29,3OAP,11,6.26,14,Train,117
replica2_3OAP_29,3OAP,11,6.26,14,Train,117
replica3_3OAP_29,3OAP,11,6.26,14,Train,117
replica4_3OAP_29,3OAP,11,6.26,14,Train,117
replica5_3OAP_29,3OAP,11,6.26,14,Train,117
replica1_3OAP_43,3OAP,11,6.26,14,Train,117
replica2_3OAP_43,3OAP,11,6.26,14,Train,117
replica3_3OAP_43,3OAP,11,6.26,14,Train,117
replica4_3OAP_43,3OAP,11,6.26,14,Train,117
replica5_3OAP_43,3OAP,11,6.26,14,Train,117
replica1_3OAP_58,3OAP,11,6.26,14,Train,117
replica2_3OAP_58,3OAP,11,6.26,14,Train,117
replica3_3OAP_58,3OAP,11,6.26,14,Train,117
replica4_3OAP_58,3OAP,11,6.26,14,Train,117
replica5_3OAP_58,3OAP,11,6.26,14,Train,117
replica1_3OAP_72,3OAP,11,6.26,14,Train,117
replica2_3OAP_72,3OAP,11,6.26,14,Train,117
replica3_3OAP_72,3OAP,11,6.26,14,Train,117
replica4_3OAP_72,3OAP,11,6.26,14,Train,117
replica5_3OAP_72,3OAP,11,6.26,14,Train,117
replica1_3OAP_86,3OAP,11,6.26,14,Train,117
replica2_3OAP_86,3OAP,11,6.26,14,Train,117
replica3_3OAP_86,3OAP,11,6.26,14,Train,117
replica4_3OAP_86,3OAP,11,6.26,14,Train,117
replica5_3OAP_86,3OAP,11,6.26,14,Train,117
replica1_3OAP_100,3OAP,11,6.26,14,Train,117
replica2_3OAP_100,3OAP,11,6.26,14,Train,117
replica3_3OAP_100,3OAP,11,6.26,14,Train,117
replica4_3OAP_100,3OAP,11,6.26,14,Train,117
replica5_3OAP_100,3OAP,11,6.26,14,Train,117
replica1_3OBQ_1,3OBQ,9,3.54,102,Train,118
replica2_3OBQ_1,3OBQ,9,3.54,102,Train,118
replica3_3OBQ_1,3OBQ,9,3.54,102,Train,118
replica4_3OBQ_1,3OBQ,9,3.54,102,Train,118
replica5_3OBQ_1,3OBQ,9,3.54,102,Train,118
replica1_3OBQ_26,3OBQ,9,3.54,102,Train,118
replica2_3OBQ_26,3OBQ,9,3.54,102,Train,118
replica3_3OBQ_26,3OBQ,9,3.54,102,Train,118
replica4_3OBQ_26,3OBQ,9,3.54,102,Train,118
replica5_3OBQ_26,3OBQ,9,3.54,102,Train,118
replica1_3OBQ_51,3OBQ,9,3.54,102,Train,118
replica2_3OBQ_51,3OBQ,9,3.54,102,Train,118
replica3_3OBQ_51,3OBQ,9,3.54,102,Train,118
replica4_3OBQ_51,3OBQ,9,3.54,102,Train,118
replica5_3OBQ_51,3OBQ,9,3.54,102,Train,118
replica1_3OBQ_75,3OBQ,9,3.54,102,Train,118
replica2_3OBQ_75,3OBQ,9,3.54,102,Train,118
replica3_3OBQ_75,3OBQ,9,3.54,102,Train,118
replica4_3OBQ_75,3OBQ,9,3.54,102,Train,118
replica5_3OBQ_75,3OBQ,9,3.54,102,Train,118
replica1_3OBQ_100,3OBQ,9,3.54,102,Train,118
replica2_3OBQ_100,3OBQ,9,3.54,102,Train,118
replica3_3OBQ_100,3OBQ,9,3.54,102,Train,118
replica4_3OBQ_100,3OBQ,9,3.54,102,Train,118
replica5_3OBQ_100,3OBQ,9,3.54,102,Train,118
replica1_3OBU_1,3OBU,9,4.3,102,Train,119
replica2_3OBU_1,3OBU,9,4.3,102,Train,119
replica3_3OBU_1,3OBU,9,4.3,102,Train,119
replica4_3OBU_1,3OBU,9,4.3,102,Train,119
replica5_3OBU_1,3OBU,9,4.3,102,Train,119
replica1_3OBU_26,3OBU,9,4.3,102,Train,119
replica2_3OBU_26,3OBU,9,4.3,102,Train,119
replica3_3OBU_26,3OBU,9,4.3,102,Train,119
replica4_3OBU_26,3OBU,9,4.3,102,Train,119
replica5_3OBU_26,3OBU,9,4.3,102,Train,119
replica1_3OBU_51,3OBU,9,4.3,102,Train,119
replica2_3OBU_51,3OBU,9,4.3,102,Train,119
replica3_3OBU_51,3OBU,9,4.3,102,Train,119
replica4_3OBU_51,3OBU,9,4.3,102,Train,119
replica5_3OBU_51,3OBU,9,4.3,102,Train,119
replica1_3OBU_75,3OBU,9,4.3,102,Train,119
replica2_3OBU_75,3OBU,9,4.3,102,Train,119
replica3_3OBU_75,3OBU,9,4.3,102,Train,119
replica4_3OBU_75,3OBU,9,4.3,102,Train,119
replica5_3OBU_75,3OBU,9,4.3,102,Train,119
replica1_3OBU_100,3OBU,9,4.3,102,Train,119
replica2_3OBU_100,3OBU,9,4.3,102,Train,119
replica3_3OBU_100,3OBU,9,4.3,102,Train,119
replica4_3OBU_100,3OBU,9,4.3,102,Train,119
replica5_3OBU_100,3OBU,9,4.3,102,Train,119
replica1_3OBX_1,3OBX,9,3.89,102,Train,119
replica2_3OBX_1,3OBX,9,3.89,102,Train,119
replica3_3OBX_1,3OBX,9,3.89,102,Train,119
replica4_3OBX_1,3OBX,9,3.89,102,Train,119
replica5_3OBX_1,3OBX,9,3.89,102,Train,119
replica1_3OBX_26,3OBX,9,3.89,102,Train,119
replica2_3OBX_26,3OBX,9,3.89,102,Train,119
replica3_3OBX_26,3OBX,9,3.89,102,Train,119
replica4_3OBX_26,3OBX,9,3.89,102,Train,119
replica5_3OBX_26,3OBX,9,3.89,102,Train,119
replica1_3OBX_51,3OBX,9,3.89,102,Train,119
replica2_3OBX_51,3OBX,9,3.89,102,Train,119
replica3_3OBX_51,3OBX,9,3.89,102,Train,119
replica4_3OBX_51,3OBX,9,3.89,102,Train,119
replica5_3OBX_51,3OBX,9,3.89,102,Train,119
replica1_3OBX_75,3OBX,9,3.89,102,Train,119
replica2_3OBX_75,3OBX,9,3.89,102,Train,119
replica3_3OBX_75,3OBX,9,3.89,102,Train,119
replica4_3OBX_75,3OBX,9,3.89,102,Train,119
replica5_3OBX_75,3OBX,9,3.89,102,Train,119
replica1_3OBX_100,3OBX,9,3.89,102,Train,119
replica2_3OBX_100,3OBX,9,3.89,102,Train,119
replica3_3OBX_100,3OBX,9,3.89,102,Train,119
replica4_3OBX_100,3OBX,9,3.89,102,Train,119
replica5_3OBX_100,3OBX,9,3.89,102,Train,119
replica1_3P4F_1,3P4F,11,5.66,103,Train,120
replica2_3P4F_1,3P4F,11,5.66,103,Train,120
replica3_3P4F_1,3P4F,11,5.66,103,Train,120
replica4_3P4F_1,3P4F,11,5.66,103,Train,120
replica5_3P4F_1,3P4F,11,5.66,103,Train,120
replica1_3P9L_1,3P9L,8,5.3,12,Train,121
replica2_3P9L_1,3P9L,8,5.3,12,Train,121
replica3_3P9L_1,3P9L,8,5.3,12,Train,121
replica4_3P9L_1,3P9L,8,5.3,12,Train,121
replica5_3P9L_1,3P9L,8,5.3,12,Train,121
replica1_3P9M_1,3P9M,8,5,12,Train,121
replica2_3P9M_1,3P9M,8,5,12,Train,121
replica3_3P9M_1,3P9M,8,5,12,Train,121
replica4_3P9M_1,3P9M,8,5,12,Train,121
replica5_3P9M_1,3P9M,8,5,12,Train,121
replica1_3PAB_1,3PAB,8,4.7,12,Train,121
replica2_3PAB_1,3PAB,8,4.7,12,Train,121
replica3_3PAB_1,3PAB,8,4.7,12,Train,121
replica4_3PAB_1,3PAB,8,4.7,12,Train,121
replica5_3PAB_1,3PAB,8,4.7,12,Train,121
replica1_3PKN_1,3PKN,14,4.66,104,Train,122
replica2_3PKN_1,3PKN,14,4.66,104,Train,122
replica3_3PKN_1,3PKN,14,4.66,104,Train,122
replica4_3PKN_1,3PKN,14,4.66,104,Train,122
replica5_3PKN_1,3PKN,14,4.66,104,Train,122
replica1_3PKN_8,3PKN,14,4.66,104,Train,122
replica2_3PKN_8,3PKN,14,4.66,104,Train,122
replica3_3PKN_8,3PKN,14,4.66,104,Train,122
replica4_3PKN_8,3PKN,14,4.66,104,Train,122
replica5_3PKN_8,3PKN,14,4.66,104,Train,122
replica1_3PKN_14,3PKN,14,4.66,104,Train,122
replica2_3PKN_14,3PKN,14,4.66,104,Train,122
replica3_3PKN_14,3PKN,14,4.66,104,Train,122
replica4_3PKN_14,3PKN,14,4.66,104,Train,122
replica5_3PKN_14,3PKN,14,4.66,104,Train,122
replica1_3PKN_21,3PKN,14,4.66,104,Train,122
replica2_3PKN_21,3PKN,14,4.66,104,Train,122
replica3_3PKN_21,3PKN,14,4.66,104,Train,122
replica4_3PKN_21,3PKN,14,4.66,104,Train,122
replica5_3PKN_21,3PKN,14,4.66,104,Train,122
replica1_3PKN_27,3PKN,14,4.66,104,Train,122
replica2_3PKN_27,3PKN,14,4.66,104,Train,122
replica3_3PKN_27,3PKN,14,4.66,104,Train,122
replica4_3PKN_27,3PKN,14,4.66,104,Train,122
replica5_3PKN_27,3PKN,14,4.66,104,Train,122
replica1_3PKN_34,3PKN,14,4.66,104,Train,122
replica2_3PKN_34,3PKN,14,4.66,104,Train,122
replica3_3PKN_34,3PKN,14,4.66,104,Train,122
replica4_3PKN_34,3PKN,14,4.66,104,Train,122
replica5_3PKN_34,3PKN,14,4.66,104,Train,122
replica1_3PKN_41,3PKN,14,4.66,104,Train,122
replica2_3PKN_41,3PKN,14,4.66,104,Train,122
replica3_3PKN_41,3PKN,14,4.66,104,Train,122
replica4_3PKN_41,3PKN,14,4.66,104,Train,122
replica5_3PKN_41,3PKN,14,4.66,104,Train,122
replica1_3PKN_47,3PKN,14,4.66,104,Train,122
replica2_3PKN_47,3PKN,14,4.66,104,Train,122
replica3_3PKN_47,3PKN,14,4.66,104,Train,122
replica4_3PKN_47,3PKN,14,4.66,104,Train,122
replica5_3PKN_47,3PKN,14,4.66,104,Train,122
replica1_3PKN_54,3PKN,14,4.66,104,Train,122
replica2_3PKN_54,3PKN,14,4.66,104,Train,122
replica3_3PKN_54,3PKN,14,4.66,104,Train,122
replica4_3PKN_54,3PKN,14,4.66,104,Train,122
replica5_3PKN_54,3PKN,14,4.66,104,Train,122
replica1_3PKN_60,3PKN,14,4.66,104,Train,122
replica2_3PKN_60,3PKN,14,4.66,104,Train,122
replica3_3PKN_60,3PKN,14,4.66,104,Train,122
replica4_3PKN_60,3PKN,14,4.66,104,Train,122
replica5_3PKN_60,3PKN,14,4.66,104,Train,122
replica1_3PKN_67,3PKN,14,4.66,104,Train,122
replica2_3PKN_67,3PKN,14,4.66,104,Train,122
replica3_3PKN_67,3PKN,14,4.66,104,Train,122
replica4_3PKN_67,3PKN,14,4.66,104,Train,122
replica5_3PKN_67,3PKN,14,4.66,104,Train,122
replica1_3PKN_74,3PKN,14,4.66,104,Train,122
replica2_3PKN_74,3PKN,14,4.66,104,Train,122
replica3_3PKN_74,3PKN,14,4.66,104,Train,122
replica4_3PKN_74,3PKN,14,4.66,104,Train,122
replica5_3PKN_74,3PKN,14,4.66,104,Train,122
replica1_3PKN_80,3PKN,14,4.66,104,Train,122
replica2_3PKN_80,3PKN,14,4.66,104,Train,122
replica3_3PKN_80,3PKN,14,4.66,104,Train,122
replica4_3PKN_80,3PKN,14,4.66,104,Train,122
replica5_3PKN_80,3PKN,14,4.66,104,Train,122
replica1_3PKN_87,3PKN,14,4.66,104,Train,122
replica2_3PKN_87,3PKN,14,4.66,104,Train,122
replica3_3PKN_87,3PKN,14,4.66,104,Train,122
replica4_3PKN_87,3PKN,14,4.66,104,Train,122
replica5_3PKN_87,3PKN,14,4.66,104,Train,122
replica1_3PKN_93,3PKN,14,4.66,104,Train,122
replica2_3PKN_93,3PKN,14,4.66,104,Train,122
replica3_3PKN_93,3PKN,14,4.66,104,Train,122
replica4_3PKN_93,3PKN,14,4.66,104,Train,122
replica5_3PKN_93,3PKN,14,4.66,104,Train,122
replica1_3PKN_100,3PKN,14,4.66,104,Train,122
replica2_3PKN_100,3PKN,14,4.66,104,Train,122
replica3_3PKN_100,3PKN,14,4.66,104,Train,122
replica4_3PKN_100,3PKN,14,4.66,104,Train,122
replica5_3PKN_100,3PKN,14,4.66,104,Train,122
replica1_3QFD_1,3QFD,9,4.17,12,Train,123
replica2_3QFD_1,3QFD,9,4.17,12,Train,123
replica3_3QFD_1,3QFD,9,4.17,12,Train,123
replica4_3QFD_1,3QFD,9,4.17,12,Train,123
replica5_3QFD_1,3QFD,9,4.17,12,Train,123
replica1_3QFD_26,3QFD,9,4.17,12,Train,123
replica2_3QFD_26,3QFD,9,4.17,12,Train,123
replica3_3QFD_26,3QFD,9,4.17,12,Train,123
replica4_3QFD_26,3QFD,9,4.17,12,Train,123
replica5_3QFD_26,3QFD,9,4.17,12,Train,123
replica1_3QFD_51,3QFD,9,4.17,12,Train,123
replica2_3QFD_51,3QFD,9,4.17,12,Train,123
replica3_3QFD_51,3QFD,9,4.17,12,Train,123
replica4_3QFD_51,3QFD,9,4.17,12,Train,123
replica5_3QFD_51,3QFD,9,4.17,12,Train,123
replica1_3QFD_75,3QFD,9,4.17,12,Train,123
replica2_3QFD_75,3QFD,9,4.17,12,Train,123
replica3_3QFD_75,3QFD,9,4.17,12,Train,123
replica4_3QFD_75,3QFD,9,4.17,12,Train,123
replica5_3QFD_75,3QFD,9,4.17,12,Train,123
replica1_3QFD_100,3QFD,9,4.17,12,Train,123
replica2_3QFD_100,3QFD,9,4.17,12,Train,123
replica3_3QFD_100,3QFD,9,4.17,12,Train,123
replica4_3QFD_100,3QFD,9,4.17,12,Train,123
replica1_3QXD_1,3QXD,15,6.15,20,Train,124
replica2_3QXD_1,3QXD,15,6.15,20,Train,124
replica3_3QXD_1,3QXD,15,6.15,20,Train,124
replica4_3QXD_1,3QXD,15,6.15,20,Train,124
replica5_3QXD_1,3QXD,15,6.15,20,Train,124
replica1_3QXD_51,3QXD,15,6.15,20,Train,124
replica2_3QXD_51,3QXD,15,6.15,20,Train,124
replica3_3QXD_51,3QXD,15,6.15,20,Train,124
replica4_3QXD_51,3QXD,15,6.15,20,Train,124
replica5_3QXD_51,3QXD,15,6.15,20,Train,124
replica1_3QXD_100,3QXD,15,6.15,20,Train,124
replica2_3QXD_100,3QXD,15,6.15,20,Train,124
replica3_3QXD_100,3QXD,15,6.15,20,Train,124
replica4_3QXD_100,3QXD,15,6.15,20,Train,124
replica5_3QXD_100,3QXD,15,6.15,20,Train,124
replica1_3R0H_1,3R0H,9,5.92,105,Train,125
replica2_3R0H_1,3R0H,9,5.92,105,Train,125
replica3_3R0H_1,3R0H,9,5.92,105,Train,125
replica4_3R0H_1,3R0H,9,5.92,105,Train,125
replica5_3R0H_1,3R0H,9,5.92,105,Train,125
replica1_3R0H_8,3R0H,9,5.92,105,Train,125
replica2_3R0H_8,3R0H,9,5.92,105,Train,125
replica3_3R0H_8,3R0H,9,5.92,105,Train,125
replica4_3R0H_8,3R0H,9,5.92,105,Train,125
replica5_3R0H_8,3R0H,9,5.92,105,Train,125
replica1_3R0H_14,3R0H,9,5.92,105,Train,125
replica2_3R0H_14,3R0H,9,5.92,105,Train,125
replica3_3R0H_14,3R0H,9,5.92,105,Train,125
replica4_3R0H_14,3R0H,9,5.92,105,Train,125
replica5_3R0H_14,3R0H,9,5.92,105,Train,125
replica1_3R0H_21,3R0H,9,5.92,105,Train,125
replica2_3R0H_21,3R0H,9,5.92,105,Train,125
replica3_3R0H_21,3R0H,9,5.92,105,Train,125
replica4_3R0H_21,3R0H,9,5.92,105,Train,125
replica5_3R0H_21,3R0H,9,5.92,105,Train,125
replica1_3R0H_27,3R0H,9,5.92,105,Train,125
replica2_3R0H_27,3R0H,9,5.92,105,Train,125
replica3_3R0H_27,3R0H,9,5.92,105,Train,125
replica4_3R0H_27,3R0H,9,5.92,105,Train,125
replica5_3R0H_27,3R0H,9,5.92,105,Train,125
replica1_3R0H_34,3R0H,9,5.92,105,Train,125
replica2_3R0H_34,3R0H,9,5.92,105,Train,125
replica3_3R0H_34,3R0H,9,5.92,105,Train,125
replica4_3R0H_34,3R0H,9,5.92,105,Train,125
replica5_3R0H_34,3R0H,9,5.92,105,Train,125
replica1_3R0H_41,3R0H,9,5.92,105,Train,125
replica2_3R0H_41,3R0H,9,5.92,105,Train,125
replica3_3R0H_41,3R0H,9,5.92,105,Train,125
replica4_3R0H_41,3R0H,9,5.92,105,Train,125
replica5_3R0H_41,3R0H,9,5.92,105,Train,125
replica1_3R0H_47,3R0H,9,5.92,105,Train,125
replica2_3R0H_47,3R0H,9,5.92,105,Train,125
replica3_3R0H_47,3R0H,9,5.92,105,Train,125
replica4_3R0H_47,3R0H,9,5.92,105,Train,125
replica5_3R0H_47,3R0H,9,5.92,105,Train,125
replica1_3R0H_54,3R0H,9,5.92,105,Train,125
replica2_3R0H_54,3R0H,9,5.92,105,Train,125
replica3_3R0H_54,3R0H,9,5.92,105,Train,125
replica4_3R0H_54,3R0H,9,5.92,105,Train,125
replica5_3R0H_54,3R0H,9,5.92,105,Train,125
replica1_3R0H_60,3R0H,9,5.92,105,Train,125
replica2_3R0H_60,3R0H,9,5.92,105,Train,125
replica3_3R0H_60,3R0H,9,5.92,105,Train,125
replica4_3R0H_60,3R0H,9,5.92,105,Train,125
replica5_3R0H_60,3R0H,9,5.92,105,Train,125
replica1_3R0H_67,3R0H,9,5.92,105,Train,125
replica2_3R0H_67,3R0H,9,5.92,105,Train,125
replica3_3R0H_67,3R0H,9,5.92,105,Train,125
replica4_3R0H_67,3R0H,9,5.92,105,Train,125
replica5_3R0H_67,3R0H,9,5.92,105,Train,125
replica1_3R0H_74,3R0H,9,5.92,105,Train,125
replica2_3R0H_74,3R0H,9,5.92,105,Train,125
replica3_3R0H_74,3R0H,9,5.92,105,Train,125
replica4_3R0H_74,3R0H,9,5.92,105,Train,125
replica5_3R0H_74,3R0H,9,5.92,105,Train,125
replica1_3R0H_80,3R0H,9,5.92,105,Train,125
replica2_3R0H_80,3R0H,9,5.92,105,Train,125
replica3_3R0H_80,3R0H,9,5.92,105,Train,125
replica4_3R0H_80,3R0H,9,5.92,105,Train,125
replica5_3R0H_80,3R0H,9,5.92,105,Train,125
replica1_3R0H_87,3R0H,9,5.92,105,Train,125
replica2_3R0H_87,3R0H,9,5.92,105,Train,125
replica3_3R0H_87,3R0H,9,5.92,105,Train,125
replica4_3R0H_87,3R0H,9,5.92,105,Train,125
replica5_3R0H_87,3R0H,9,5.92,105,Train,125
replica1_3R0H_93,3R0H,9,5.92,105,Train,125
replica2_3R0H_93,3R0H,9,5.92,105,Train,125
replica3_3R0H_93,3R0H,9,5.92,105,Train,125
replica4_3R0H_93,3R0H,9,5.92,105,Train,125
replica5_3R0H_93,3R0H,9,5.92,105,Train,125
replica1_3R0H_100,3R0H,9,5.92,105,Train,125
replica2_3R0H_100,3R0H,9,5.92,105,Train,125
replica3_3R0H_100,3R0H,9,5.92,105,Train,125
replica4_3R0H_100,3R0H,9,5.92,105,Train,125
replica5_3R0H_100,3R0H,9,5.92,105,Train,125
replica1_3R42_1,3R42,9,4.08,106,Train,126
replica2_3R42_1,3R42,9,4.08,106,Train,126
replica3_3R42_1,3R42,9,4.08,106,Train,126
replica4_3R42_1,3R42,9,4.08,106,Train,126
replica5_3R42_1,3R42,9,4.08,106,Train,126
replica1_3R42_8,3R42,9,4.08,106,Train,126
replica2_3R42_8,3R42,9,4.08,106,Train,126
replica3_3R42_8,3R42,9,4.08,106,Train,126
replica4_3R42_8,3R42,9,4.08,106,Train,126
replica5_3R42_8,3R42,9,4.08,106,Train,126
replica1_3R42_14,3R42,9,4.08,106,Train,126
replica2_3R42_14,3R42,9,4.08,106,Train,126
replica3_3R42_14,3R42,9,4.08,106,Train,126
replica4_3R42_14,3R42,9,4.08,106,Train,126
replica5_3R42_14,3R42,9,4.08,106,Train,126
replica1_3R42_21,3R42,9,4.08,106,Train,126
replica2_3R42_21,3R42,9,4.08,106,Train,126
replica3_3R42_21,3R42,9,4.08,106,Train,126
replica4_3R42_21,3R42,9,4.08,106,Train,126
replica5_3R42_21,3R42,9,4.08,106,Train,126
replica1_3R42_27,3R42,9,4.08,106,Train,126
replica2_3R42_27,3R42,9,4.08,106,Train,126
replica3_3R42_27,3R42,9,4.08,106,Train,126
replica4_3R42_27,3R42,9,4.08,106,Train,126
replica5_3R42_27,3R42,9,4.08,106,Train,126
replica1_3R42_34,3R42,9,4.08,106,Train,126
replica2_3R42_34,3R42,9,4.08,106,Train,126
replica3_3R42_34,3R42,9,4.08,106,Train,126
replica4_3R42_34,3R42,9,4.08,106,Train,126
replica5_3R42_34,3R42,9,4.08,106,Train,126
replica1_3R42_41,3R42,9,4.08,106,Train,126
replica2_3R42_41,3R42,9,4.08,106,Train,126
replica3_3R42_41,3R42,9,4.08,106,Train,126
replica4_3R42_41,3R42,9,4.08,106,Train,126
replica5_3R42_41,3R42,9,4.08,106,Train,126
replica1_3R42_47,3R42,9,4.08,106,Train,126
replica2_3R42_47,3R42,9,4.08,106,Train,126
replica3_3R42_47,3R42,9,4.08,106,Train,126
replica4_3R42_47,3R42,9,4.08,106,Train,126
replica5_3R42_47,3R42,9,4.08,106,Train,126
replica1_3R42_54,3R42,9,4.08,106,Train,126
replica2_3R42_54,3R42,9,4.08,106,Train,126
replica3_3R42_54,3R42,9,4.08,106,Train,126
replica4_3R42_54,3R42,9,4.08,106,Train,126
replica5_3R42_54,3R42,9,4.08,106,Train,126
replica1_3R42_60,3R42,9,4.08,106,Train,126
replica2_3R42_60,3R42,9,4.08,106,Train,126
replica3_3R42_60,3R42,9,4.08,106,Train,126
replica4_3R42_60,3R42,9,4.08,106,Train,126
replica5_3R42_60,3R42,9,4.08,106,Train,126
replica1_3R42_67,3R42,9,4.08,106,Train,126
replica2_3R42_67,3R42,9,4.08,106,Train,126
replica3_3R42_67,3R42,9,4.08,106,Train,126
replica4_3R42_67,3R42,9,4.08,106,Train,126
replica5_3R42_67,3R42,9,4.08,106,Train,126
replica1_3R42_74,3R42,9,4.08,106,Train,126
replica2_3R42_74,3R42,9,4.08,106,Train,126
replica3_3R42_74,3R42,9,4.08,106,Train,126
replica4_3R42_74,3R42,9,4.08,106,Train,126
replica5_3R42_74,3R42,9,4.08,106,Train,126
replica1_3R42_80,3R42,9,4.08,106,Train,126
replica2_3R42_80,3R42,9,4.08,106,Train,126
replica3_3R42_80,3R42,9,4.08,106,Train,126
replica4_3R42_80,3R42,9,4.08,106,Train,126
replica5_3R42_80,3R42,9,4.08,106,Train,126
replica1_3R42_87,3R42,9,4.08,106,Train,126
replica2_3R42_87,3R42,9,4.08,106,Train,126
replica3_3R42_87,3R42,9,4.08,106,Train,126
replica4_3R42_87,3R42,9,4.08,106,Train,126
replica5_3R42_87,3R42,9,4.08,106,Train,126
replica1_3R42_93,3R42,9,4.08,106,Train,126
replica2_3R42_93,3R42,9,4.08,106,Train,126
replica3_3R42_93,3R42,9,4.08,106,Train,126
replica4_3R42_93,3R42,9,4.08,106,Train,126
replica5_3R42_93,3R42,9,4.08,106,Train,126
replica1_3R42_100,3R42,9,4.08,106,Train,126
replica2_3R42_100,3R42,9,4.08,106,Train,126
replica3_3R42_100,3R42,9,4.08,106,Train,126
replica4_3R42_100,3R42,9,4.08,106,Train,126
replica5_3R42_100,3R42,9,4.08,106,Train,126
replica1_3RDV_1,3RDV,8,4.91,107,Test,
replica2_3RDV_1,3RDV,8,4.91,107,Test,
replica3_3RDV_1,3RDV,8,4.91,107,Test,
replica4_3RDV_1,3RDV,8,4.91,107,Test,
replica5_3RDV_1,3RDV,8,4.91,107,Test,
replica1_3RDV_8,3RDV,8,4.91,107,Test,
replica2_3RDV_8,3RDV,8,4.91,107,Test,
replica3_3RDV_8,3RDV,8,4.91,107,Test,
replica4_3RDV_8,3RDV,8,4.91,107,Test,
replica5_3RDV_8,3RDV,8,4.91,107,Test,
replica1_3RDV_14,3RDV,8,4.91,107,Test,
replica2_3RDV_14,3RDV,8,4.91,107,Test,
replica3_3RDV_14,3RDV,8,4.91,107,Test,
replica4_3RDV_14,3RDV,8,4.91,107,Test,
replica5_3RDV_14,3RDV,8,4.91,107,Test,
replica1_3RDV_21,3RDV,8,4.91,107,Test,
replica2_3RDV_21,3RDV,8,4.91,107,Test,
replica3_3RDV_21,3RDV,8,4.91,107,Test,
replica4_3RDV_21,3RDV,8,4.91,107,Test,
replica5_3RDV_21,3RDV,8,4.91,107,Test,
replica1_3RDV_27,3RDV,8,4.91,107,Test,
replica2_3RDV_27,3RDV,8,4.91,107,Test,
replica3_3RDV_27,3RDV,8,4.91,107,Test,
replica4_3RDV_27,3RDV,8,4.91,107,Test,
replica5_3RDV_27,3RDV,8,4.91,107,Test,
replica1_3RDV_34,3RDV,8,4.91,107,Test,
replica2_3RDV_34,3RDV,8,4.91,107,Test,
replica3_3RDV_34,3RDV,8,4.91,107,Test,
replica4_3RDV_34,3RDV,8,4.91,107,Test,
replica5_3RDV_34,3RDV,8,4.91,107,Test,
replica1_3RDV_41,3RDV,8,4.91,107,Test,
replica2_3RDV_41,3RDV,8,4.91,107,Test,
replica3_3RDV_41,3RDV,8,4.91,107,Test,
replica4_3RDV_41,3RDV,8,4.91,107,Test,
replica5_3RDV_41,3RDV,8,4.91,107,Test,
replica1_3RDV_47,3RDV,8,4.91,107,Test,
replica2_3RDV_47,3RDV,8,4.91,107,Test,
replica3_3RDV_47,3RDV,8,4.91,107,Test,
replica4_3RDV_47,3RDV,8,4.91,107,Test,
replica5_3RDV_47,3RDV,8,4.91,107,Test,
replica1_3RDV_54,3RDV,8,4.91,107,Test,
replica2_3RDV_54,3RDV,8,4.91,107,Test,
replica3_3RDV_54,3RDV,8,4.91,107,Test,
replica4_3RDV_54,3RDV,8,4.91,107,Test,
replica5_3RDV_54,3RDV,8,4.91,107,Test,
replica1_3RDV_60,3RDV,8,4.91,107,Test,
replica2_3RDV_60,3RDV,8,4.91,107,Test,
replica3_3RDV_60,3RDV,8,4.91,107,Test,
replica4_3RDV_60,3RDV,8,4.91,107,Test,
replica5_3RDV_60,3RDV,8,4.91,107,Test,
replica1_3RDV_67,3RDV,8,4.91,107,Test,
replica2_3RDV_67,3RDV,8,4.91,107,Test,
replica3_3RDV_67,3RDV,8,4.91,107,Test,
replica4_3RDV_67,3RDV,8,4.91,107,Test,
replica5_3RDV_67,3RDV,8,4.91,107,Test,
replica1_3RDV_74,3RDV,8,4.91,107,Test,
replica2_3RDV_74,3RDV,8,4.91,107,Test,
replica3_3RDV_74,3RDV,8,4.91,107,Test,
replica4_3RDV_74,3RDV,8,4.91,107,Test,
replica5_3RDV_74,3RDV,8,4.91,107,Test,
replica1_3RDV_80,3RDV,8,4.91,107,Test,
replica2_3RDV_80,3RDV,8,4.91,107,Test,
replica3_3RDV_80,3RDV,8,4.91,107,Test,
replica4_3RDV_80,3RDV,8,4.91,107,Test,
replica5_3RDV_80,3RDV,8,4.91,107,Test,
replica1_3RDV_87,3RDV,8,4.91,107,Test,
replica2_3RDV_87,3RDV,8,4.91,107,Test,
replica3_3RDV_87,3RDV,8,4.91,107,Test,
replica4_3RDV_87,3RDV,8,4.91,107,Test,
replica5_3RDV_87,3RDV,8,4.91,107,Test,
replica1_3RDV_93,3RDV,8,4.91,107,Test,
replica2_3RDV_93,3RDV,8,4.91,107,Test,
replica3_3RDV_93,3RDV,8,4.91,107,Test,
replica4_3RDV_93,3RDV,8,4.91,107,Test,
replica5_3RDV_93,3RDV,8,4.91,107,Test,
replica1_3RDV_100,3RDV,8,4.91,107,Test,
replica2_3RDV_100,3RDV,8,4.91,107,Test,
replica3_3RDV_100,3RDV,8,4.91,107,Test,
replica4_3RDV_100,3RDV,8,4.91,107,Test,
replica5_3RDV_100,3RDV,8,4.91,107,Test,
replica1_3RQF_1,3RQF,13,4.41,32,Train,127
replica2_3RQF_1,3RQF,13,4.41,32,Train,127
replica3_3RQF_1,3RQF,13,4.41,32,Train,127
replica4_3RQF_1,3RQF,13,4.41,32,Train,127
replica5_3RQF_1,3RQF,13,4.41,32,Train,127
replica1_3RQF_15,3RQF,13,4.41,32,Train,127
replica2_3RQF_15,3RQF,13,4.41,32,Train,127
replica3_3RQF_15,3RQF,13,4.41,32,Train,127
replica4_3RQF_15,3RQF,13,4.41,32,Train,127
replica5_3RQF_15,3RQF,13,4.41,32,Train,127
replica1_3RQF_29,3RQF,13,4.41,32,Train,127
replica2_3RQF_29,3RQF,13,4.41,32,Train,127
replica3_3RQF_29,3RQF,13,4.41,32,Train,127
replica4_3RQF_29,3RQF,13,4.41,32,Train,127
replica5_3RQF_29,3RQF,13,4.41,32,Train,127
replica1_3RQF_43,3RQF,13,4.41,32,Train,127
replica2_3RQF_43,3RQF,13,4.41,32,Train,127
replica3_3RQF_43,3RQF,13,4.41,32,Train,127
replica4_3RQF_43,3RQF,13,4.41,32,Train,127
replica5_3RQF_43,3RQF,13,4.41,32,Train,127
replica1_3RQF_58,3RQF,13,4.41,32,Train,127
replica2_3RQF_58,3RQF,13,4.41,32,Train,127
replica3_3RQF_58,3RQF,13,4.41,32,Train,127
replica4_3RQF_58,3RQF,13,4.41,32,Train,127
replica5_3RQF_58,3RQF,13,4.41,32,Train,127
replica1_3RQF_72,3RQF,13,4.41,32,Train,127
replica2_3RQF_72,3RQF,13,4.41,32,Train,127
replica3_3RQF_72,3RQF,13,4.41,32,Train,127
replica4_3RQF_72,3RQF,13,4.41,32,Train,127
replica5_3RQF_72,3RQF,13,4.41,32,Train,127
replica1_3RQF_86,3RQF,13,4.41,32,Train,127
replica2_3RQF_86,3RQF,13,4.41,32,Train,127
replica3_3RQF_86,3RQF,13,4.41,32,Train,127
replica4_3RQF_86,3RQF,13,4.41,32,Train,127
replica5_3RQF_86,3RQF,13,4.41,32,Train,127
replica1_3RQF_100,3RQF,13,4.41,32,Train,127
replica2_3RQF_100,3RQF,13,4.41,32,Train,127
replica3_3RQF_100,3RQF,13,4.41,32,Train,127
replica4_3RQF_100,3RQF,13,4.41,32,Train,127
replica5_3RQF_100,3RQF,13,4.41,32,Train,127
replica1_3RQG_1,3RQG,13,4.64,32,Train,128
replica2_3RQG_1,3RQG,13,4.64,32,Train,128
replica3_3RQG_1,3RQG,13,4.64,32,Train,128
replica4_3RQG_1,3RQG,13,4.64,32,Train,128
replica5_3RQG_1,3RQG,13,4.64,32,Train,128
replica1_3RQG_15,3RQG,13,4.64,32,Train,128
replica2_3RQG_15,3RQG,13,4.64,32,Train,128
replica3_3RQG_15,3RQG,13,4.64,32,Train,128
replica4_3RQG_15,3RQG,13,4.64,32,Train,128
replica5_3RQG_15,3RQG,13,4.64,32,Train,128
replica1_3RQG_29,3RQG,13,4.64,32,Train,128
replica2_3RQG_29,3RQG,13,4.64,32,Train,128
replica3_3RQG_29,3RQG,13,4.64,32,Train,128
replica4_3RQG_29,3RQG,13,4.64,32,Train,128
replica5_3RQG_29,3RQG,13,4.64,32,Train,128
replica1_3RQG_43,3RQG,13,4.64,32,Train,128
replica2_3RQG_43,3RQG,13,4.64,32,Train,128
replica3_3RQG_43,3RQG,13,4.64,32,Train,128
replica4_3RQG_43,3RQG,13,4.64,32,Train,128
replica5_3RQG_43,3RQG,13,4.64,32,Train,128
replica1_3RQG_58,3RQG,13,4.64,32,Train,128
replica2_3RQG_58,3RQG,13,4.64,32,Train,128
replica3_3RQG_58,3RQG,13,4.64,32,Train,128
replica4_3RQG_58,3RQG,13,4.64,32,Train,128
replica5_3RQG_58,3RQG,13,4.64,32,Train,128
replica1_3RQG_72,3RQG,13,4.64,32,Train,128
replica2_3RQG_72,3RQG,13,4.64,32,Train,128
replica3_3RQG_72,3RQG,13,4.64,32,Train,128
replica4_3RQG_72,3RQG,13,4.64,32,Train,128
replica5_3RQG_72,3RQG,13,4.64,32,Train,128
replica1_3RQG_86,3RQG,13,4.64,32,Train,128
replica2_3RQG_86,3RQG,13,4.64,32,Train,128
replica3_3RQG_86,3RQG,13,4.64,32,Train,128
replica4_3RQG_86,3RQG,13,4.64,32,Train,128
replica5_3RQG_86,3RQG,13,4.64,32,Train,128
replica1_3RQG_100,3RQG,13,4.64,32,Train,128
replica2_3RQG_100,3RQG,13,4.64,32,Train,128
replica3_3RQG_100,3RQG,13,4.64,32,Train,128
replica4_3RQG_100,3RQG,13,4.64,32,Train,128
replica5_3RQG_100,3RQG,13,4.64,32,Train,128
replica1_3RZ9_1,3RZ9,13,6.92,108,Train,129
replica2_3RZ9_1,3RZ9,13,6.92,108,Train,129
replica3_3RZ9_1,3RZ9,13,6.92,108,Train,129
replica4_3RZ9_1,3RZ9,13,6.92,108,Train,129
replica5_3RZ9_1,3RZ9,13,6.92,108,Train,129
replica1_3RZ9_26,3RZ9,13,6.92,108,Train,129
replica2_3RZ9_26,3RZ9,13,6.92,108,Train,129
replica3_3RZ9_26,3RZ9,13,6.92,108,Train,129
replica4_3RZ9_26,3RZ9,13,6.92,108,Train,129
replica5_3RZ9_26,3RZ9,13,6.92,108,Train,129
replica1_3RZ9_51,3RZ9,13,6.92,108,Train,129
replica2_3RZ9_51,3RZ9,13,6.92,108,Train,129
replica3_3RZ9_51,3RZ9,13,6.92,108,Train,129
replica4_3RZ9_51,3RZ9,13,6.92,108,Train,129
replica5_3RZ9_51,3RZ9,13,6.92,108,Train,129
replica1_3RZ9_75,3RZ9,13,6.92,108,Train,129
replica2_3RZ9_75,3RZ9,13,6.92,108,Train,129
replica3_3RZ9_75,3RZ9,13,6.92,108,Train,129
replica4_3RZ9_75,3RZ9,13,6.92,108,Train,129
replica5_3RZ9_75,3RZ9,13,6.92,108,Train,129
replica1_3RZ9_100,3RZ9,13,6.92,108,Train,129
replica2_3RZ9_100,3RZ9,13,6.92,108,Train,129
replica3_3RZ9_100,3RZ9,13,6.92,108,Train,129
replica4_3RZ9_100,3RZ9,13,6.92,108,Train,129
replica5_3RZ9_100,3RZ9,13,6.92,108,Train,129
replica1_3SO6_1,3SO6,14,5.39,27,Train,29
replica2_3SO6_1,3SO6,14,5.39,27,Train,29
replica3_3SO6_1,3SO6,14,5.39,27,Train,29
replica4_3SO6_1,3SO6,14,5.39,27,Train,29
replica5_3SO6_1,3SO6,14,5.39,27,Train,29
replica1_3SO6_8,3SO6,14,5.39,27,Train,29
replica2_3SO6_8,3SO6,14,5.39,27,Train,29
replica3_3SO6_8,3SO6,14,5.39,27,Train,29
replica4_3SO6_8,3SO6,14,5.39,27,Train,29
replica5_3SO6_8,3SO6,14,5.39,27,Train,29
replica1_3SO6_14,3SO6,14,5.39,27,Train,29
replica2_3SO6_14,3SO6,14,5.39,27,Train,29
replica3_3SO6_14,3SO6,14,5.39,27,Train,29
replica4_3SO6_14,3SO6,14,5.39,27,Train,29
replica5_3SO6_14,3SO6,14,5.39,27,Train,29
replica1_3SO6_21,3SO6,14,5.39,27,Train,29
replica2_3SO6_21,3SO6,14,5.39,27,Train,29
replica3_3SO6_21,3SO6,14,5.39,27,Train,29
replica4_3SO6_21,3SO6,14,5.39,27,Train,29
replica5_3SO6_21,3SO6,14,5.39,27,Train,29
replica1_3SO6_27,3SO6,14,5.39,27,Train,29
replica2_3SO6_27,3SO6,14,5.39,27,Train,29
replica3_3SO6_27,3SO6,14,5.39,27,Train,29
replica4_3SO6_27,3SO6,14,5.39,27,Train,29
replica5_3SO6_27,3SO6,14,5.39,27,Train,29
replica1_3SO6_34,3SO6,14,5.39,27,Train,29
replica2_3SO6_34,3SO6,14,5.39,27,Train,29
replica3_3SO6_34,3SO6,14,5.39,27,Train,29
replica4_3SO6_34,3SO6,14,5.39,27,Train,29
replica5_3SO6_34,3SO6,14,5.39,27,Train,29
replica1_3SO6_41,3SO6,14,5.39,27,Train,29
replica2_3SO6_41,3SO6,14,5.39,27,Train,29
replica3_3SO6_41,3SO6,14,5.39,27,Train,29
replica4_3SO6_41,3SO6,14,5.39,27,Train,29
replica5_3SO6_41,3SO6,14,5.39,27,Train,29
replica1_3SO6_47,3SO6,14,5.39,27,Train,29
replica2_3SO6_47,3SO6,14,5.39,27,Train,29
replica3_3SO6_47,3SO6,14,5.39,27,Train,29
replica4_3SO6_47,3SO6,14,5.39,27,Train,29
replica5_3SO6_47,3SO6,14,5.39,27,Train,29
replica1_3SO6_54,3SO6,14,5.39,27,Train,29
replica2_3SO6_54,3SO6,14,5.39,27,Train,29
replica3_3SO6_54,3SO6,14,5.39,27,Train,29
replica4_3SO6_54,3SO6,14,5.39,27,Train,29
replica5_3SO6_54,3SO6,14,5.39,27,Train,29
replica1_3SO6_60,3SO6,14,5.39,27,Train,29
replica2_3SO6_60,3SO6,14,5.39,27,Train,29
replica3_3SO6_60,3SO6,14,5.39,27,Train,29
replica4_3SO6_60,3SO6,14,5.39,27,Train,29
replica5_3SO6_60,3SO6,14,5.39,27,Train,29
replica1_3SO6_67,3SO6,14,5.39,27,Train,29
replica2_3SO6_67,3SO6,14,5.39,27,Train,29
replica3_3SO6_67,3SO6,14,5.39,27,Train,29
replica4_3SO6_67,3SO6,14,5.39,27,Train,29
replica5_3SO6_67,3SO6,14,5.39,27,Train,29
replica1_3SO6_74,3SO6,14,5.39,27,Train,29
replica2_3SO6_74,3SO6,14,5.39,27,Train,29
replica3_3SO6_74,3SO6,14,5.39,27,Train,29
replica4_3SO6_74,3SO6,14,5.39,27,Train,29
replica5_3SO6_74,3SO6,14,5.39,27,Train,29
replica1_3SO6_80,3SO6,14,5.39,27,Train,29
replica2_3SO6_80,3SO6,14,5.39,27,Train,29
replica3_3SO6_80,3SO6,14,5.39,27,Train,29
replica4_3SO6_80,3SO6,14,5.39,27,Train,29
replica5_3SO6_80,3SO6,14,5.39,27,Train,29
replica1_3SO6_87,3SO6,14,5.39,27,Train,29
replica2_3SO6_87,3SO6,14,5.39,27,Train,29
replica3_3SO6_87,3SO6,14,5.39,27,Train,29
replica4_3SO6_87,3SO6,14,5.39,27,Train,29
replica5_3SO6_87,3SO6,14,5.39,27,Train,29
replica1_3SO6_93,3SO6,14,5.39,27,Train,29
replica2_3SO6_93,3SO6,14,5.39,27,Train,29
replica3_3SO6_93,3SO6,14,5.39,27,Train,29
replica4_3SO6_93,3SO6,14,5.39,27,Train,29
replica5_3SO6_93,3SO6,14,5.39,27,Train,29
replica1_3SO6_100,3SO6,14,5.39,27,Train,29
replica2_3SO6_100,3SO6,14,5.39,27,Train,29
replica3_3SO6_100,3SO6,14,5.39,27,Train,29
replica4_3SO6_100,3SO6,14,5.39,27,Train,29
replica5_3SO6_100,3SO6,14,5.39,27,Train,29
replica1_3SOU_1,3SOU,9,5.68,109,Train,130
replica2_3SOU_1,3SOU,9,5.68,109,Train,130
replica3_3SOU_1,3SOU,9,5.68,109,Train,130
replica4_3SOU_1,3SOU,9,5.68,109,Train,130
replica5_3SOU_1,3SOU,9,5.68,109,Train,130
replica1_3SOU_8,3SOU,9,5.68,109,Train,130
replica2_3SOU_8,3SOU,9,5.68,109,Train,130
replica3_3SOU_8,3SOU,9,5.68,109,Train,130
replica4_3SOU_8,3SOU,9,5.68,109,Train,130
replica5_3SOU_8,3SOU,9,5.68,109,Train,130
replica1_3SOU_14,3SOU,9,5.68,109,Train,130
replica2_3SOU_14,3SOU,9,5.68,109,Train,130
replica3_3SOU_14,3SOU,9,5.68,109,Train,130
replica4_3SOU_14,3SOU,9,5.68,109,Train,130
replica5_3SOU_14,3SOU,9,5.68,109,Train,130
replica1_3SOU_21,3SOU,9,5.68,109,Train,130
replica2_3SOU_21,3SOU,9,5.68,109,Train,130
replica3_3SOU_21,3SOU,9,5.68,109,Train,130
replica4_3SOU_21,3SOU,9,5.68,109,Train,130
replica5_3SOU_21,3SOU,9,5.68,109,Train,130
replica1_3SOU_27,3SOU,9,5.68,109,Train,130
replica2_3SOU_27,3SOU,9,5.68,109,Train,130
replica3_3SOU_27,3SOU,9,5.68,109,Train,130
replica4_3SOU_27,3SOU,9,5.68,109,Train,130
replica5_3SOU_27,3SOU,9,5.68,109,Train,130
replica1_3SOU_34,3SOU,9,5.68,109,Train,130
replica2_3SOU_34,3SOU,9,5.68,109,Train,130
replica3_3SOU_34,3SOU,9,5.68,109,Train,130
replica4_3SOU_34,3SOU,9,5.68,109,Train,130
replica5_3SOU_34,3SOU,9,5.68,109,Train,130
replica1_3SOU_41,3SOU,9,5.68,109,Train,130
replica2_3SOU_41,3SOU,9,5.68,109,Train,130
replica3_3SOU_41,3SOU,9,5.68,109,Train,130
replica4_3SOU_41,3SOU,9,5.68,109,Train,130
replica5_3SOU_41,3SOU,9,5.68,109,Train,130
replica1_3SOU_47,3SOU,9,5.68,109,Train,130
replica2_3SOU_47,3SOU,9,5.68,109,Train,130
replica3_3SOU_47,3SOU,9,5.68,109,Train,130
replica4_3SOU_47,3SOU,9,5.68,109,Train,130
replica5_3SOU_47,3SOU,9,5.68,109,Train,130
replica1_3SOU_54,3SOU,9,5.68,109,Train,130
replica2_3SOU_54,3SOU,9,5.68,109,Train,130
replica3_3SOU_54,3SOU,9,5.68,109,Train,130
replica4_3SOU_54,3SOU,9,5.68,109,Train,130
replica5_3SOU_54,3SOU,9,5.68,109,Train,130
replica1_3SOU_60,3SOU,9,5.68,109,Train,130
replica2_3SOU_60,3SOU,9,5.68,109,Train,130
replica3_3SOU_60,3SOU,9,5.68,109,Train,130
replica4_3SOU_60,3SOU,9,5.68,109,Train,130
replica5_3SOU_60,3SOU,9,5.68,109,Train,130
replica1_3SOU_67,3SOU,9,5.68,109,Train,130
replica2_3SOU_67,3SOU,9,5.68,109,Train,130
replica3_3SOU_67,3SOU,9,5.68,109,Train,130
replica4_3SOU_67,3SOU,9,5.68,109,Train,130
replica5_3SOU_67,3SOU,9,5.68,109,Train,130
replica1_3SOU_74,3SOU,9,5.68,109,Train,130
replica2_3SOU_74,3SOU,9,5.68,109,Train,130
replica3_3SOU_74,3SOU,9,5.68,109,Train,130
replica4_3SOU_74,3SOU,9,5.68,109,Train,130
replica5_3SOU_74,3SOU,9,5.68,109,Train,130
replica1_3SOU_80,3SOU,9,5.68,109,Train,130
replica2_3SOU_80,3SOU,9,5.68,109,Train,130
replica3_3SOU_80,3SOU,9,5.68,109,Train,130
replica4_3SOU_80,3SOU,9,5.68,109,Train,130
replica5_3SOU_80,3SOU,9,5.68,109,Train,130
replica1_3SOU_87,3SOU,9,5.68,109,Train,130
replica2_3SOU_87,3SOU,9,5.68,109,Train,130
replica3_3SOU_87,3SOU,9,5.68,109,Train,130
replica4_3SOU_87,3SOU,9,5.68,109,Train,130
replica5_3SOU_87,3SOU,9,5.68,109,Train,130
replica1_3SOU_93,3SOU,9,5.68,109,Train,130
replica2_3SOU_93,3SOU,9,5.68,109,Train,130
replica3_3SOU_93,3SOU,9,5.68,109,Train,130
replica4_3SOU_93,3SOU,9,5.68,109,Train,130
replica5_3SOU_93,3SOU,9,5.68,109,Train,130
replica1_3SOU_100,3SOU,9,5.68,109,Train,130
replica2_3SOU_100,3SOU,9,5.68,109,Train,130
replica3_3SOU_100,3SOU,9,5.68,109,Train,130
replica4_3SOU_100,3SOU,9,5.68,109,Train,130
replica5_3SOU_100,3SOU,9,5.68,109,Train,130
replica1_3SXU_1,3SXU,5,5.05,110,Train,131
replica2_3SXU_1,3SXU,5,5.05,110,Train,131
replica3_3SXU_1,3SXU,5,5.05,110,Train,131
replica4_3SXU_1,3SXU,5,5.05,110,Train,131
replica5_3SXU_1,3SXU,5,5.05,110,Train,131
replica1_3SXU_8,3SXU,5,5.05,110,Train,131
replica2_3SXU_8,3SXU,5,5.05,110,Train,131
replica3_3SXU_8,3SXU,5,5.05,110,Train,131
replica4_3SXU_8,3SXU,5,5.05,110,Train,131
replica5_3SXU_8,3SXU,5,5.05,110,Train,131
replica1_3SXU_14,3SXU,5,5.05,110,Train,131
replica2_3SXU_14,3SXU,5,5.05,110,Train,131
replica3_3SXU_14,3SXU,5,5.05,110,Train,131
replica4_3SXU_14,3SXU,5,5.05,110,Train,131
replica5_3SXU_14,3SXU,5,5.05,110,Train,131
replica1_3SXU_21,3SXU,5,5.05,110,Train,131
replica2_3SXU_21,3SXU,5,5.05,110,Train,131
replica3_3SXU_21,3SXU,5,5.05,110,Train,131
replica4_3SXU_21,3SXU,5,5.05,110,Train,131
replica5_3SXU_21,3SXU,5,5.05,110,Train,131
replica1_3SXU_27,3SXU,5,5.05,110,Train,131
replica2_3SXU_27,3SXU,5,5.05,110,Train,131
replica3_3SXU_27,3SXU,5,5.05,110,Train,131
replica4_3SXU_27,3SXU,5,5.05,110,Train,131
replica5_3SXU_27,3SXU,5,5.05,110,Train,131
replica1_3SXU_34,3SXU,5,5.05,110,Train,131
replica2_3SXU_34,3SXU,5,5.05,110,Train,131
replica3_3SXU_34,3SXU,5,5.05,110,Train,131
replica4_3SXU_34,3SXU,5,5.05,110,Train,131
replica5_3SXU_34,3SXU,5,5.05,110,Train,131
replica1_3SXU_41,3SXU,5,5.05,110,Train,131
replica2_3SXU_41,3SXU,5,5.05,110,Train,131
replica3_3SXU_41,3SXU,5,5.05,110,Train,131
replica4_3SXU_41,3SXU,5,5.05,110,Train,131
replica5_3SXU_41,3SXU,5,5.05,110,Train,131
replica1_3SXU_47,3SXU,5,5.05,110,Train,131
replica2_3SXU_47,3SXU,5,5.05,110,Train,131
replica3_3SXU_47,3SXU,5,5.05,110,Train,131
replica4_3SXU_47,3SXU,5,5.05,110,Train,131
replica5_3SXU_47,3SXU,5,5.05,110,Train,131
replica1_3SXU_54,3SXU,5,5.05,110,Train,131
replica2_3SXU_54,3SXU,5,5.05,110,Train,131
replica3_3SXU_54,3SXU,5,5.05,110,Train,131
replica4_3SXU_54,3SXU,5,5.05,110,Train,131
replica5_3SXU_54,3SXU,5,5.05,110,Train,131
replica1_3SXU_60,3SXU,5,5.05,110,Train,131
replica2_3SXU_60,3SXU,5,5.05,110,Train,131
replica3_3SXU_60,3SXU,5,5.05,110,Train,131
replica4_3SXU_60,3SXU,5,5.05,110,Train,131
replica5_3SXU_60,3SXU,5,5.05,110,Train,131
replica1_3SXU_67,3SXU,5,5.05,110,Train,131
replica2_3SXU_67,3SXU,5,5.05,110,Train,131
replica3_3SXU_67,3SXU,5,5.05,110,Train,131
replica4_3SXU_67,3SXU,5,5.05,110,Train,131
replica5_3SXU_67,3SXU,5,5.05,110,Train,131
replica1_3SXU_74,3SXU,5,5.05,110,Train,131
replica2_3SXU_74,3SXU,5,5.05,110,Train,131
replica3_3SXU_74,3SXU,5,5.05,110,Train,131
replica4_3SXU_74,3SXU,5,5.05,110,Train,131
replica5_3SXU_74,3SXU,5,5.05,110,Train,131
replica1_3SXU_80,3SXU,5,5.05,110,Train,131
replica2_3SXU_80,3SXU,5,5.05,110,Train,131
replica3_3SXU_80,3SXU,5,5.05,110,Train,131
replica4_3SXU_80,3SXU,5,5.05,110,Train,131
replica5_3SXU_80,3SXU,5,5.05,110,Train,131
replica1_3SXU_87,3SXU,5,5.05,110,Train,131
replica2_3SXU_87,3SXU,5,5.05,110,Train,131
replica3_3SXU_87,3SXU,5,5.05,110,Train,131
replica4_3SXU_87,3SXU,5,5.05,110,Train,131
replica5_3SXU_87,3SXU,5,5.05,110,Train,131
replica1_3SXU_93,3SXU,5,5.05,110,Train,131
replica2_3SXU_93,3SXU,5,5.05,110,Train,131
replica3_3SXU_93,3SXU,5,5.05,110,Train,131
replica4_3SXU_93,3SXU,5,5.05,110,Train,131
replica5_3SXU_93,3SXU,5,5.05,110,Train,131
replica1_3SXU_100,3SXU,5,5.05,110,Train,131
replica2_3SXU_100,3SXU,5,5.05,110,Train,131
replica3_3SXU_100,3SXU,5,5.05,110,Train,131
replica4_3SXU_100,3SXU,5,5.05,110,Train,131
replica5_3SXU_100,3SXU,5,5.05,110,Train,131
replica1_3T4P_1,3T4P,4,5.19,95,Train,132
replica2_3T4P_1,3T4P,4,5.19,95,Train,132
replica3_3T4P_1,3T4P,4,5.19,95,Train,132
replica4_3T4P_1,3T4P,4,5.19,95,Train,132
replica5_3T4P_1,3T4P,4,5.19,95,Train,132
replica1_3T4P_8,3T4P,4,5.19,95,Train,132
replica2_3T4P_8,3T4P,4,5.19,95,Train,132
replica3_3T4P_8,3T4P,4,5.19,95,Train,132
replica4_3T4P_8,3T4P,4,5.19,95,Train,132
replica5_3T4P_8,3T4P,4,5.19,95,Train,132
replica1_3T4P_14,3T4P,4,5.19,95,Train,132
replica2_3T4P_14,3T4P,4,5.19,95,Train,132
replica3_3T4P_14,3T4P,4,5.19,95,Train,132
replica4_3T4P_14,3T4P,4,5.19,95,Train,132
replica5_3T4P_14,3T4P,4,5.19,95,Train,132
replica1_3T4P_21,3T4P,4,5.19,95,Train,132
replica2_3T4P_21,3T4P,4,5.19,95,Train,132
replica3_3T4P_21,3T4P,4,5.19,95,Train,132
replica4_3T4P_21,3T4P,4,5.19,95,Train,132
replica5_3T4P_21,3T4P,4,5.19,95,Train,132
replica1_3T4P_27,3T4P,4,5.19,95,Train,132
replica2_3T4P_27,3T4P,4,5.19,95,Train,132
replica3_3T4P_27,3T4P,4,5.19,95,Train,132
replica4_3T4P_27,3T4P,4,5.19,95,Train,132
replica5_3T4P_27,3T4P,4,5.19,95,Train,132
replica1_3T4P_34,3T4P,4,5.19,95,Train,132
replica2_3T4P_34,3T4P,4,5.19,95,Train,132
replica3_3T4P_34,3T4P,4,5.19,95,Train,132
replica4_3T4P_34,3T4P,4,5.19,95,Train,132
replica5_3T4P_34,3T4P,4,5.19,95,Train,132
replica1_3T4P_41,3T4P,4,5.19,95,Train,132
replica2_3T4P_41,3T4P,4,5.19,95,Train,132
replica3_3T4P_41,3T4P,4,5.19,95,Train,132
replica4_3T4P_41,3T4P,4,5.19,95,Train,132
replica5_3T4P_41,3T4P,4,5.19,95,Train,132
replica1_3T4P_47,3T4P,4,5.19,95,Train,132
replica2_3T4P_47,3T4P,4,5.19,95,Train,132
replica3_3T4P_47,3T4P,4,5.19,95,Train,132
replica4_3T4P_47,3T4P,4,5.19,95,Train,132
replica5_3T4P_47,3T4P,4,5.19,95,Train,132
replica1_3T4P_54,3T4P,4,5.19,95,Train,132
replica2_3T4P_54,3T4P,4,5.19,95,Train,132
replica3_3T4P_54,3T4P,4,5.19,95,Train,132
replica4_3T4P_54,3T4P,4,5.19,95,Train,132
replica5_3T4P_54,3T4P,4,5.19,95,Train,132
replica1_3T4P_60,3T4P,4,5.19,95,Train,132
replica2_3T4P_60,3T4P,4,5.19,95,Train,132
replica3_3T4P_60,3T4P,4,5.19,95,Train,132
replica4_3T4P_60,3T4P,4,5.19,95,Train,132
replica5_3T4P_60,3T4P,4,5.19,95,Train,132
replica1_3T4P_67,3T4P,4,5.19,95,Train,132
replica2_3T4P_67,3T4P,4,5.19,95,Train,132
replica3_3T4P_67,3T4P,4,5.19,95,Train,132
replica4_3T4P_67,3T4P,4,5.19,95,Train,132
replica5_3T4P_67,3T4P,4,5.19,95,Train,132
replica1_3T4P_74,3T4P,4,5.19,95,Train,132
replica2_3T4P_74,3T4P,4,5.19,95,Train,132
replica3_3T4P_74,3T4P,4,5.19,95,Train,132
replica4_3T4P_74,3T4P,4,5.19,95,Train,132
replica5_3T4P_74,3T4P,4,5.19,95,Train,132
replica1_3T4P_80,3T4P,4,5.19,95,Train,132
replica2_3T4P_80,3T4P,4,5.19,95,Train,132
replica3_3T4P_80,3T4P,4,5.19,95,Train,132
replica4_3T4P_80,3T4P,4,5.19,95,Train,132
replica5_3T4P_80,3T4P,4,5.19,95,Train,132
replica1_3T4P_87,3T4P,4,5.19,95,Train,132
replica2_3T4P_87,3T4P,4,5.19,95,Train,132
replica3_3T4P_87,3T4P,4,5.19,95,Train,132
replica4_3T4P_87,3T4P,4,5.19,95,Train,132
replica5_3T4P_87,3T4P,4,5.19,95,Train,132
replica1_3T4P_93,3T4P,4,5.19,95,Train,132
replica2_3T4P_93,3T4P,4,5.19,95,Train,132
replica3_3T4P_93,3T4P,4,5.19,95,Train,132
replica4_3T4P_93,3T4P,4,5.19,95,Train,132
replica5_3T4P_93,3T4P,4,5.19,95,Train,132
replica1_3T4P_100,3T4P,4,5.19,95,Train,132
replica2_3T4P_100,3T4P,4,5.19,95,Train,132
replica3_3T4P_100,3T4P,4,5.19,95,Train,132
replica4_3T4P_100,3T4P,4,5.19,95,Train,132
replica5_3T4P_100,3T4P,4,5.19,95,Train,132
replica1_3T6B_1,3T6B,5,6.36,111,Test,
replica2_3T6B_1,3T6B,5,6.36,111,Test,
replica3_3T6B_1,3T6B,5,6.36,111,Test,
replica4_3T6B_1,3T6B,5,6.36,111,Test,
replica5_3T6B_1,3T6B,5,6.36,111,Test,
replica1_3T6B_34,3T6B,5,6.36,111,Test,
replica2_3T6B_34,3T6B,5,6.36,111,Test,
replica3_3T6B_34,3T6B,5,6.36,111,Test,
replica4_3T6B_34,3T6B,5,6.36,111,Test,
replica5_3T6B_34,3T6B,5,6.36,111,Test,
replica1_3T6B_67,3T6B,5,6.36,111,Test,
replica2_3T6B_67,3T6B,5,6.36,111,Test,
replica3_3T6B_67,3T6B,5,6.36,111,Test,
replica4_3T6B_67,3T6B,5,6.36,111,Test,
replica5_3T6B_67,3T6B,5,6.36,111,Test,
replica1_3T6B_100,3T6B,5,6.36,111,Test,
replica2_3T6B_100,3T6B,5,6.36,111,Test,
replica3_3T6B_100,3T6B,5,6.36,111,Test,
replica4_3T6B_100,3T6B,5,6.36,111,Test,
replica5_3T6B_100,3T6B,5,6.36,111,Test,
replica1_3T6J_1,3T6J,5,6.36,111,Test,
replica2_3T6J_1,3T6J,5,6.36,111,Test,
replica3_3T6J_1,3T6J,5,6.36,111,Test,
replica4_3T6J_1,3T6J,5,6.36,111,Test,
replica5_3T6J_1,3T6J,5,6.36,111,Test,
replica1_3T6J_34,3T6J,5,6.36,111,Test,
replica2_3T6J_34,3T6J,5,6.36,111,Test,
replica3_3T6J_34,3T6J,5,6.36,111,Test,
replica4_3T6J_34,3T6J,5,6.36,111,Test,
replica5_3T6J_34,3T6J,5,6.36,111,Test,
replica1_3T6J_67,3T6J,5,6.36,111,Test,
replica2_3T6J_67,3T6J,5,6.36,111,Test,
replica3_3T6J_67,3T6J,5,6.36,111,Test,
replica4_3T6J_67,3T6J,5,6.36,111,Test,
replica5_3T6J_67,3T6J,5,6.36,111,Test,
replica1_3T6J_100,3T6J,5,6.36,111,Test,
replica2_3T6J_100,3T6J,5,6.36,111,Test,
replica3_3T6J_100,3T6J,5,6.36,111,Test,
replica4_3T6J_100,3T6J,5,6.36,111,Test,
replica5_3T6J_100,3T6J,5,6.36,111,Test,
replica1_3TFK_1,3TFK,9,5.01,12,Train,133
replica2_3TFK_1,3TFK,9,5.01,12,Train,133
replica3_3TFK_1,3TFK,9,5.01,12,Train,133
replica4_3TFK_1,3TFK,9,5.01,12,Train,133
replica5_3TFK_1,3TFK,9,5.01,12,Train,133
replica1_3TFK_26,3TFK,9,5.01,12,Train,133
replica2_3TFK_26,3TFK,9,5.01,12,Train,133
replica3_3TFK_26,3TFK,9,5.01,12,Train,133
replica4_3TFK_26,3TFK,9,5.01,12,Train,133
replica5_3TFK_26,3TFK,9,5.01,12,Train,133
replica1_3TFK_51,3TFK,9,5.01,12,Train,133
replica2_3TFK_51,3TFK,9,5.01,12,Train,133
replica3_3TFK_51,3TFK,9,5.01,12,Train,133
replica4_3TFK_51,3TFK,9,5.01,12,Train,133
replica5_3TFK_51,3TFK,9,5.01,12,Train,133
replica1_3TFK_75,3TFK,9,5.01,12,Train,133
replica2_3TFK_75,3TFK,9,5.01,12,Train,133
replica3_3TFK_75,3TFK,9,5.01,12,Train,133
replica4_3TFK_75,3TFK,9,5.01,12,Train,133
replica5_3TFK_75,3TFK,9,5.01,12,Train,133
replica1_3TFK_100,3TFK,9,5.01,12,Train,133
replica2_3TFK_100,3TFK,9,5.01,12,Train,133
replica3_3TFK_100,3TFK,9,5.01,12,Train,133
replica4_3TFK_100,3TFK,9,5.01,12,Train,133
replica5_3TFK_100,3TFK,9,5.01,12,Train,133
replica1_3TJH_1,3TJH,9,5.41,12,Train,134
replica2_3TJH_1,3TJH,9,5.41,12,Train,134
replica3_3TJH_1,3TJH,9,5.41,12,Train,134
replica4_3TJH_1,3TJH,9,5.41,12,Train,134
replica5_3TJH_1,3TJH,9,5.41,12,Train,134
replica1_3TJH_26,3TJH,9,5.41,12,Train,134
replica2_3TJH_26,3TJH,9,5.41,12,Train,134
replica3_3TJH_26,3TJH,9,5.41,12,Train,134
replica4_3TJH_26,3TJH,9,5.41,12,Train,134
replica5_3TJH_26,3TJH,9,5.41,12,Train,134
replica1_3TJH_51,3TJH,9,5.41,12,Train,134
replica2_3TJH_51,3TJH,9,5.41,12,Train,134
replica3_3TJH_51,3TJH,9,5.41,12,Train,134
replica4_3TJH_51,3TJH,9,5.41,12,Train,134
replica5_3TJH_51,3TJH,9,5.41,12,Train,134
replica1_3TJH_75,3TJH,9,5.41,12,Train,134
replica2_3TJH_75,3TJH,9,5.41,12,Train,134
replica3_3TJH_75,3TJH,9,5.41,12,Train,134
replica4_3TJH_75,3TJH,9,5.41,12,Train,134
replica5_3TJH_75,3TJH,9,5.41,12,Train,134
replica1_3TJH_100,3TJH,9,5.41,12,Train,134
replica2_3TJH_100,3TJH,9,5.41,12,Train,134
replica3_3TJH_100,3TJH,9,5.41,12,Train,134
replica4_3TJH_100,3TJH,9,5.41,12,Train,134
replica5_3TJH_100,3TJH,9,5.41,12,Train,134
replica1_3TSZ_1,3TSZ,12,4.46,25,Train,135
replica2_3TSZ_1,3TSZ,12,4.46,25,Train,135
replica3_3TSZ_1,3TSZ,12,4.46,25,Train,135
replica4_3TSZ_1,3TSZ,12,4.46,25,Train,135
replica5_3TSZ_1,3TSZ,12,4.46,25,Train,135
replica1_3TSZ_8,3TSZ,12,4.46,25,Train,135
replica2_3TSZ_8,3TSZ,12,4.46,25,Train,135
replica3_3TSZ_8,3TSZ,12,4.46,25,Train,135
replica4_3TSZ_8,3TSZ,12,4.46,25,Train,135
replica5_3TSZ_8,3TSZ,12,4.46,25,Train,135
replica1_3TSZ_14,3TSZ,12,4.46,25,Train,135
replica2_3TSZ_14,3TSZ,12,4.46,25,Train,135
replica3_3TSZ_14,3TSZ,12,4.46,25,Train,135
replica4_3TSZ_14,3TSZ,12,4.46,25,Train,135
replica5_3TSZ_14,3TSZ,12,4.46,25,Train,135
replica1_3TSZ_21,3TSZ,12,4.46,25,Train,135
replica2_3TSZ_21,3TSZ,12,4.46,25,Train,135
replica3_3TSZ_21,3TSZ,12,4.46,25,Train,135
replica4_3TSZ_21,3TSZ,12,4.46,25,Train,135
replica5_3TSZ_21,3TSZ,12,4.46,25,Train,135
replica1_3TSZ_27,3TSZ,12,4.46,25,Train,135
replica2_3TSZ_27,3TSZ,12,4.46,25,Train,135
replica3_3TSZ_27,3TSZ,12,4.46,25,Train,135
replica4_3TSZ_27,3TSZ,12,4.46,25,Train,135
replica5_3TSZ_27,3TSZ,12,4.46,25,Train,135
replica1_3TSZ_34,3TSZ,12,4.46,25,Train,135
replica2_3TSZ_34,3TSZ,12,4.46,25,Train,135
replica3_3TSZ_34,3TSZ,12,4.46,25,Train,135
replica4_3TSZ_34,3TSZ,12,4.46,25,Train,135
replica5_3TSZ_34,3TSZ,12,4.46,25,Train,135
replica1_3TSZ_41,3TSZ,12,4.46,25,Train,135
replica2_3TSZ_41,3TSZ,12,4.46,25,Train,135
replica3_3TSZ_41,3TSZ,12,4.46,25,Train,135
replica4_3TSZ_41,3TSZ,12,4.46,25,Train,135
replica5_3TSZ_41,3TSZ,12,4.46,25,Train,135
replica1_3TSZ_47,3TSZ,12,4.46,25,Train,135
replica2_3TSZ_47,3TSZ,12,4.46,25,Train,135
replica3_3TSZ_47,3TSZ,12,4.46,25,Train,135
replica4_3TSZ_47,3TSZ,12,4.46,25,Train,135
replica5_3TSZ_47,3TSZ,12,4.46,25,Train,135
replica1_3TSZ_54,3TSZ,12,4.46,25,Train,135
replica2_3TSZ_54,3TSZ,12,4.46,25,Train,135
replica3_3TSZ_54,3TSZ,12,4.46,25,Train,135
replica4_3TSZ_54,3TSZ,12,4.46,25,Train,135
replica5_3TSZ_54,3TSZ,12,4.46,25,Train,135
replica1_3TSZ_60,3TSZ,12,4.46,25,Train,135
replica2_3TSZ_60,3TSZ,12,4.46,25,Train,135
replica3_3TSZ_60,3TSZ,12,4.46,25,Train,135
replica4_3TSZ_60,3TSZ,12,4.46,25,Train,135
replica5_3TSZ_60,3TSZ,12,4.46,25,Train,135
replica1_3TSZ_67,3TSZ,12,4.46,25,Train,135
replica2_3TSZ_67,3TSZ,12,4.46,25,Train,135
replica3_3TSZ_67,3TSZ,12,4.46,25,Train,135
replica4_3TSZ_67,3TSZ,12,4.46,25,Train,135
replica5_3TSZ_67,3TSZ,12,4.46,25,Train,135
replica1_3TSZ_74,3TSZ,12,4.46,25,Train,135
replica2_3TSZ_74,3TSZ,12,4.46,25,Train,135
replica3_3TSZ_74,3TSZ,12,4.46,25,Train,135
replica4_3TSZ_74,3TSZ,12,4.46,25,Train,135
replica5_3TSZ_74,3TSZ,12,4.46,25,Train,135
replica1_3TSZ_80,3TSZ,12,4.46,25,Train,135
replica2_3TSZ_80,3TSZ,12,4.46,25,Train,135
replica3_3TSZ_80,3TSZ,12,4.46,25,Train,135
replica4_3TSZ_80,3TSZ,12,4.46,25,Train,135
replica5_3TSZ_80,3TSZ,12,4.46,25,Train,135
replica1_3TSZ_87,3TSZ,12,4.46,25,Train,135
replica2_3TSZ_87,3TSZ,12,4.46,25,Train,135
replica3_3TSZ_87,3TSZ,12,4.46,25,Train,135
replica4_3TSZ_87,3TSZ,12,4.46,25,Train,135
replica5_3TSZ_87,3TSZ,12,4.46,25,Train,135
replica1_3TSZ_93,3TSZ,12,4.46,25,Train,135
replica2_3TSZ_93,3TSZ,12,4.46,25,Train,135
replica3_3TSZ_93,3TSZ,12,4.46,25,Train,135
replica4_3TSZ_93,3TSZ,12,4.46,25,Train,135
replica5_3TSZ_93,3TSZ,12,4.46,25,Train,135
replica1_3TSZ_100,3TSZ,12,4.46,25,Train,135
replica2_3TSZ_100,3TSZ,12,4.46,25,Train,135
replica3_3TSZ_100,3TSZ,12,4.46,25,Train,135
replica4_3TSZ_100,3TSZ,12,4.46,25,Train,135
replica5_3TSZ_100,3TSZ,12,4.46,25,Train,135
replica1_3U0T_1,3U0T,11,9.52,112,Test,
replica2_3U0T_1,3U0T,11,9.52,112,Test,
replica3_3U0T_1,3U0T,11,9.52,112,Test,
replica4_3U0T_1,3U0T,11,9.52,112,Test,
replica5_3U0T_1,3U0T,11,9.52,112,Test,
replica1_3U0T_8,3U0T,11,9.52,112,Test,
replica2_3U0T_8,3U0T,11,9.52,112,Test,
replica3_3U0T_8,3U0T,11,9.52,112,Test,
replica4_3U0T_8,3U0T,11,9.52,112,Test,
replica5_3U0T_8,3U0T,11,9.52,112,Test,
replica1_3U0T_14,3U0T,11,9.52,112,Test,
replica2_3U0T_14,3U0T,11,9.52,112,Test,
replica3_3U0T_14,3U0T,11,9.52,112,Test,
replica4_3U0T_14,3U0T,11,9.52,112,Test,
replica5_3U0T_14,3U0T,11,9.52,112,Test,
replica1_3U0T_21,3U0T,11,9.52,112,Test,
replica2_3U0T_21,3U0T,11,9.52,112,Test,
replica3_3U0T_21,3U0T,11,9.52,112,Test,
replica4_3U0T_21,3U0T,11,9.52,112,Test,
replica5_3U0T_21,3U0T,11,9.52,112,Test,
replica1_3U0T_27,3U0T,11,9.52,112,Test,
replica2_3U0T_27,3U0T,11,9.52,112,Test,
replica3_3U0T_27,3U0T,11,9.52,112,Test,
replica4_3U0T_27,3U0T,11,9.52,112,Test,
replica5_3U0T_27,3U0T,11,9.52,112,Test,
replica1_3U0T_34,3U0T,11,9.52,112,Test,
replica2_3U0T_34,3U0T,11,9.52,112,Test,
replica3_3U0T_34,3U0T,11,9.52,112,Test,
replica4_3U0T_34,3U0T,11,9.52,112,Test,
replica5_3U0T_34,3U0T,11,9.52,112,Test,
replica1_3U0T_41,3U0T,11,9.52,112,Test,
replica2_3U0T_41,3U0T,11,9.52,112,Test,
replica3_3U0T_41,3U0T,11,9.52,112,Test,
replica4_3U0T_41,3U0T,11,9.52,112,Test,
replica5_3U0T_41,3U0T,11,9.52,112,Test,
replica1_3U0T_47,3U0T,11,9.52,112,Test,
replica2_3U0T_47,3U0T,11,9.52,112,Test,
replica3_3U0T_47,3U0T,11,9.52,112,Test,
replica4_3U0T_47,3U0T,11,9.52,112,Test,
replica5_3U0T_47,3U0T,11,9.52,112,Test,
replica1_3U0T_54,3U0T,11,9.52,112,Test,
replica2_3U0T_54,3U0T,11,9.52,112,Test,
replica3_3U0T_54,3U0T,11,9.52,112,Test,
replica4_3U0T_54,3U0T,11,9.52,112,Test,
replica5_3U0T_54,3U0T,11,9.52,112,Test,
replica1_3U0T_60,3U0T,11,9.52,112,Test,
replica2_3U0T_60,3U0T,11,9.52,112,Test,
replica3_3U0T_60,3U0T,11,9.52,112,Test,
replica4_3U0T_60,3U0T,11,9.52,112,Test,
replica5_3U0T_60,3U0T,11,9.52,112,Test,
replica1_3U0T_67,3U0T,11,9.52,112,Test,
replica2_3U0T_67,3U0T,11,9.52,112,Test,
replica3_3U0T_67,3U0T,11,9.52,112,Test,
replica4_3U0T_67,3U0T,11,9.52,112,Test,
replica5_3U0T_67,3U0T,11,9.52,112,Test,
replica1_3U0T_74,3U0T,11,9.52,112,Test,
replica2_3U0T_74,3U0T,11,9.52,112,Test,
replica3_3U0T_74,3U0T,11,9.52,112,Test,
replica4_3U0T_74,3U0T,11,9.52,112,Test,
replica5_3U0T_74,3U0T,11,9.52,112,Test,
replica1_3U0T_80,3U0T,11,9.52,112,Test,
replica2_3U0T_80,3U0T,11,9.52,112,Test,
replica3_3U0T_80,3U0T,11,9.52,112,Test,
replica4_3U0T_80,3U0T,11,9.52,112,Test,
replica5_3U0T_80,3U0T,11,9.52,112,Test,
replica1_3U0T_87,3U0T,11,9.52,112,Test,
replica2_3U0T_87,3U0T,11,9.52,112,Test,
replica3_3U0T_87,3U0T,11,9.52,112,Test,
replica4_3U0T_87,3U0T,11,9.52,112,Test,
replica5_3U0T_87,3U0T,11,9.52,112,Test,
replica1_3U0T_93,3U0T,11,9.52,112,Test,
replica2_3U0T_93,3U0T,11,9.52,112,Test,
replica3_3U0T_93,3U0T,11,9.52,112,Test,
replica4_3U0T_93,3U0T,11,9.52,112,Test,
replica5_3U0T_93,3U0T,11,9.52,112,Test,
replica1_3U0T_100,3U0T,11,9.52,112,Test,
replica2_3U0T_100,3U0T,11,9.52,112,Test,
replica3_3U0T_100,3U0T,11,9.52,112,Test,
replica4_3U0T_100,3U0T,11,9.52,112,Test,
replica5_3U0T_100,3U0T,11,9.52,112,Test,
replica1_3UPV_1,3UPV,7,5.3,113,Train,136
replica2_3UPV_1,3UPV,7,5.3,113,Train,136
replica3_3UPV_1,3UPV,7,5.3,113,Train,136
replica4_3UPV_1,3UPV,7,5.3,113,Train,136
replica5_3UPV_1,3UPV,7,5.3,113,Train,136
replica1_3UPV_8,3UPV,7,5.3,113,Train,136
replica2_3UPV_8,3UPV,7,5.3,113,Train,136
replica3_3UPV_8,3UPV,7,5.3,113,Train,136
replica4_3UPV_8,3UPV,7,5.3,113,Train,136
replica5_3UPV_8,3UPV,7,5.3,113,Train,136
replica1_3UPV_14,3UPV,7,5.3,113,Train,136
replica2_3UPV_14,3UPV,7,5.3,113,Train,136
replica3_3UPV_14,3UPV,7,5.3,113,Train,136
replica4_3UPV_14,3UPV,7,5.3,113,Train,136
replica5_3UPV_14,3UPV,7,5.3,113,Train,136
replica1_3UPV_21,3UPV,7,5.3,113,Train,136
replica2_3UPV_21,3UPV,7,5.3,113,Train,136
replica3_3UPV_21,3UPV,7,5.3,113,Train,136
replica4_3UPV_21,3UPV,7,5.3,113,Train,136
replica5_3UPV_21,3UPV,7,5.3,113,Train,136
replica1_3UPV_27,3UPV,7,5.3,113,Train,136
replica2_3UPV_27,3UPV,7,5.3,113,Train,136
replica3_3UPV_27,3UPV,7,5.3,113,Train,136
replica4_3UPV_27,3UPV,7,5.3,113,Train,136
replica5_3UPV_27,3UPV,7,5.3,113,Train,136
replica1_3UPV_34,3UPV,7,5.3,113,Train,136
replica2_3UPV_34,3UPV,7,5.3,113,Train,136
replica3_3UPV_34,3UPV,7,5.3,113,Train,136
replica4_3UPV_34,3UPV,7,5.3,113,Train,136
replica5_3UPV_34,3UPV,7,5.3,113,Train,136
replica1_3UPV_41,3UPV,7,5.3,113,Train,136
replica2_3UPV_41,3UPV,7,5.3,113,Train,136
replica3_3UPV_41,3UPV,7,5.3,113,Train,136
replica4_3UPV_41,3UPV,7,5.3,113,Train,136
replica5_3UPV_41,3UPV,7,5.3,113,Train,136
replica1_3UPV_47,3UPV,7,5.3,113,Train,136
replica2_3UPV_47,3UPV,7,5.3,113,Train,136
replica3_3UPV_47,3UPV,7,5.3,113,Train,136
replica4_3UPV_47,3UPV,7,5.3,113,Train,136
replica5_3UPV_47,3UPV,7,5.3,113,Train,136
replica1_3UPV_54,3UPV,7,5.3,113,Train,136
replica2_3UPV_54,3UPV,7,5.3,113,Train,136
replica3_3UPV_54,3UPV,7,5.3,113,Train,136
replica4_3UPV_54,3UPV,7,5.3,113,Train,136
replica5_3UPV_54,3UPV,7,5.3,113,Train,136
replica1_3UPV_60,3UPV,7,5.3,113,Train,136
replica2_3UPV_60,3UPV,7,5.3,113,Train,136
replica3_3UPV_60,3UPV,7,5.3,113,Train,136
replica4_3UPV_60,3UPV,7,5.3,113,Train,136
replica5_3UPV_60,3UPV,7,5.3,113,Train,136
replica1_3UPV_67,3UPV,7,5.3,113,Train,136
replica2_3UPV_67,3UPV,7,5.3,113,Train,136
replica3_3UPV_67,3UPV,7,5.3,113,Train,136
replica4_3UPV_67,3UPV,7,5.3,113,Train,136
replica5_3UPV_67,3UPV,7,5.3,113,Train,136
replica1_3UPV_74,3UPV,7,5.3,113,Train,136
replica2_3UPV_74,3UPV,7,5.3,113,Train,136
replica3_3UPV_74,3UPV,7,5.3,113,Train,136
replica4_3UPV_74,3UPV,7,5.3,113,Train,136
replica5_3UPV_74,3UPV,7,5.3,113,Train,136
replica1_3UPV_80,3UPV,7,5.3,113,Train,136
replica2_3UPV_80,3UPV,7,5.3,113,Train,136
replica3_3UPV_80,3UPV,7,5.3,113,Train,136
replica4_3UPV_80,3UPV,7,5.3,113,Train,136
replica5_3UPV_80,3UPV,7,5.3,113,Train,136
replica1_3UPV_87,3UPV,7,5.3,113,Train,136
replica2_3UPV_87,3UPV,7,5.3,113,Train,136
replica3_3UPV_87,3UPV,7,5.3,113,Train,136
replica4_3UPV_87,3UPV,7,5.3,113,Train,136
replica5_3UPV_87,3UPV,7,5.3,113,Train,136
replica1_3UPV_93,3UPV,7,5.3,113,Train,136
replica2_3UPV_93,3UPV,7,5.3,113,Train,136
replica3_3UPV_93,3UPV,7,5.3,113,Train,136
replica4_3UPV_93,3UPV,7,5.3,113,Train,136
replica5_3UPV_93,3UPV,7,5.3,113,Train,136
replica1_3UPV_100,3UPV,7,5.3,113,Train,136
replica2_3UPV_100,3UPV,7,5.3,113,Train,136
replica3_3UPV_100,3UPV,7,5.3,113,Train,136
replica4_3UPV_100,3UPV,7,5.3,113,Train,136
replica5_3UPV_100,3UPV,7,5.3,113,Train,136
replica1_3UVK_1,3UVK,11,6.8,114,Train,137
replica2_3UVK_1,3UVK,11,6.8,114,Train,137
replica3_3UVK_1,3UVK,11,6.8,114,Train,137
replica4_3UVK_1,3UVK,11,6.8,114,Train,137
replica5_3UVK_1,3UVK,11,6.8,114,Train,137
replica1_3UVL_1,3UVL,11,5.69,114,Train,138
replica2_3UVL_1,3UVL,11,5.69,114,Train,138
replica3_3UVL_1,3UVL,11,5.69,114,Train,138
replica4_3UVL_1,3UVL,11,5.69,114,Train,138
replica5_3UVL_1,3UVL,11,5.69,114,Train,138
replica1_3UVM_1,3UVM,10,7.52,114,Train,139
replica2_3UVM_1,3UVM,10,7.52,114,Train,139
replica3_3UVM_1,3UVM,10,7.52,114,Train,139
replica4_3UVM_1,3UVM,10,7.52,114,Train,139
replica5_3UVM_1,3UVM,10,7.52,114,Train,139
replica1_3UVN_1,3UVN,11,6.59,114,Train,137
replica2_3UVN_1,3UVN,11,6.59,114,Train,137
replica3_3UVN_1,3UVN,11,6.59,114,Train,137
replica4_3UVN_1,3UVN,11,6.59,114,Train,137
replica5_3UVN_1,3UVN,11,6.59,114,Train,137
replica1_3UVO_1,3UVO,11,7,114,Train,137
replica2_3UVO_1,3UVO,11,7,114,Train,137
replica3_3UVO_1,3UVO,11,7,114,Train,137
replica4_3UVO_1,3UVO,11,7,114,Train,137
replica5_3UVO_1,3UVO,11,7,114,Train,137
replica1_3UYR_1,3UYR,8,6.9,10,Test,
replica2_3UYR_1,3UYR,8,6.9,10,Test,
replica3_3UYR_1,3UYR,8,6.9,10,Test,
replica4_3UYR_1,3UYR,8,6.9,10,Test,
replica5_3UYR_1,3UYR,8,6.9,10,Test,
replica1_3UYR_8,3UYR,8,6.9,10,Test,
replica2_3UYR_8,3UYR,8,6.9,10,Test,
replica3_3UYR_8,3UYR,8,6.9,10,Test,
replica4_3UYR_8,3UYR,8,6.9,10,Test,
replica5_3UYR_8,3UYR,8,6.9,10,Test,
replica1_3UYR_14,3UYR,8,6.9,10,Test,
replica2_3UYR_14,3UYR,8,6.9,10,Test,
replica3_3UYR_14,3UYR,8,6.9,10,Test,
replica4_3UYR_14,3UYR,8,6.9,10,Test,
replica5_3UYR_14,3UYR,8,6.9,10,Test,
replica1_3UYR_21,3UYR,8,6.9,10,Test,
replica2_3UYR_21,3UYR,8,6.9,10,Test,
replica3_3UYR_21,3UYR,8,6.9,10,Test,
replica4_3UYR_21,3UYR,8,6.9,10,Test,
replica5_3UYR_21,3UYR,8,6.9,10,Test,
replica1_3UYR_27,3UYR,8,6.9,10,Test,
replica2_3UYR_27,3UYR,8,6.9,10,Test,
replica3_3UYR_27,3UYR,8,6.9,10,Test,
replica4_3UYR_27,3UYR,8,6.9,10,Test,
replica5_3UYR_27,3UYR,8,6.9,10,Test,
replica1_3UYR_34,3UYR,8,6.9,10,Test,
replica2_3UYR_34,3UYR,8,6.9,10,Test,
replica3_3UYR_34,3UYR,8,6.9,10,Test,
replica4_3UYR_34,3UYR,8,6.9,10,Test,
replica5_3UYR_34,3UYR,8,6.9,10,Test,
replica1_3UYR_41,3UYR,8,6.9,10,Test,
replica2_3UYR_41,3UYR,8,6.9,10,Test,
replica3_3UYR_41,3UYR,8,6.9,10,Test,
replica4_3UYR_41,3UYR,8,6.9,10,Test,
replica5_3UYR_41,3UYR,8,6.9,10,Test,
replica1_3UYR_47,3UYR,8,6.9,10,Test,
replica2_3UYR_47,3UYR,8,6.9,10,Test,
replica3_3UYR_47,3UYR,8,6.9,10,Test,
replica4_3UYR_47,3UYR,8,6.9,10,Test,
replica5_3UYR_47,3UYR,8,6.9,10,Test,
replica1_3UYR_54,3UYR,8,6.9,10,Test,
replica2_3UYR_54,3UYR,8,6.9,10,Test,
replica3_3UYR_54,3UYR,8,6.9,10,Test,
replica4_3UYR_54,3UYR,8,6.9,10,Test,
replica5_3UYR_54,3UYR,8,6.9,10,Test,
replica1_3UYR_60,3UYR,8,6.9,10,Test,
replica2_3UYR_60,3UYR,8,6.9,10,Test,
replica3_3UYR_60,3UYR,8,6.9,10,Test,
replica4_3UYR_60,3UYR,8,6.9,10,Test,
replica5_3UYR_60,3UYR,8,6.9,10,Test,
replica1_3UYR_67,3UYR,8,6.9,10,Test,
replica2_3UYR_67,3UYR,8,6.9,10,Test,
replica3_3UYR_67,3UYR,8,6.9,10,Test,
replica4_3UYR_67,3UYR,8,6.9,10,Test,
replica5_3UYR_67,3UYR,8,6.9,10,Test,
replica1_3UYR_74,3UYR,8,6.9,10,Test,
replica2_3UYR_74,3UYR,8,6.9,10,Test,
replica3_3UYR_74,3UYR,8,6.9,10,Test,
replica4_3UYR_74,3UYR,8,6.9,10,Test,
replica5_3UYR_74,3UYR,8,6.9,10,Test,
replica1_3UYR_80,3UYR,8,6.9,10,Test,
replica2_3UYR_80,3UYR,8,6.9,10,Test,
replica3_3UYR_80,3UYR,8,6.9,10,Test,
replica4_3UYR_80,3UYR,8,6.9,10,Test,
replica5_3UYR_80,3UYR,8,6.9,10,Test,
replica1_3UYR_87,3UYR,8,6.9,10,Test,
replica2_3UYR_87,3UYR,8,6.9,10,Test,
replica3_3UYR_87,3UYR,8,6.9,10,Test,
replica4_3UYR_87,3UYR,8,6.9,10,Test,
replica5_3UYR_87,3UYR,8,6.9,10,Test,
replica1_3UYR_93,3UYR,8,6.9,10,Test,
replica2_3UYR_93,3UYR,8,6.9,10,Test,
replica3_3UYR_93,3UYR,8,6.9,10,Test,
replica4_3UYR_93,3UYR,8,6.9,10,Test,
replica5_3UYR_93,3UYR,8,6.9,10,Test,
replica1_3UYR_100,3UYR,8,6.9,10,Test,
replica2_3UYR_100,3UYR,8,6.9,10,Test,
replica3_3UYR_100,3UYR,8,6.9,10,Test,
replica4_3UYR_100,3UYR,8,6.9,10,Test,
replica5_3UYR_100,3UYR,8,6.9,10,Test,
replica1_3V2X_1,3V2X,11,5.35,115,Train,140
replica2_3V2X_1,3V2X,11,5.35,115,Train,140
replica3_3V2X_1,3V2X,11,5.35,115,Train,140
replica4_3V2X_1,3V2X,11,5.35,115,Train,140
replica5_3V2X_1,3V2X,11,5.35,115,Train,140
replica1_3V2X_8,3V2X,11,5.35,115,Train,140
replica2_3V2X_8,3V2X,11,5.35,115,Train,140
replica3_3V2X_8,3V2X,11,5.35,115,Train,140
replica4_3V2X_8,3V2X,11,5.35,115,Train,140
replica5_3V2X_8,3V2X,11,5.35,115,Train,140
replica1_3V2X_14,3V2X,11,5.35,115,Train,140
replica2_3V2X_14,3V2X,11,5.35,115,Train,140
replica3_3V2X_14,3V2X,11,5.35,115,Train,140
replica4_3V2X_14,3V2X,11,5.35,115,Train,140
replica5_3V2X_14,3V2X,11,5.35,115,Train,140
replica1_3V2X_21,3V2X,11,5.35,115,Train,140
replica2_3V2X_21,3V2X,11,5.35,115,Train,140
replica3_3V2X_21,3V2X,11,5.35,115,Train,140
replica4_3V2X_21,3V2X,11,5.35,115,Train,140
replica5_3V2X_21,3V2X,11,5.35,115,Train,140
replica1_3V2X_27,3V2X,11,5.35,115,Train,140
replica2_3V2X_27,3V2X,11,5.35,115,Train,140
replica3_3V2X_27,3V2X,11,5.35,115,Train,140
replica4_3V2X_27,3V2X,11,5.35,115,Train,140
replica5_3V2X_27,3V2X,11,5.35,115,Train,140
replica1_3V2X_34,3V2X,11,5.35,115,Train,140
replica2_3V2X_34,3V2X,11,5.35,115,Train,140
replica3_3V2X_34,3V2X,11,5.35,115,Train,140
replica4_3V2X_34,3V2X,11,5.35,115,Train,140
replica5_3V2X_34,3V2X,11,5.35,115,Train,140
replica1_3V2X_41,3V2X,11,5.35,115,Train,140
replica2_3V2X_41,3V2X,11,5.35,115,Train,140
replica3_3V2X_41,3V2X,11,5.35,115,Train,140
replica4_3V2X_41,3V2X,11,5.35,115,Train,140
replica5_3V2X_41,3V2X,11,5.35,115,Train,140
replica1_3V2X_47,3V2X,11,5.35,115,Train,140
replica2_3V2X_47,3V2X,11,5.35,115,Train,140
replica3_3V2X_47,3V2X,11,5.35,115,Train,140
replica4_3V2X_47,3V2X,11,5.35,115,Train,140
replica5_3V2X_47,3V2X,11,5.35,115,Train,140
replica1_3V2X_54,3V2X,11,5.35,115,Train,140
replica2_3V2X_54,3V2X,11,5.35,115,Train,140
replica3_3V2X_54,3V2X,11,5.35,115,Train,140
replica4_3V2X_54,3V2X,11,5.35,115,Train,140
replica5_3V2X_54,3V2X,11,5.35,115,Train,140
replica1_3V2X_60,3V2X,11,5.35,115,Train,140
replica2_3V2X_60,3V2X,11,5.35,115,Train,140
replica3_3V2X_60,3V2X,11,5.35,115,Train,140
replica4_3V2X_60,3V2X,11,5.35,115,Train,140
replica5_3V2X_60,3V2X,11,5.35,115,Train,140
replica1_3V2X_67,3V2X,11,5.35,115,Train,140
replica2_3V2X_67,3V2X,11,5.35,115,Train,140
replica3_3V2X_67,3V2X,11,5.35,115,Train,140
replica4_3V2X_67,3V2X,11,5.35,115,Train,140
replica5_3V2X_67,3V2X,11,5.35,115,Train,140
replica1_3V2X_74,3V2X,11,5.35,115,Train,140
replica2_3V2X_74,3V2X,11,5.35,115,Train,140
replica3_3V2X_74,3V2X,11,5.35,115,Train,140
replica4_3V2X_74,3V2X,11,5.35,115,Train,140
replica5_3V2X_74,3V2X,11,5.35,115,Train,140
replica1_3V2X_80,3V2X,11,5.35,115,Train,140
replica2_3V2X_80,3V2X,11,5.35,115,Train,140
replica3_3V2X_80,3V2X,11,5.35,115,Train,140
replica4_3V2X_80,3V2X,11,5.35,115,Train,140
replica5_3V2X_80,3V2X,11,5.35,115,Train,140
replica1_3V2X_87,3V2X,11,5.35,115,Train,140
replica2_3V2X_87,3V2X,11,5.35,115,Train,140
replica3_3V2X_87,3V2X,11,5.35,115,Train,140
replica4_3V2X_87,3V2X,11,5.35,115,Train,140
replica5_3V2X_87,3V2X,11,5.35,115,Train,140
replica1_3V2X_93,3V2X,11,5.35,115,Train,140
replica2_3V2X_93,3V2X,11,5.35,115,Train,140
replica3_3V2X_93,3V2X,11,5.35,115,Train,140
replica4_3V2X_93,3V2X,11,5.35,115,Train,140
replica5_3V2X_93,3V2X,11,5.35,115,Train,140
replica1_3V2X_100,3V2X,11,5.35,115,Train,140
replica2_3V2X_100,3V2X,11,5.35,115,Train,140
replica3_3V2X_100,3V2X,11,5.35,115,Train,140
replica4_3V2X_100,3V2X,11,5.35,115,Train,140
replica5_3V2X_100,3V2X,11,5.35,115,Train,140
replica1_3ZEV_1,3ZEV,8,8.64,116,Train,141
replica2_3ZEV_1,3ZEV,8,8.64,116,Train,141
replica3_3ZEV_1,3ZEV,8,8.64,116,Train,141
replica4_3ZEV_1,3ZEV,8,8.64,116,Train,141
replica5_3ZEV_1,3ZEV,8,8.64,116,Train,141
replica1_3ZEV_8,3ZEV,8,8.64,116,Train,141
replica2_3ZEV_8,3ZEV,8,8.64,116,Train,141
replica3_3ZEV_8,3ZEV,8,8.64,116,Train,141
replica4_3ZEV_8,3ZEV,8,8.64,116,Train,141
replica5_3ZEV_8,3ZEV,8,8.64,116,Train,141
replica1_3ZEV_14,3ZEV,8,8.64,116,Train,141
replica2_3ZEV_14,3ZEV,8,8.64,116,Train,141
replica3_3ZEV_14,3ZEV,8,8.64,116,Train,141
replica4_3ZEV_14,3ZEV,8,8.64,116,Train,141
replica5_3ZEV_14,3ZEV,8,8.64,116,Train,141
replica1_3ZEV_21,3ZEV,8,8.64,116,Train,141
replica2_3ZEV_21,3ZEV,8,8.64,116,Train,141
replica3_3ZEV_21,3ZEV,8,8.64,116,Train,141
replica4_3ZEV_21,3ZEV,8,8.64,116,Train,141
replica5_3ZEV_21,3ZEV,8,8.64,116,Train,141
replica1_3ZEV_27,3ZEV,8,8.64,116,Train,141
replica2_3ZEV_27,3ZEV,8,8.64,116,Train,141
replica3_3ZEV_27,3ZEV,8,8.64,116,Train,141
replica4_3ZEV_27,3ZEV,8,8.64,116,Train,141
replica5_3ZEV_27,3ZEV,8,8.64,116,Train,141
replica1_3ZEV_34,3ZEV,8,8.64,116,Train,141
replica2_3ZEV_34,3ZEV,8,8.64,116,Train,141
replica3_3ZEV_34,3ZEV,8,8.64,116,Train,141
replica4_3ZEV_34,3ZEV,8,8.64,116,Train,141
replica5_3ZEV_34,3ZEV,8,8.64,116,Train,141
replica1_3ZEV_41,3ZEV,8,8.64,116,Train,141
replica2_3ZEV_41,3ZEV,8,8.64,116,Train,141
replica3_3ZEV_41,3ZEV,8,8.64,116,Train,141
replica4_3ZEV_41,3ZEV,8,8.64,116,Train,141
replica5_3ZEV_41,3ZEV,8,8.64,116,Train,141
replica1_3ZEV_47,3ZEV,8,8.64,116,Train,141
replica2_3ZEV_47,3ZEV,8,8.64,116,Train,141
replica3_3ZEV_47,3ZEV,8,8.64,116,Train,141
replica4_3ZEV_47,3ZEV,8,8.64,116,Train,141
replica5_3ZEV_47,3ZEV,8,8.64,116,Train,141
replica1_3ZEV_54,3ZEV,8,8.64,116,Train,141
replica2_3ZEV_54,3ZEV,8,8.64,116,Train,141
replica3_3ZEV_54,3ZEV,8,8.64,116,Train,141
replica4_3ZEV_54,3ZEV,8,8.64,116,Train,141
replica5_3ZEV_54,3ZEV,8,8.64,116,Train,141
replica1_3ZEV_60,3ZEV,8,8.64,116,Train,141
replica2_3ZEV_60,3ZEV,8,8.64,116,Train,141
replica3_3ZEV_60,3ZEV,8,8.64,116,Train,141
replica4_3ZEV_60,3ZEV,8,8.64,116,Train,141
replica5_3ZEV_60,3ZEV,8,8.64,116,Train,141
replica1_3ZEV_67,3ZEV,8,8.64,116,Train,141
replica2_3ZEV_67,3ZEV,8,8.64,116,Train,141
replica3_3ZEV_67,3ZEV,8,8.64,116,Train,141
replica4_3ZEV_67,3ZEV,8,8.64,116,Train,141
replica5_3ZEV_67,3ZEV,8,8.64,116,Train,141
replica1_3ZEV_74,3ZEV,8,8.64,116,Train,141
replica2_3ZEV_74,3ZEV,8,8.64,116,Train,141
replica3_3ZEV_74,3ZEV,8,8.64,116,Train,141
replica4_3ZEV_74,3ZEV,8,8.64,116,Train,141
replica5_3ZEV_74,3ZEV,8,8.64,116,Train,141
replica1_3ZEV_80,3ZEV,8,8.64,116,Train,141
replica2_3ZEV_80,3ZEV,8,8.64,116,Train,141
replica3_3ZEV_80,3ZEV,8,8.64,116,Train,141
replica4_3ZEV_80,3ZEV,8,8.64,116,Train,141
replica5_3ZEV_80,3ZEV,8,8.64,116,Train,141
replica1_3ZEV_87,3ZEV,8,8.64,116,Train,141
replica2_3ZEV_87,3ZEV,8,8.64,116,Train,141
replica3_3ZEV_87,3ZEV,8,8.64,116,Train,141
replica4_3ZEV_87,3ZEV,8,8.64,116,Train,141
replica5_3ZEV_87,3ZEV,8,8.64,116,Train,141
replica1_3ZEV_93,3ZEV,8,8.64,116,Train,141
replica2_3ZEV_93,3ZEV,8,8.64,116,Train,141
replica3_3ZEV_93,3ZEV,8,8.64,116,Train,141
replica4_3ZEV_93,3ZEV,8,8.64,116,Train,141
replica5_3ZEV_93,3ZEV,8,8.64,116,Train,141
replica1_3ZEV_100,3ZEV,8,8.64,116,Train,141
replica2_3ZEV_100,3ZEV,8,8.64,116,Train,141
replica3_3ZEV_100,3ZEV,8,8.64,116,Train,141
replica4_3ZEV_100,3ZEV,8,8.64,116,Train,141
replica5_3ZEV_100,3ZEV,8,8.64,116,Train,141
replica1_3ZKE_1,3ZKE,11,6.8,117,Train,142
replica2_3ZKE_1,3ZKE,11,6.8,117,Train,142
replica3_3ZKE_1,3ZKE,11,6.8,117,Train,142
replica4_3ZKE_1,3ZKE,11,6.8,117,Train,142
replica5_3ZKE_1,3ZKE,11,6.8,117,Train,142
replica1_3ZKE_8,3ZKE,11,6.8,117,Train,142
replica2_3ZKE_8,3ZKE,11,6.8,117,Train,142
replica3_3ZKE_8,3ZKE,11,6.8,117,Train,142
replica4_3ZKE_8,3ZKE,11,6.8,117,Train,142
replica5_3ZKE_8,3ZKE,11,6.8,117,Train,142
replica1_3ZKE_14,3ZKE,11,6.8,117,Train,142
replica2_3ZKE_14,3ZKE,11,6.8,117,Train,142
replica3_3ZKE_14,3ZKE,11,6.8,117,Train,142
replica4_3ZKE_14,3ZKE,11,6.8,117,Train,142
replica5_3ZKE_14,3ZKE,11,6.8,117,Train,142
replica1_3ZKE_21,3ZKE,11,6.8,117,Train,142
replica2_3ZKE_21,3ZKE,11,6.8,117,Train,142
replica3_3ZKE_21,3ZKE,11,6.8,117,Train,142
replica4_3ZKE_21,3ZKE,11,6.8,117,Train,142
replica5_3ZKE_21,3ZKE,11,6.8,117,Train,142
replica1_3ZKE_27,3ZKE,11,6.8,117,Train,142
replica2_3ZKE_27,3ZKE,11,6.8,117,Train,142
replica3_3ZKE_27,3ZKE,11,6.8,117,Train,142
replica4_3ZKE_27,3ZKE,11,6.8,117,Train,142
replica5_3ZKE_27,3ZKE,11,6.8,117,Train,142
replica1_3ZKE_34,3ZKE,11,6.8,117,Train,142
replica2_3ZKE_34,3ZKE,11,6.8,117,Train,142
replica3_3ZKE_34,3ZKE,11,6.8,117,Train,142
replica4_3ZKE_34,3ZKE,11,6.8,117,Train,142
replica5_3ZKE_34,3ZKE,11,6.8,117,Train,142
replica1_3ZKE_41,3ZKE,11,6.8,117,Train,142
replica2_3ZKE_41,3ZKE,11,6.8,117,Train,142
replica3_3ZKE_41,3ZKE,11,6.8,117,Train,142
replica4_3ZKE_41,3ZKE,11,6.8,117,Train,142
replica5_3ZKE_41,3ZKE,11,6.8,117,Train,142
replica1_3ZKE_47,3ZKE,11,6.8,117,Train,142
replica2_3ZKE_47,3ZKE,11,6.8,117,Train,142
replica3_3ZKE_47,3ZKE,11,6.8,117,Train,142
replica4_3ZKE_47,3ZKE,11,6.8,117,Train,142
replica5_3ZKE_47,3ZKE,11,6.8,117,Train,142
replica1_3ZKE_54,3ZKE,11,6.8,117,Train,142
replica2_3ZKE_54,3ZKE,11,6.8,117,Train,142
replica3_3ZKE_54,3ZKE,11,6.8,117,Train,142
replica4_3ZKE_54,3ZKE,11,6.8,117,Train,142
replica5_3ZKE_54,3ZKE,11,6.8,117,Train,142
replica1_3ZKE_60,3ZKE,11,6.8,117,Train,142
replica2_3ZKE_60,3ZKE,11,6.8,117,Train,142
replica3_3ZKE_60,3ZKE,11,6.8,117,Train,142
replica4_3ZKE_60,3ZKE,11,6.8,117,Train,142
replica5_3ZKE_60,3ZKE,11,6.8,117,Train,142
replica1_3ZKE_67,3ZKE,11,6.8,117,Train,142
replica2_3ZKE_67,3ZKE,11,6.8,117,Train,142
replica3_3ZKE_67,3ZKE,11,6.8,117,Train,142
replica4_3ZKE_67,3ZKE,11,6.8,117,Train,142
replica5_3ZKE_67,3ZKE,11,6.8,117,Train,142
replica1_3ZKE_74,3ZKE,11,6.8,117,Train,142
replica2_3ZKE_74,3ZKE,11,6.8,117,Train,142
replica3_3ZKE_74,3ZKE,11,6.8,117,Train,142
replica4_3ZKE_74,3ZKE,11,6.8,117,Train,142
replica5_3ZKE_74,3ZKE,11,6.8,117,Train,142
replica1_3ZKE_80,3ZKE,11,6.8,117,Train,142
replica2_3ZKE_80,3ZKE,11,6.8,117,Train,142
replica3_3ZKE_80,3ZKE,11,6.8,117,Train,142
replica4_3ZKE_80,3ZKE,11,6.8,117,Train,142
replica5_3ZKE_80,3ZKE,11,6.8,117,Train,142
replica1_3ZKE_87,3ZKE,11,6.8,117,Train,142
replica2_3ZKE_87,3ZKE,11,6.8,117,Train,142
replica3_3ZKE_87,3ZKE,11,6.8,117,Train,142
replica4_3ZKE_87,3ZKE,11,6.8,117,Train,142
replica5_3ZKE_87,3ZKE,11,6.8,117,Train,142
replica1_3ZKE_93,3ZKE,11,6.8,117,Train,142
replica2_3ZKE_93,3ZKE,11,6.8,117,Train,142
replica3_3ZKE_93,3ZKE,11,6.8,117,Train,142
replica4_3ZKE_93,3ZKE,11,6.8,117,Train,142
replica5_3ZKE_93,3ZKE,11,6.8,117,Train,142
replica1_3ZKE_100,3ZKE,11,6.8,117,Train,142
replica2_3ZKE_100,3ZKE,11,6.8,117,Train,142
replica3_3ZKE_100,3ZKE,11,6.8,117,Train,142
replica4_3ZKE_100,3ZKE,11,6.8,117,Train,142
replica5_3ZKE_100,3ZKE,11,6.8,117,Train,142
replica1_3ZMV_1,3ZMV,6,4.26,118,Train,143
replica2_3ZMV_1,3ZMV,6,4.26,118,Train,143
replica3_3ZMV_1,3ZMV,6,4.26,118,Train,143
replica4_3ZMV_1,3ZMV,6,4.26,118,Train,143
replica5_3ZMV_1,3ZMV,6,4.26,118,Train,143
replica1_3ZMV_26,3ZMV,6,4.26,118,Train,143
replica2_3ZMV_26,3ZMV,6,4.26,118,Train,143
replica3_3ZMV_26,3ZMV,6,4.26,118,Train,143
replica4_3ZMV_26,3ZMV,6,4.26,118,Train,143
replica5_3ZMV_26,3ZMV,6,4.26,118,Train,143
replica1_3ZMV_51,3ZMV,6,4.26,118,Train,143
replica2_3ZMV_51,3ZMV,6,4.26,118,Train,143
replica3_3ZMV_51,3ZMV,6,4.26,118,Train,143
replica4_3ZMV_51,3ZMV,6,4.26,118,Train,143
replica5_3ZMV_51,3ZMV,6,4.26,118,Train,143
replica1_3ZMV_75,3ZMV,6,4.26,118,Train,143
replica2_3ZMV_75,3ZMV,6,4.26,118,Train,143
replica3_3ZMV_75,3ZMV,6,4.26,118,Train,143
replica4_3ZMV_75,3ZMV,6,4.26,118,Train,143
replica5_3ZMV_75,3ZMV,6,4.26,118,Train,143
replica1_3ZMV_100,3ZMV,6,4.26,118,Train,143
replica2_3ZMV_100,3ZMV,6,4.26,118,Train,143
replica3_3ZMV_100,3ZMV,6,4.26,118,Train,143
replica4_3ZMV_100,3ZMV,6,4.26,118,Train,143
replica5_3ZMV_100,3ZMV,6,4.26,118,Train,143
replica1_3ZMZ_1,3ZMZ,6,4.74,118,Train,143
replica2_3ZMZ_1,3ZMZ,6,4.74,118,Train,143
replica3_3ZMZ_1,3ZMZ,6,4.74,118,Train,143
replica4_3ZMZ_1,3ZMZ,6,4.74,118,Train,143
replica5_3ZMZ_1,3ZMZ,6,4.74,118,Train,143
replica1_3ZMZ_26,3ZMZ,6,4.74,118,Train,143
replica2_3ZMZ_26,3ZMZ,6,4.74,118,Train,143
replica3_3ZMZ_26,3ZMZ,6,4.74,118,Train,143
replica4_3ZMZ_26,3ZMZ,6,4.74,118,Train,143
replica5_3ZMZ_26,3ZMZ,6,4.74,118,Train,143
replica1_3ZMZ_51,3ZMZ,6,4.74,118,Train,143
replica2_3ZMZ_51,3ZMZ,6,4.74,118,Train,143
replica3_3ZMZ_51,3ZMZ,6,4.74,118,Train,143
replica4_3ZMZ_51,3ZMZ,6,4.74,118,Train,143
replica5_3ZMZ_51,3ZMZ,6,4.74,118,Train,143
replica1_3ZMZ_75,3ZMZ,6,4.74,118,Train,143
replica2_3ZMZ_75,3ZMZ,6,4.74,118,Train,143
replica3_3ZMZ_75,3ZMZ,6,4.74,118,Train,143
replica4_3ZMZ_75,3ZMZ,6,4.74,118,Train,143
replica5_3ZMZ_75,3ZMZ,6,4.74,118,Train,143
replica1_3ZMZ_100,3ZMZ,6,4.74,118,Train,143
replica2_3ZMZ_100,3ZMZ,6,4.74,118,Train,143
replica3_3ZMZ_100,3ZMZ,6,4.74,118,Train,143
replica4_3ZMZ_100,3ZMZ,6,4.74,118,Train,143
replica5_3ZMZ_100,3ZMZ,6,4.74,118,Train,143
replica1_3ZN0_1,3ZN0,6,4.97,118,Train,143
replica2_3ZN0_1,3ZN0,6,4.97,118,Train,143
replica3_3ZN0_1,3ZN0,6,4.97,118,Train,143
replica4_3ZN0_1,3ZN0,6,4.97,118,Train,143
replica5_3ZN0_1,3ZN0,6,4.97,118,Train,143
replica1_3ZN0_26,3ZN0,6,4.97,118,Train,143
replica2_3ZN0_26,3ZN0,6,4.97,118,Train,143
replica3_3ZN0_26,3ZN0,6,4.97,118,Train,143
replica4_3ZN0_26,3ZN0,6,4.97,118,Train,143
replica5_3ZN0_26,3ZN0,6,4.97,118,Train,143
replica1_3ZN0_51,3ZN0,6,4.97,118,Train,143
replica2_3ZN0_51,3ZN0,6,4.97,118,Train,143
replica3_3ZN0_51,3ZN0,6,4.97,118,Train,143
replica4_3ZN0_51,3ZN0,6,4.97,118,Train,143
replica5_3ZN0_51,3ZN0,6,4.97,118,Train,143
replica1_3ZN0_75,3ZN0,6,4.97,118,Train,143
replica2_3ZN0_75,3ZN0,6,4.97,118,Train,143
replica3_3ZN0_75,3ZN0,6,4.97,118,Train,143
replica4_3ZN0_75,3ZN0,6,4.97,118,Train,143
replica5_3ZN0_75,3ZN0,6,4.97,118,Train,143
replica1_3ZN0_100,3ZN0,6,4.97,118,Train,143
replica2_3ZN0_100,3ZN0,6,4.97,118,Train,143
replica3_3ZN0_100,3ZN0,6,4.97,118,Train,143
replica4_3ZN0_100,3ZN0,6,4.97,118,Train,143
replica5_3ZN0_100,3ZN0,6,4.97,118,Train,143
replica1_4AIF_1,4AIF,7,4.84,113,Train,144
replica2_4AIF_1,4AIF,7,4.84,113,Train,144
replica3_4AIF_1,4AIF,7,4.84,113,Train,144
replica4_4AIF_1,4AIF,7,4.84,113,Train,144
replica5_4AIF_1,4AIF,7,4.84,113,Train,144
replica1_4AIF_15,4AIF,7,4.84,113,Train,144
replica2_4AIF_15,4AIF,7,4.84,113,Train,144
replica3_4AIF_15,4AIF,7,4.84,113,Train,144
replica4_4AIF_15,4AIF,7,4.84,113,Train,144
replica5_4AIF_15,4AIF,7,4.84,113,Train,144
replica1_4AIF_29,4AIF,7,4.84,113,Train,144
replica2_4AIF_29,4AIF,7,4.84,113,Train,144
replica3_4AIF_29,4AIF,7,4.84,113,Train,144
replica4_4AIF_29,4AIF,7,4.84,113,Train,144
replica5_4AIF_29,4AIF,7,4.84,113,Train,144
replica1_4AIF_43,4AIF,7,4.84,113,Train,144
replica2_4AIF_43,4AIF,7,4.84,113,Train,144
replica3_4AIF_43,4AIF,7,4.84,113,Train,144
replica4_4AIF_43,4AIF,7,4.84,113,Train,144
replica5_4AIF_43,4AIF,7,4.84,113,Train,144
replica1_4AIF_58,4AIF,7,4.84,113,Train,144
replica2_4AIF_58,4AIF,7,4.84,113,Train,144
replica3_4AIF_58,4AIF,7,4.84,113,Train,144
replica4_4AIF_58,4AIF,7,4.84,113,Train,144
replica5_4AIF_58,4AIF,7,4.84,113,Train,144
replica1_4AIF_72,4AIF,7,4.84,113,Train,144
replica2_4AIF_72,4AIF,7,4.84,113,Train,144
replica3_4AIF_72,4AIF,7,4.84,113,Train,144
replica4_4AIF_72,4AIF,7,4.84,113,Train,144
replica5_4AIF_72,4AIF,7,4.84,113,Train,144
replica1_4AIF_86,4AIF,7,4.84,113,Train,144
replica2_4AIF_86,4AIF,7,4.84,113,Train,144
replica3_4AIF_86,4AIF,7,4.84,113,Train,144
replica4_4AIF_86,4AIF,7,4.84,113,Train,144
replica5_4AIF_86,4AIF,7,4.84,113,Train,144
replica1_4AIF_100,4AIF,7,4.84,113,Train,144
replica2_4AIF_100,4AIF,7,4.84,113,Train,144
replica3_4AIF_100,4AIF,7,4.84,113,Train,144
replica4_4AIF_100,4AIF,7,4.84,113,Train,144
replica5_4AIF_100,4AIF,7,4.84,113,Train,144
replica1_4APO_1,4APO,6,4.91,113,Train,145
replica2_4APO_1,4APO,6,4.91,113,Train,145
replica3_4APO_1,4APO,6,4.91,113,Train,145
replica4_4APO_1,4APO,6,4.91,113,Train,145
replica5_4APO_1,4APO,6,4.91,113,Train,145
replica1_4APO_15,4APO,6,4.91,113,Train,145
replica2_4APO_15,4APO,6,4.91,113,Train,145
replica3_4APO_15,4APO,6,4.91,113,Train,145
replica4_4APO_15,4APO,6,4.91,113,Train,145
replica5_4APO_15,4APO,6,4.91,113,Train,145
replica1_4APO_29,4APO,6,4.91,113,Train,145
replica2_4APO_29,4APO,6,4.91,113,Train,145
replica3_4APO_29,4APO,6,4.91,113,Train,145
replica4_4APO_29,4APO,6,4.91,113,Train,145
replica5_4APO_29,4APO,6,4.91,113,Train,145
replica1_4APO_43,4APO,6,4.91,113,Train,145
replica2_4APO_43,4APO,6,4.91,113,Train,145
replica3_4APO_43,4APO,6,4.91,113,Train,145
replica4_4APO_43,4APO,6,4.91,113,Train,145
replica5_4APO_43,4APO,6,4.91,113,Train,145
replica1_4APO_58,4APO,6,4.91,113,Train,145
replica2_4APO_58,4APO,6,4.91,113,Train,145
replica3_4APO_58,4APO,6,4.91,113,Train,145
replica4_4APO_58,4APO,6,4.91,113,Train,145
replica5_4APO_58,4APO,6,4.91,113,Train,145
replica1_4APO_72,4APO,6,4.91,113,Train,145
replica2_4APO_72,4APO,6,4.91,113,Train,145
replica3_4APO_72,4APO,6,4.91,113,Train,145
replica4_4APO_72,4APO,6,4.91,113,Train,145
replica5_4APO_72,4APO,6,4.91,113,Train,145
replica1_4APO_86,4APO,6,4.91,113,Train,145
replica2_4APO_86,4APO,6,4.91,113,Train,145
replica3_4APO_86,4APO,6,4.91,113,Train,145
replica4_4APO_86,4APO,6,4.91,113,Train,145
replica5_4APO_86,4APO,6,4.91,113,Train,145
replica1_4APO_100,4APO,6,4.91,113,Train,145
replica2_4APO_100,4APO,6,4.91,113,Train,145
replica3_4APO_100,4APO,6,4.91,113,Train,145
replica4_4APO_100,4APO,6,4.91,113,Train,145
replica5_4APO_100,4APO,6,4.91,113,Train,145
replica1_4B4N_1,4B4N,15,3.44,119,Train,146
replica2_4B4N_1,4B4N,15,3.44,119,Train,146
replica3_4B4N_1,4B4N,15,3.44,119,Train,146
replica4_4B4N_1,4B4N,15,3.44,119,Train,146
replica5_4B4N_1,4B4N,15,3.44,119,Train,146
replica1_4B4N_15,4B4N,15,3.44,119,Train,146
replica2_4B4N_15,4B4N,15,3.44,119,Train,146
replica3_4B4N_15,4B4N,15,3.44,119,Train,146
replica4_4B4N_15,4B4N,15,3.44,119,Train,146
replica5_4B4N_15,4B4N,15,3.44,119,Train,146
replica1_4B4N_29,4B4N,15,3.44,119,Train,146
replica2_4B4N_29,4B4N,15,3.44,119,Train,146
replica3_4B4N_29,4B4N,15,3.44,119,Train,146
replica4_4B4N_29,4B4N,15,3.44,119,Train,146
replica5_4B4N_29,4B4N,15,3.44,119,Train,146
replica1_4B4N_43,4B4N,15,3.44,119,Train,146
replica2_4B4N_43,4B4N,15,3.44,119,Train,146
replica3_4B4N_43,4B4N,15,3.44,119,Train,146
replica4_4B4N_43,4B4N,15,3.44,119,Train,146
replica5_4B4N_43,4B4N,15,3.44,119,Train,146
replica1_4B4N_58,4B4N,15,3.44,119,Train,146
replica2_4B4N_58,4B4N,15,3.44,119,Train,146
replica3_4B4N_58,4B4N,15,3.44,119,Train,146
replica4_4B4N_58,4B4N,15,3.44,119,Train,146
replica5_4B4N_58,4B4N,15,3.44,119,Train,146
replica1_4B4N_72,4B4N,15,3.44,119,Train,146
replica2_4B4N_72,4B4N,15,3.44,119,Train,146
replica3_4B4N_72,4B4N,15,3.44,119,Train,146
replica4_4B4N_72,4B4N,15,3.44,119,Train,146
replica5_4B4N_72,4B4N,15,3.44,119,Train,146
replica1_4B4N_86,4B4N,15,3.44,119,Train,146
replica2_4B4N_86,4B4N,15,3.44,119,Train,146
replica3_4B4N_86,4B4N,15,3.44,119,Train,146
replica4_4B4N_86,4B4N,15,3.44,119,Train,146
replica5_4B4N_86,4B4N,15,3.44,119,Train,146
replica1_4B4N_100,4B4N,15,3.44,119,Train,146
replica2_4B4N_100,4B4N,15,3.44,119,Train,146
replica3_4B4N_100,4B4N,15,3.44,119,Train,146
replica4_4B4N_100,4B4N,15,3.44,119,Train,146
replica5_4B4N_100,4B4N,15,3.44,119,Train,146
replica1_4B8O_1,4B8O,11,8.4,120,Train,147
replica2_4B8O_1,4B8O,11,8.4,120,Train,147
replica3_4B8O_1,4B8O,11,8.4,120,Train,147
replica4_4B8O_1,4B8O,11,8.4,120,Train,147
replica5_4B8O_1,4B8O,11,8.4,120,Train,147
replica1_4B8O_8,4B8O,11,8.4,120,Train,147
replica2_4B8O_8,4B8O,11,8.4,120,Train,147
replica3_4B8O_8,4B8O,11,8.4,120,Train,147
replica4_4B8O_8,4B8O,11,8.4,120,Train,147
replica5_4B8O_8,4B8O,11,8.4,120,Train,147
replica1_4B8O_14,4B8O,11,8.4,120,Train,147
replica2_4B8O_14,4B8O,11,8.4,120,Train,147
replica3_4B8O_14,4B8O,11,8.4,120,Train,147
replica4_4B8O_14,4B8O,11,8.4,120,Train,147
replica5_4B8O_14,4B8O,11,8.4,120,Train,147
replica1_4B8O_21,4B8O,11,8.4,120,Train,147
replica2_4B8O_21,4B8O,11,8.4,120,Train,147
replica3_4B8O_21,4B8O,11,8.4,120,Train,147
replica4_4B8O_21,4B8O,11,8.4,120,Train,147
replica5_4B8O_21,4B8O,11,8.4,120,Train,147
replica1_4B8O_27,4B8O,11,8.4,120,Train,147
replica2_4B8O_27,4B8O,11,8.4,120,Train,147
replica3_4B8O_27,4B8O,11,8.4,120,Train,147
replica4_4B8O_27,4B8O,11,8.4,120,Train,147
replica5_4B8O_27,4B8O,11,8.4,120,Train,147
replica1_4B8O_34,4B8O,11,8.4,120,Train,147
replica2_4B8O_34,4B8O,11,8.4,120,Train,147
replica3_4B8O_34,4B8O,11,8.4,120,Train,147
replica4_4B8O_34,4B8O,11,8.4,120,Train,147
replica5_4B8O_34,4B8O,11,8.4,120,Train,147
replica1_4B8O_41,4B8O,11,8.4,120,Train,147
replica2_4B8O_41,4B8O,11,8.4,120,Train,147
replica3_4B8O_41,4B8O,11,8.4,120,Train,147
replica4_4B8O_41,4B8O,11,8.4,120,Train,147
replica5_4B8O_41,4B8O,11,8.4,120,Train,147
replica1_4B8O_47,4B8O,11,8.4,120,Train,147
replica2_4B8O_47,4B8O,11,8.4,120,Train,147
replica3_4B8O_47,4B8O,11,8.4,120,Train,147
replica4_4B8O_47,4B8O,11,8.4,120,Train,147
replica5_4B8O_47,4B8O,11,8.4,120,Train,147
replica1_4B8O_54,4B8O,11,8.4,120,Train,147
replica2_4B8O_54,4B8O,11,8.4,120,Train,147
replica3_4B8O_54,4B8O,11,8.4,120,Train,147
replica4_4B8O_54,4B8O,11,8.4,120,Train,147
replica5_4B8O_54,4B8O,11,8.4,120,Train,147
replica1_4B8O_60,4B8O,11,8.4,120,Train,147
replica2_4B8O_60,4B8O,11,8.4,120,Train,147
replica3_4B8O_60,4B8O,11,8.4,120,Train,147
replica4_4B8O_60,4B8O,11,8.4,120,Train,147
replica5_4B8O_60,4B8O,11,8.4,120,Train,147
replica1_4B8O_67,4B8O,11,8.4,120,Train,147
replica2_4B8O_67,4B8O,11,8.4,120,Train,147
replica3_4B8O_67,4B8O,11,8.4,120,Train,147
replica4_4B8O_67,4B8O,11,8.4,120,Train,147
replica5_4B8O_67,4B8O,11,8.4,120,Train,147
replica1_4B8O_74,4B8O,11,8.4,120,Train,147
replica2_4B8O_74,4B8O,11,8.4,120,Train,147
replica3_4B8O_74,4B8O,11,8.4,120,Train,147
replica4_4B8O_74,4B8O,11,8.4,120,Train,147
replica5_4B8O_74,4B8O,11,8.4,120,Train,147
replica1_4B8O_80,4B8O,11,8.4,120,Train,147
replica2_4B8O_80,4B8O,11,8.4,120,Train,147
replica3_4B8O_80,4B8O,11,8.4,120,Train,147
replica4_4B8O_80,4B8O,11,8.4,120,Train,147
replica5_4B8O_80,4B8O,11,8.4,120,Train,147
replica1_4B8O_87,4B8O,11,8.4,120,Train,147
replica2_4B8O_87,4B8O,11,8.4,120,Train,147
replica3_4B8O_87,4B8O,11,8.4,120,Train,147
replica4_4B8O_87,4B8O,11,8.4,120,Train,147
replica5_4B8O_87,4B8O,11,8.4,120,Train,147
replica1_4B8O_93,4B8O,11,8.4,120,Train,147
replica2_4B8O_93,4B8O,11,8.4,120,Train,147
replica3_4B8O_93,4B8O,11,8.4,120,Train,147
replica4_4B8O_93,4B8O,11,8.4,120,Train,147
replica5_4B8O_93,4B8O,11,8.4,120,Train,147
replica1_4B8O_100,4B8O,11,8.4,120,Train,147
replica2_4B8O_100,4B8O,11,8.4,120,Train,147
replica3_4B8O_100,4B8O,11,8.4,120,Train,147
replica4_4B8O_100,4B8O,11,8.4,120,Train,147
replica5_4B8O_100,4B8O,11,8.4,120,Train,147
replica1_4BA3_1,4BA3,6,5.54,108,Train,148
replica2_4BA3_1,4BA3,6,5.54,108,Train,148
replica3_4BA3_1,4BA3,6,5.54,108,Train,148
replica4_4BA3_1,4BA3,6,5.54,108,Train,148
replica5_4BA3_1,4BA3,6,5.54,108,Train,148
replica1_4BA3_26,4BA3,6,5.54,108,Train,148
replica2_4BA3_26,4BA3,6,5.54,108,Train,148
replica3_4BA3_26,4BA3,6,5.54,108,Train,148
replica4_4BA3_26,4BA3,6,5.54,108,Train,148
replica5_4BA3_26,4BA3,6,5.54,108,Train,148
replica1_4BA3_51,4BA3,6,5.54,108,Train,148
replica2_4BA3_51,4BA3,6,5.54,108,Train,148
replica3_4BA3_51,4BA3,6,5.54,108,Train,148
replica4_4BA3_51,4BA3,6,5.54,108,Train,148
replica5_4BA3_51,4BA3,6,5.54,108,Train,148
replica1_4BA3_75,4BA3,6,5.54,108,Train,148
replica2_4BA3_75,4BA3,6,5.54,108,Train,148
replica3_4BA3_75,4BA3,6,5.54,108,Train,148
replica4_4BA3_75,4BA3,6,5.54,108,Train,148
replica5_4BA3_75,4BA3,6,5.54,108,Train,148
replica1_4BA3_100,4BA3,6,5.54,108,Train,148
replica2_4BA3_100,4BA3,6,5.54,108,Train,148
replica3_4BA3_100,4BA3,6,5.54,108,Train,148
replica4_4BA3_100,4BA3,6,5.54,108,Train,148
replica5_4BA3_100,4BA3,6,5.54,108,Train,148
replica1_4BT9_1,4BT9,9,3.84,121,Test,
replica2_4BT9_1,4BT9,9,3.84,121,Test,
replica3_4BT9_1,4BT9,9,3.84,121,Test,
replica4_4BT9_1,4BT9,9,3.84,121,Test,
replica5_4BT9_1,4BT9,9,3.84,121,Test,
replica1_4BT9_15,4BT9,9,3.84,121,Test,
replica2_4BT9_15,4BT9,9,3.84,121,Test,
replica3_4BT9_15,4BT9,9,3.84,121,Test,
replica4_4BT9_15,4BT9,9,3.84,121,Test,
replica5_4BT9_15,4BT9,9,3.84,121,Test,
replica1_4BT9_29,4BT9,9,3.84,121,Test,
replica2_4BT9_29,4BT9,9,3.84,121,Test,
replica3_4BT9_29,4BT9,9,3.84,121,Test,
replica4_4BT9_29,4BT9,9,3.84,121,Test,
replica5_4BT9_29,4BT9,9,3.84,121,Test,
replica1_4BT9_43,4BT9,9,3.84,121,Test,
replica2_4BT9_43,4BT9,9,3.84,121,Test,
replica3_4BT9_43,4BT9,9,3.84,121,Test,
replica4_4BT9_43,4BT9,9,3.84,121,Test,
replica5_4BT9_43,4BT9,9,3.84,121,Test,
replica1_4BT9_58,4BT9,9,3.84,121,Test,
replica2_4BT9_58,4BT9,9,3.84,121,Test,
replica3_4BT9_58,4BT9,9,3.84,121,Test,
replica4_4BT9_58,4BT9,9,3.84,121,Test,
replica5_4BT9_58,4BT9,9,3.84,121,Test,
replica1_4BT9_72,4BT9,9,3.84,121,Test,
replica2_4BT9_72,4BT9,9,3.84,121,Test,
replica3_4BT9_72,4BT9,9,3.84,121,Test,
replica4_4BT9_72,4BT9,9,3.84,121,Test,
replica5_4BT9_72,4BT9,9,3.84,121,Test,
replica1_4BT9_86,4BT9,9,3.84,121,Test,
replica2_4BT9_86,4BT9,9,3.84,121,Test,
replica3_4BT9_86,4BT9,9,3.84,121,Test,
replica4_4BT9_86,4BT9,9,3.84,121,Test,
replica5_4BT9_86,4BT9,9,3.84,121,Test,
replica1_4BT9_100,4BT9,9,3.84,121,Test,
replica2_4BT9_100,4BT9,9,3.84,121,Test,
replica3_4BT9_100,4BT9,9,3.84,121,Test,
replica4_4BT9_100,4BT9,9,3.84,121,Test,
replica5_4BT9_100,4BT9,9,3.84,121,Test,
replica1_4BTB_1,4BTB,9,5.01,121,Test,
replica2_4BTB_1,4BTB,9,5.01,121,Test,
replica3_4BTB_1,4BTB,9,5.01,121,Test,
replica4_4BTB_1,4BTB,9,5.01,121,Test,
replica5_4BTB_1,4BTB,9,5.01,121,Test,
replica1_4BTB_15,4BTB,9,5.01,121,Test,
replica2_4BTB_15,4BTB,9,5.01,121,Test,
replica3_4BTB_15,4BTB,9,5.01,121,Test,
replica4_4BTB_15,4BTB,9,5.01,121,Test,
replica5_4BTB_15,4BTB,9,5.01,121,Test,
replica1_4BTB_29,4BTB,9,5.01,121,Test,
replica2_4BTB_29,4BTB,9,5.01,121,Test,
replica3_4BTB_29,4BTB,9,5.01,121,Test,
replica4_4BTB_29,4BTB,9,5.01,121,Test,
replica5_4BTB_29,4BTB,9,5.01,121,Test,
replica1_4BTB_43,4BTB,9,5.01,121,Test,
replica2_4BTB_43,4BTB,9,5.01,121,Test,
replica3_4BTB_43,4BTB,9,5.01,121,Test,
replica4_4BTB_43,4BTB,9,5.01,121,Test,
replica5_4BTB_43,4BTB,9,5.01,121,Test,
replica1_4BTB_58,4BTB,9,5.01,121,Test,
replica2_4BTB_58,4BTB,9,5.01,121,Test,
replica3_4BTB_58,4BTB,9,5.01,121,Test,
replica4_4BTB_58,4BTB,9,5.01,121,Test,
replica5_4BTB_58,4BTB,9,5.01,121,Test,
replica1_4BTB_72,4BTB,9,5.01,121,Test,
replica2_4BTB_72,4BTB,9,5.01,121,Test,
replica3_4BTB_72,4BTB,9,5.01,121,Test,
replica4_4BTB_72,4BTB,9,5.01,121,Test,
replica5_4BTB_72,4BTB,9,5.01,121,Test,
replica1_4BTB_86,4BTB,9,5.01,121,Test,
replica2_4BTB_86,4BTB,9,5.01,121,Test,
replica3_4BTB_86,4BTB,9,5.01,121,Test,
replica4_4BTB_86,4BTB,9,5.01,121,Test,
replica5_4BTB_86,4BTB,9,5.01,121,Test,
replica1_4BTB_100,4BTB,9,5.01,121,Test,
replica2_4BTB_100,4BTB,9,5.01,121,Test,
replica3_4BTB_100,4BTB,9,5.01,121,Test,
replica4_4BTB_100,4BTB,9,5.01,121,Test,
replica5_4BTB_100,4BTB,9,5.01,121,Test,
replica1_4CC2_1,4CC2,12,4.33,5,Test,
replica2_4CC2_1,4CC2,12,4.33,5,Test,
replica3_4CC2_1,4CC2,12,4.33,5,Test,
replica4_4CC2_1,4CC2,12,4.33,5,Test,
replica5_4CC2_1,4CC2,12,4.33,5,Test,
replica1_4CC2_15,4CC2,12,4.33,5,Test,
replica2_4CC2_15,4CC2,12,4.33,5,Test,
replica3_4CC2_15,4CC2,12,4.33,5,Test,
replica4_4CC2_15,4CC2,12,4.33,5,Test,
replica5_4CC2_15,4CC2,12,4.33,5,Test,
replica1_4CC2_29,4CC2,12,4.33,5,Test,
replica2_4CC2_29,4CC2,12,4.33,5,Test,
replica3_4CC2_29,4CC2,12,4.33,5,Test,
replica4_4CC2_29,4CC2,12,4.33,5,Test,
replica5_4CC2_29,4CC2,12,4.33,5,Test,
replica1_4CC2_43,4CC2,12,4.33,5,Test,
replica2_4CC2_43,4CC2,12,4.33,5,Test,
replica3_4CC2_43,4CC2,12,4.33,5,Test,
replica4_4CC2_43,4CC2,12,4.33,5,Test,
replica5_4CC2_43,4CC2,12,4.33,5,Test,
replica1_4CC2_58,4CC2,12,4.33,5,Test,
replica2_4CC2_58,4CC2,12,4.33,5,Test,
replica3_4CC2_58,4CC2,12,4.33,5,Test,
replica4_4CC2_58,4CC2,12,4.33,5,Test,
replica5_4CC2_58,4CC2,12,4.33,5,Test,
replica1_4CC2_72,4CC2,12,4.33,5,Test,
replica2_4CC2_72,4CC2,12,4.33,5,Test,
replica3_4CC2_72,4CC2,12,4.33,5,Test,
replica4_4CC2_72,4CC2,12,4.33,5,Test,
replica5_4CC2_72,4CC2,12,4.33,5,Test,
replica1_4CC2_86,4CC2,12,4.33,5,Test,
replica2_4CC2_86,4CC2,12,4.33,5,Test,
replica3_4CC2_86,4CC2,12,4.33,5,Test,
replica4_4CC2_86,4CC2,12,4.33,5,Test,
replica5_4CC2_86,4CC2,12,4.33,5,Test,
replica1_4CC2_100,4CC2,12,4.33,5,Test,
replica2_4CC2_100,4CC2,12,4.33,5,Test,
replica3_4CC2_100,4CC2,12,4.33,5,Test,
replica4_4CC2_100,4CC2,12,4.33,5,Test,
replica5_4CC2_100,4CC2,12,4.33,5,Test,
replica1_4CC3_1,4CC3,12,4.14,5,Test,
replica2_4CC3_1,4CC3,12,4.14,5,Test,
replica3_4CC3_1,4CC3,12,4.14,5,Test,
replica4_4CC3_1,4CC3,12,4.14,5,Test,
replica5_4CC3_1,4CC3,12,4.14,5,Test,
replica1_4CC3_15,4CC3,12,4.14,5,Test,
replica2_4CC3_15,4CC3,12,4.14,5,Test,
replica3_4CC3_15,4CC3,12,4.14,5,Test,
replica4_4CC3_15,4CC3,12,4.14,5,Test,
replica5_4CC3_15,4CC3,12,4.14,5,Test,
replica1_4CC3_29,4CC3,12,4.14,5,Test,
replica2_4CC3_29,4CC3,12,4.14,5,Test,
replica3_4CC3_29,4CC3,12,4.14,5,Test,
replica4_4CC3_29,4CC3,12,4.14,5,Test,
replica5_4CC3_29,4CC3,12,4.14,5,Test,
replica1_4CC3_43,4CC3,12,4.14,5,Test,
replica2_4CC3_43,4CC3,12,4.14,5,Test,
replica3_4CC3_43,4CC3,12,4.14,5,Test,
replica4_4CC3_43,4CC3,12,4.14,5,Test,
replica5_4CC3_43,4CC3,12,4.14,5,Test,
replica1_4CC3_58,4CC3,12,4.14,5,Test,
replica2_4CC3_58,4CC3,12,4.14,5,Test,
replica3_4CC3_58,4CC3,12,4.14,5,Test,
replica4_4CC3_58,4CC3,12,4.14,5,Test,
replica5_4CC3_58,4CC3,12,4.14,5,Test,
replica1_4CC3_72,4CC3,12,4.14,5,Test,
replica2_4CC3_72,4CC3,12,4.14,5,Test,
replica3_4CC3_72,4CC3,12,4.14,5,Test,
replica4_4CC3_72,4CC3,12,4.14,5,Test,
replica5_4CC3_72,4CC3,12,4.14,5,Test,
replica1_4CC3_86,4CC3,12,4.14,5,Test,
replica2_4CC3_86,4CC3,12,4.14,5,Test,
replica3_4CC3_86,4CC3,12,4.14,5,Test,
replica4_4CC3_86,4CC3,12,4.14,5,Test,
replica5_4CC3_86,4CC3,12,4.14,5,Test,
replica1_4CC3_100,4CC3,12,4.14,5,Test,
replica2_4CC3_100,4CC3,12,4.14,5,Test,
replica3_4CC3_100,4CC3,12,4.14,5,Test,
replica4_4CC3_100,4CC3,12,4.14,5,Test,
replica5_4CC3_100,4CC3,12,4.14,5,Test,
replica1_4CY1_1,4CY1,15,6.74,114,Train,149
replica2_4CY1_1,4CY1,15,6.74,114,Train,149
replica3_4CY1_1,4CY1,15,6.74,114,Train,149
replica4_4CY1_1,4CY1,15,6.74,114,Train,149
replica5_4CY1_1,4CY1,15,6.74,114,Train,149
replica1_4DGB_1,4DGB,6,3.89,122,Train,150
replica2_4DGB_1,4DGB,6,3.89,122,Train,150
replica3_4DGB_1,4DGB,6,3.89,122,Train,150
replica4_4DGB_1,4DGB,6,3.89,122,Train,150
replica5_4DGB_1,4DGB,6,3.89,122,Train,150
replica1_4DGB_8,4DGB,6,3.89,122,Train,150
replica2_4DGB_8,4DGB,6,3.89,122,Train,150
replica3_4DGB_8,4DGB,6,3.89,122,Train,150
replica4_4DGB_8,4DGB,6,3.89,122,Train,150
replica5_4DGB_8,4DGB,6,3.89,122,Train,150
replica1_4DGB_14,4DGB,6,3.89,122,Train,150
replica2_4DGB_14,4DGB,6,3.89,122,Train,150
replica3_4DGB_14,4DGB,6,3.89,122,Train,150
replica4_4DGB_14,4DGB,6,3.89,122,Train,150
replica5_4DGB_14,4DGB,6,3.89,122,Train,150
replica1_4DGB_21,4DGB,6,3.89,122,Train,150
replica2_4DGB_21,4DGB,6,3.89,122,Train,150
replica3_4DGB_21,4DGB,6,3.89,122,Train,150
replica4_4DGB_21,4DGB,6,3.89,122,Train,150
replica5_4DGB_21,4DGB,6,3.89,122,Train,150
replica1_4DGB_27,4DGB,6,3.89,122,Train,150
replica2_4DGB_27,4DGB,6,3.89,122,Train,150
replica3_4DGB_27,4DGB,6,3.89,122,Train,150
replica4_4DGB_27,4DGB,6,3.89,122,Train,150
replica5_4DGB_27,4DGB,6,3.89,122,Train,150
replica1_4DGB_34,4DGB,6,3.89,122,Train,150
replica2_4DGB_34,4DGB,6,3.89,122,Train,150
replica3_4DGB_34,4DGB,6,3.89,122,Train,150
replica4_4DGB_34,4DGB,6,3.89,122,Train,150
replica5_4DGB_34,4DGB,6,3.89,122,Train,150
replica1_4DGB_41,4DGB,6,3.89,122,Train,150
replica2_4DGB_41,4DGB,6,3.89,122,Train,150
replica3_4DGB_41,4DGB,6,3.89,122,Train,150
replica4_4DGB_41,4DGB,6,3.89,122,Train,150
replica5_4DGB_41,4DGB,6,3.89,122,Train,150
replica1_4DGB_47,4DGB,6,3.89,122,Train,150
replica2_4DGB_47,4DGB,6,3.89,122,Train,150
replica3_4DGB_47,4DGB,6,3.89,122,Train,150
replica4_4DGB_47,4DGB,6,3.89,122,Train,150
replica5_4DGB_47,4DGB,6,3.89,122,Train,150
replica1_4DGB_54,4DGB,6,3.89,122,Train,150
replica2_4DGB_54,4DGB,6,3.89,122,Train,150
replica3_4DGB_54,4DGB,6,3.89,122,Train,150
replica4_4DGB_54,4DGB,6,3.89,122,Train,150
replica5_4DGB_54,4DGB,6,3.89,122,Train,150
replica1_4DGB_60,4DGB,6,3.89,122,Train,150
replica2_4DGB_60,4DGB,6,3.89,122,Train,150
replica3_4DGB_60,4DGB,6,3.89,122,Train,150
replica4_4DGB_60,4DGB,6,3.89,122,Train,150
replica5_4DGB_60,4DGB,6,3.89,122,Train,150
replica1_4DGB_67,4DGB,6,3.89,122,Train,150
replica2_4DGB_67,4DGB,6,3.89,122,Train,150
replica3_4DGB_67,4DGB,6,3.89,122,Train,150
replica4_4DGB_67,4DGB,6,3.89,122,Train,150
replica5_4DGB_67,4DGB,6,3.89,122,Train,150
replica1_4DGB_74,4DGB,6,3.89,122,Train,150
replica2_4DGB_74,4DGB,6,3.89,122,Train,150
replica3_4DGB_74,4DGB,6,3.89,122,Train,150
replica4_4DGB_74,4DGB,6,3.89,122,Train,150
replica5_4DGB_74,4DGB,6,3.89,122,Train,150
replica1_4DGB_80,4DGB,6,3.89,122,Train,150
replica2_4DGB_80,4DGB,6,3.89,122,Train,150
replica3_4DGB_80,4DGB,6,3.89,122,Train,150
replica4_4DGB_80,4DGB,6,3.89,122,Train,150
replica5_4DGB_80,4DGB,6,3.89,122,Train,150
replica1_4DGB_87,4DGB,6,3.89,122,Train,150
replica2_4DGB_87,4DGB,6,3.89,122,Train,150
replica3_4DGB_87,4DGB,6,3.89,122,Train,150
replica4_4DGB_87,4DGB,6,3.89,122,Train,150
replica5_4DGB_87,4DGB,6,3.89,122,Train,150
replica1_4DGB_93,4DGB,6,3.89,122,Train,150
replica2_4DGB_93,4DGB,6,3.89,122,Train,150
replica3_4DGB_93,4DGB,6,3.89,122,Train,150
replica4_4DGB_93,4DGB,6,3.89,122,Train,150
replica5_4DGB_93,4DGB,6,3.89,122,Train,150
replica1_4DGB_100,4DGB,6,3.89,122,Train,150
replica2_4DGB_100,4DGB,6,3.89,122,Train,150
replica3_4DGB_100,4DGB,6,3.89,122,Train,150
replica4_4DGB_100,4DGB,6,3.89,122,Train,150
replica5_4DGB_100,4DGB,6,3.89,122,Train,150
replica1_4DS1_1,4DS1,11,4.75,123,Train,151
replica2_4DS1_1,4DS1,11,4.75,123,Train,151
replica3_4DS1_1,4DS1,11,4.75,123,Train,151
replica4_4DS1_1,4DS1,11,4.75,123,Train,151
replica5_4DS1_1,4DS1,11,4.75,123,Train,151
replica1_4DS1_15,4DS1,11,4.75,123,Train,151
replica2_4DS1_15,4DS1,11,4.75,123,Train,151
replica3_4DS1_15,4DS1,11,4.75,123,Train,151
replica4_4DS1_15,4DS1,11,4.75,123,Train,151
replica5_4DS1_15,4DS1,11,4.75,123,Train,151
replica1_4DS1_29,4DS1,11,4.75,123,Train,151
replica2_4DS1_29,4DS1,11,4.75,123,Train,151
replica3_4DS1_29,4DS1,11,4.75,123,Train,151
replica4_4DS1_29,4DS1,11,4.75,123,Train,151
replica5_4DS1_29,4DS1,11,4.75,123,Train,151
replica1_4DS1_43,4DS1,11,4.75,123,Train,151
replica2_4DS1_43,4DS1,11,4.75,123,Train,151
replica3_4DS1_43,4DS1,11,4.75,123,Train,151
replica4_4DS1_43,4DS1,11,4.75,123,Train,151
replica5_4DS1_43,4DS1,11,4.75,123,Train,151
replica1_4DS1_58,4DS1,11,4.75,123,Train,151
replica2_4DS1_58,4DS1,11,4.75,123,Train,151
replica3_4DS1_58,4DS1,11,4.75,123,Train,151
replica4_4DS1_58,4DS1,11,4.75,123,Train,151
replica5_4DS1_58,4DS1,11,4.75,123,Train,151
replica1_4DS1_72,4DS1,11,4.75,123,Train,151
replica2_4DS1_72,4DS1,11,4.75,123,Train,151
replica3_4DS1_72,4DS1,11,4.75,123,Train,151
replica4_4DS1_72,4DS1,11,4.75,123,Train,151
replica5_4DS1_72,4DS1,11,4.75,123,Train,151
replica1_4DS1_86,4DS1,11,4.75,123,Train,151
replica2_4DS1_86,4DS1,11,4.75,123,Train,151
replica3_4DS1_86,4DS1,11,4.75,123,Train,151
replica4_4DS1_86,4DS1,11,4.75,123,Train,151
replica5_4DS1_86,4DS1,11,4.75,123,Train,151
replica1_4DS1_100,4DS1,11,4.75,123,Train,151
replica2_4DS1_100,4DS1,11,4.75,123,Train,151
replica3_4DS1_100,4DS1,11,4.75,123,Train,151
replica4_4DS1_100,4DS1,11,4.75,123,Train,151
replica5_4DS1_100,4DS1,11,4.75,123,Train,151
replica1_4E3B_1,4E3B,10,6.05,25,Train,152
replica2_4E3B_1,4E3B,10,6.05,25,Train,152
replica3_4E3B_1,4E3B,10,6.05,25,Train,152
replica4_4E3B_1,4E3B,10,6.05,25,Train,152
replica5_4E3B_1,4E3B,10,6.05,25,Train,152
replica1_4E3B_15,4E3B,10,6.05,25,Train,152
replica2_4E3B_15,4E3B,10,6.05,25,Train,152
replica3_4E3B_15,4E3B,10,6.05,25,Train,152
replica4_4E3B_15,4E3B,10,6.05,25,Train,152
replica5_4E3B_15,4E3B,10,6.05,25,Train,152
replica1_4E3B_29,4E3B,10,6.05,25,Train,152
replica2_4E3B_29,4E3B,10,6.05,25,Train,152
replica3_4E3B_29,4E3B,10,6.05,25,Train,152
replica4_4E3B_29,4E3B,10,6.05,25,Train,152
replica5_4E3B_29,4E3B,10,6.05,25,Train,152
replica1_4E3B_43,4E3B,10,6.05,25,Train,152
replica2_4E3B_43,4E3B,10,6.05,25,Train,152
replica3_4E3B_43,4E3B,10,6.05,25,Train,152
replica4_4E3B_43,4E3B,10,6.05,25,Train,152
replica5_4E3B_43,4E3B,10,6.05,25,Train,152
replica1_4E3B_58,4E3B,10,6.05,25,Train,152
replica2_4E3B_58,4E3B,10,6.05,25,Train,152
replica3_4E3B_58,4E3B,10,6.05,25,Train,152
replica4_4E3B_58,4E3B,10,6.05,25,Train,152
replica5_4E3B_58,4E3B,10,6.05,25,Train,152
replica1_4E3B_72,4E3B,10,6.05,25,Train,152
replica2_4E3B_72,4E3B,10,6.05,25,Train,152
replica3_4E3B_72,4E3B,10,6.05,25,Train,152
replica4_4E3B_72,4E3B,10,6.05,25,Train,152
replica5_4E3B_72,4E3B,10,6.05,25,Train,152
replica1_4E3B_86,4E3B,10,6.05,25,Train,152
replica2_4E3B_86,4E3B,10,6.05,25,Train,152
replica3_4E3B_86,4E3B,10,6.05,25,Train,152
replica4_4E3B_86,4E3B,10,6.05,25,Train,152
replica5_4E3B_86,4E3B,10,6.05,25,Train,152
replica1_4E3B_100,4E3B,10,6.05,25,Train,152
replica2_4E3B_100,4E3B,10,6.05,25,Train,152
replica3_4E3B_100,4E3B,10,6.05,25,Train,152
replica4_4E3B_100,4E3B,10,6.05,25,Train,152
replica5_4E3B_100,4E3B,10,6.05,25,Train,152
replica1_4EOY_1,4EOY,8,6.49,83,Test,
replica2_4EOY_1,4EOY,8,6.49,83,Test,
replica3_4EOY_1,4EOY,8,6.49,83,Test,
replica4_4EOY_1,4EOY,8,6.49,83,Test,
replica5_4EOY_1,4EOY,8,6.49,83,Test,
replica1_4EOY_8,4EOY,8,6.49,83,Test,
replica2_4EOY_8,4EOY,8,6.49,83,Test,
replica3_4EOY_8,4EOY,8,6.49,83,Test,
replica4_4EOY_8,4EOY,8,6.49,83,Test,
replica5_4EOY_8,4EOY,8,6.49,83,Test,
replica1_4EOY_14,4EOY,8,6.49,83,Test,
replica2_4EOY_14,4EOY,8,6.49,83,Test,
replica3_4EOY_14,4EOY,8,6.49,83,Test,
replica4_4EOY_14,4EOY,8,6.49,83,Test,
replica5_4EOY_14,4EOY,8,6.49,83,Test,
replica1_4EOY_21,4EOY,8,6.49,83,Test,
replica2_4EOY_21,4EOY,8,6.49,83,Test,
replica3_4EOY_21,4EOY,8,6.49,83,Test,
replica4_4EOY_21,4EOY,8,6.49,83,Test,
replica5_4EOY_21,4EOY,8,6.49,83,Test,
replica1_4EOY_27,4EOY,8,6.49,83,Test,
replica2_4EOY_27,4EOY,8,6.49,83,Test,
replica3_4EOY_27,4EOY,8,6.49,83,Test,
replica4_4EOY_27,4EOY,8,6.49,83,Test,
replica5_4EOY_27,4EOY,8,6.49,83,Test,
replica1_4EOY_34,4EOY,8,6.49,83,Test,
replica2_4EOY_34,4EOY,8,6.49,83,Test,
replica3_4EOY_34,4EOY,8,6.49,83,Test,
replica4_4EOY_34,4EOY,8,6.49,83,Test,
replica5_4EOY_34,4EOY,8,6.49,83,Test,
replica1_4EOY_41,4EOY,8,6.49,83,Test,
replica2_4EOY_41,4EOY,8,6.49,83,Test,
replica3_4EOY_41,4EOY,8,6.49,83,Test,
replica4_4EOY_41,4EOY,8,6.49,83,Test,
replica5_4EOY_41,4EOY,8,6.49,83,Test,
replica1_4EOY_47,4EOY,8,6.49,83,Test,
replica2_4EOY_47,4EOY,8,6.49,83,Test,
replica3_4EOY_47,4EOY,8,6.49,83,Test,
replica4_4EOY_47,4EOY,8,6.49,83,Test,
replica5_4EOY_47,4EOY,8,6.49,83,Test,
replica1_4EOY_54,4EOY,8,6.49,83,Test,
replica2_4EOY_54,4EOY,8,6.49,83,Test,
replica3_4EOY_54,4EOY,8,6.49,83,Test,
replica4_4EOY_54,4EOY,8,6.49,83,Test,
replica5_4EOY_54,4EOY,8,6.49,83,Test,
replica1_4EOY_60,4EOY,8,6.49,83,Test,
replica2_4EOY_60,4EOY,8,6.49,83,Test,
replica3_4EOY_60,4EOY,8,6.49,83,Test,
replica4_4EOY_60,4EOY,8,6.49,83,Test,
replica5_4EOY_60,4EOY,8,6.49,83,Test,
replica1_4EOY_67,4EOY,8,6.49,83,Test,
replica2_4EOY_67,4EOY,8,6.49,83,Test,
replica3_4EOY_67,4EOY,8,6.49,83,Test,
replica4_4EOY_67,4EOY,8,6.49,83,Test,
replica5_4EOY_67,4EOY,8,6.49,83,Test,
replica1_4EOY_74,4EOY,8,6.49,83,Test,
replica2_4EOY_74,4EOY,8,6.49,83,Test,
replica3_4EOY_74,4EOY,8,6.49,83,Test,
replica4_4EOY_74,4EOY,8,6.49,83,Test,
replica5_4EOY_74,4EOY,8,6.49,83,Test,
replica1_4EOY_80,4EOY,8,6.49,83,Test,
replica2_4EOY_80,4EOY,8,6.49,83,Test,
replica3_4EOY_80,4EOY,8,6.49,83,Test,
replica4_4EOY_80,4EOY,8,6.49,83,Test,
replica5_4EOY_80,4EOY,8,6.49,83,Test,
replica1_4EOY_87,4EOY,8,6.49,83,Test,
replica2_4EOY_87,4EOY,8,6.49,83,Test,
replica3_4EOY_87,4EOY,8,6.49,83,Test,
replica4_4EOY_87,4EOY,8,6.49,83,Test,
replica5_4EOY_87,4EOY,8,6.49,83,Test,
replica1_4EOY_93,4EOY,8,6.49,83,Test,
replica2_4EOY_93,4EOY,8,6.49,83,Test,
replica3_4EOY_93,4EOY,8,6.49,83,Test,
replica4_4EOY_93,4EOY,8,6.49,83,Test,
replica5_4EOY_93,4EOY,8,6.49,83,Test,
replica1_4EOY_100,4EOY,8,6.49,83,Test,
replica2_4EOY_100,4EOY,8,6.49,83,Test,
replica3_4EOY_100,4EOY,8,6.49,83,Test,
replica4_4EOY_100,4EOY,8,6.49,83,Test,
replica5_4EOY_100,4EOY,8,6.49,83,Test,
replica1_4EP2_1,4EP2,8,5.35,124,Train,153
replica2_4EP2_1,4EP2,8,5.35,124,Train,153
replica3_4EP2_1,4EP2,8,5.35,124,Train,153
replica4_4EP2_1,4EP2,8,5.35,124,Train,153
replica5_4EP2_1,4EP2,8,5.35,124,Train,153
replica1_4EP2_51,4EP2,8,5.35,124,Train,153
replica2_4EP2_51,4EP2,8,5.35,124,Train,153
replica3_4EP2_51,4EP2,8,5.35,124,Train,153
replica4_4EP2_51,4EP2,8,5.35,124,Train,153
replica5_4EP2_51,4EP2,8,5.35,124,Train,153
replica1_4EP2_100,4EP2,8,5.35,124,Train,153
replica2_4EP2_100,4EP2,8,5.35,124,Train,153
replica3_4EP2_100,4EP2,8,5.35,124,Train,153
replica4_4EP2_100,4EP2,8,5.35,124,Train,153
replica5_4EP2_100,4EP2,8,5.35,124,Train,153
replica1_4EQJ_1,4EQJ,8,5.6,124,Train,153
replica2_4EQJ_1,4EQJ,8,5.6,124,Train,153
replica3_4EQJ_1,4EQJ,8,5.6,124,Train,153
replica4_4EQJ_1,4EQJ,8,5.6,124,Train,153
replica5_4EQJ_1,4EQJ,8,5.6,124,Train,153
replica1_4EQJ_51,4EQJ,8,5.6,124,Train,153
replica2_4EQJ_51,4EQJ,8,5.6,124,Train,153
replica3_4EQJ_51,4EQJ,8,5.6,124,Train,153
replica4_4EQJ_51,4EQJ,8,5.6,124,Train,153
replica5_4EQJ_51,4EQJ,8,5.6,124,Train,153
replica1_4EQJ_100,4EQJ,8,5.6,124,Train,153
replica2_4EQJ_100,4EQJ,8,5.6,124,Train,153
replica3_4EQJ_100,4EQJ,8,5.6,124,Train,153
replica4_4EQJ_100,4EQJ,8,5.6,124,Train,153
replica5_4EQJ_100,4EQJ,8,5.6,124,Train,153
replica1_4ERQ_1,4ERQ,14,7.12,114,Train,137
replica2_4ERQ_1,4ERQ,14,7.12,114,Train,137
replica3_4ERQ_1,4ERQ,14,7.12,114,Train,137
replica4_4ERQ_1,4ERQ,14,7.12,114,Train,137
replica5_4ERQ_1,4ERQ,14,7.12,114,Train,137
replica1_4ERY_1,4ERY,14,7.27,114,Train,137
replica2_4ERY_1,4ERY,14,7.27,114,Train,137
replica3_4ERY_1,4ERY,14,7.27,114,Train,137
replica4_4ERY_1,4ERY,14,7.27,114,Train,137
replica5_4ERY_1,4ERY,14,7.27,114,Train,137
replica1_4ERZ_1,4ERZ,14,7.06,114,Train,139
replica2_4ERZ_1,4ERZ,14,7.06,114,Train,139
replica3_4ERZ_1,4ERZ,14,7.06,114,Train,139
replica4_4ERZ_1,4ERZ,14,7.06,114,Train,139
replica5_4ERZ_1,4ERZ,14,7.06,114,Train,139
replica1_4EWR_1,4EWR,14,6.27,114,Train,137
replica2_4EWR_1,4EWR,14,6.27,114,Train,137
replica3_4EWR_1,4EWR,14,6.27,114,Train,137
replica4_4EWR_1,4EWR,14,6.27,114,Train,137
replica5_4EWR_1,4EWR,14,6.27,114,Train,137
replica1_4EZQ_1,4EZQ,9,5.2,125,Test,
replica2_4EZQ_1,4EZQ,9,5.2,125,Test,
replica3_4EZQ_1,4EZQ,9,5.2,125,Test,
replica4_4EZQ_1,4EZQ,9,5.2,125,Test,
replica5_4EZQ_1,4EZQ,9,5.2,125,Test,
replica1_4EZQ_51,4EZQ,9,5.2,125,Test,
replica2_4EZQ_51,4EZQ,9,5.2,125,Test,
replica3_4EZQ_51,4EZQ,9,5.2,125,Test,
replica4_4EZQ_51,4EZQ,9,5.2,125,Test,
replica5_4EZQ_51,4EZQ,9,5.2,125,Test,
replica1_4EZQ_100,4EZQ,9,5.2,125,Test,
replica2_4EZQ_100,4EZQ,9,5.2,125,Test,
replica3_4EZQ_100,4EZQ,9,5.2,125,Test,
replica4_4EZQ_100,4EZQ,9,5.2,125,Test,
replica5_4EZQ_100,4EZQ,9,5.2,125,Test,
replica1_4EZR_1,4EZR,8,5.2,125,Test,
replica2_4EZR_1,4EZR,8,5.2,125,Test,
replica3_4EZR_1,4EZR,8,5.2,125,Test,
replica4_4EZR_1,4EZR,8,5.2,125,Test,
replica5_4EZR_1,4EZR,8,5.2,125,Test,
replica1_4EZR_51,4EZR,8,5.2,125,Test,
replica2_4EZR_51,4EZR,8,5.2,125,Test,
replica3_4EZR_51,4EZR,8,5.2,125,Test,
replica4_4EZR_51,4EZR,8,5.2,125,Test,
replica5_4EZR_51,4EZR,8,5.2,125,Test,
replica1_4EZR_100,4EZR,8,5.2,125,Test,
replica2_4EZR_100,4EZR,8,5.2,125,Test,
replica3_4EZR_100,4EZR,8,5.2,125,Test,
replica4_4EZR_100,4EZR,8,5.2,125,Test,
replica5_4EZR_100,4EZR,8,5.2,125,Test,
replica1_4EZW_1,4EZW,7,6,125,Test,
replica2_4EZW_1,4EZW,7,6,125,Test,
replica3_4EZW_1,4EZW,7,6,125,Test,
replica4_4EZW_1,4EZW,7,6,125,Test,
replica5_4EZW_1,4EZW,7,6,125,Test,
replica1_4EZW_51,4EZW,7,6,125,Test,
replica2_4EZW_51,4EZW,7,6,125,Test,
replica3_4EZW_51,4EZW,7,6,125,Test,
replica4_4EZW_51,4EZW,7,6,125,Test,
replica5_4EZW_51,4EZW,7,6,125,Test,
replica1_4EZW_100,4EZW,7,6,125,Test,
replica2_4EZW_100,4EZW,7,6,125,Test,
replica3_4EZW_100,4EZW,7,6,125,Test,
replica4_4EZW_100,4EZW,7,6,125,Test,
replica5_4EZW_100,4EZW,7,6,125,Test,
replica1_4EZY_1,4EZY,7,5.65,125,Test,
replica2_4EZY_1,4EZY,7,5.65,125,Test,
replica3_4EZY_1,4EZY,7,5.65,125,Test,
replica4_4EZY_1,4EZY,7,5.65,125,Test,
replica5_4EZY_1,4EZY,7,5.65,125,Test,
replica1_4EZY_51,4EZY,7,5.65,125,Test,
replica2_4EZY_51,4EZY,7,5.65,125,Test,
replica3_4EZY_51,4EZY,7,5.65,125,Test,
replica4_4EZY_51,4EZY,7,5.65,125,Test,
replica5_4EZY_51,4EZY,7,5.65,125,Test,
replica1_4EZY_100,4EZY,7,5.65,125,Test,
replica2_4EZY_100,4EZY,7,5.65,125,Test,
replica3_4EZY_100,4EZY,7,5.65,125,Test,
replica4_4EZY_100,4EZY,7,5.65,125,Test,
replica5_4EZY_100,4EZY,7,5.65,125,Test,
replica1_4EZZ_1,4EZZ,7,5.19,125,Test,
replica2_4EZZ_1,4EZZ,7,5.19,125,Test,
replica3_4EZZ_1,4EZZ,7,5.19,125,Test,
replica4_4EZZ_1,4EZZ,7,5.19,125,Test,
replica5_4EZZ_1,4EZZ,7,5.19,125,Test,
replica1_4EZZ_51,4EZZ,7,5.19,125,Test,
replica2_4EZZ_51,4EZZ,7,5.19,125,Test,
replica3_4EZZ_51,4EZZ,7,5.19,125,Test,
replica4_4EZZ_51,4EZZ,7,5.19,125,Test,
replica5_4EZZ_51,4EZZ,7,5.19,125,Test,
replica1_4EZZ_100,4EZZ,7,5.19,125,Test,
replica2_4EZZ_100,4EZZ,7,5.19,125,Test,
replica3_4EZZ_100,4EZZ,7,5.19,125,Test,
replica4_4EZZ_100,4EZZ,7,5.19,125,Test,
replica5_4EZZ_100,4EZZ,7,5.19,125,Test,
replica1_4F20_1,4F20,13,3.29,126,Train,154
replica2_4F20_1,4F20,13,3.29,126,Train,154
replica3_4F20_1,4F20,13,3.29,126,Train,154
replica4_4F20_1,4F20,13,3.29,126,Train,154
replica5_4F20_1,4F20,13,3.29,126,Train,154
replica1_4F20_8,4F20,13,3.29,126,Train,154
replica2_4F20_8,4F20,13,3.29,126,Train,154
replica3_4F20_8,4F20,13,3.29,126,Train,154
replica4_4F20_8,4F20,13,3.29,126,Train,154
replica5_4F20_8,4F20,13,3.29,126,Train,154
replica1_4F20_14,4F20,13,3.29,126,Train,154
replica2_4F20_14,4F20,13,3.29,126,Train,154
replica3_4F20_14,4F20,13,3.29,126,Train,154
replica4_4F20_14,4F20,13,3.29,126,Train,154
replica5_4F20_14,4F20,13,3.29,126,Train,154
replica1_4F20_21,4F20,13,3.29,126,Train,154
replica2_4F20_21,4F20,13,3.29,126,Train,154
replica3_4F20_21,4F20,13,3.29,126,Train,154
replica5_4F20_21,4F20,13,3.29,126,Train,154
replica1_4F20_27,4F20,13,3.29,126,Train,154
replica2_4F20_27,4F20,13,3.29,126,Train,154
replica3_4F20_27,4F20,13,3.29,126,Train,154
replica4_4F20_27,4F20,13,3.29,126,Train,154
replica5_4F20_27,4F20,13,3.29,126,Train,154
replica1_4F20_34,4F20,13,3.29,126,Train,154
replica2_4F20_34,4F20,13,3.29,126,Train,154
replica3_4F20_34,4F20,13,3.29,126,Train,154
replica4_4F20_34,4F20,13,3.29,126,Train,154
replica5_4F20_34,4F20,13,3.29,126,Train,154
replica1_4F20_41,4F20,13,3.29,126,Train,154
replica2_4F20_41,4F20,13,3.29,126,Train,154
replica3_4F20_41,4F20,13,3.29,126,Train,154
replica4_4F20_41,4F20,13,3.29,126,Train,154
replica5_4F20_41,4F20,13,3.29,126,Train,154
replica1_4F20_47,4F20,13,3.29,126,Train,154
replica2_4F20_47,4F20,13,3.29,126,Train,154
replica3_4F20_47,4F20,13,3.29,126,Train,154
replica4_4F20_47,4F20,13,3.29,126,Train,154
replica1_4F20_54,4F20,13,3.29,126,Train,154
replica2_4F20_54,4F20,13,3.29,126,Train,154
replica3_4F20_54,4F20,13,3.29,126,Train,154
replica4_4F20_54,4F20,13,3.29,126,Train,154
replica5_4F20_54,4F20,13,3.29,126,Train,154
replica1_4F20_60,4F20,13,3.29,126,Train,154
replica2_4F20_60,4F20,13,3.29,126,Train,154
replica3_4F20_60,4F20,13,3.29,126,Train,154
replica4_4F20_60,4F20,13,3.29,126,Train,154
replica5_4F20_60,4F20,13,3.29,126,Train,154
replica1_4F20_67,4F20,13,3.29,126,Train,154
replica2_4F20_67,4F20,13,3.29,126,Train,154
replica3_4F20_67,4F20,13,3.29,126,Train,154
replica4_4F20_67,4F20,13,3.29,126,Train,154
replica5_4F20_67,4F20,13,3.29,126,Train,154
replica1_4F20_74,4F20,13,3.29,126,Train,154
replica2_4F20_74,4F20,13,3.29,126,Train,154
replica3_4F20_74,4F20,13,3.29,126,Train,154
replica4_4F20_74,4F20,13,3.29,126,Train,154
replica5_4F20_74,4F20,13,3.29,126,Train,154
replica1_4F20_80,4F20,13,3.29,126,Train,154
replica2_4F20_80,4F20,13,3.29,126,Train,154
replica3_4F20_80,4F20,13,3.29,126,Train,154
replica4_4F20_80,4F20,13,3.29,126,Train,154
replica5_4F20_80,4F20,13,3.29,126,Train,154
replica1_4F20_87,4F20,13,3.29,126,Train,154
replica2_4F20_87,4F20,13,3.29,126,Train,154
replica3_4F20_87,4F20,13,3.29,126,Train,154
replica4_4F20_87,4F20,13,3.29,126,Train,154
replica5_4F20_87,4F20,13,3.29,126,Train,154
replica1_4F20_93,4F20,13,3.29,126,Train,154
replica2_4F20_93,4F20,13,3.29,126,Train,154
replica3_4F20_93,4F20,13,3.29,126,Train,154
replica4_4F20_93,4F20,13,3.29,126,Train,154
replica5_4F20_93,4F20,13,3.29,126,Train,154
replica1_4F20_100,4F20,13,3.29,126,Train,154
replica2_4F20_100,4F20,13,3.29,126,Train,154
replica3_4F20_100,4F20,13,3.29,126,Train,154
replica4_4F20_100,4F20,13,3.29,126,Train,154
replica5_4F20_100,4F20,13,3.29,126,Train,154
replica1_4FYS_1,4FYS,6,4.82,127,Train,155
replica2_4FYS_1,4FYS,6,4.82,127,Train,155
replica3_4FYS_1,4FYS,6,4.82,127,Train,155
replica4_4FYS_1,4FYS,6,4.82,127,Train,155
replica5_4FYS_1,4FYS,6,4.82,127,Train,155
replica1_4FYS_8,4FYS,6,4.82,127,Train,155
replica2_4FYS_8,4FYS,6,4.82,127,Train,155
replica3_4FYS_8,4FYS,6,4.82,127,Train,155
replica4_4FYS_8,4FYS,6,4.82,127,Train,155
replica5_4FYS_8,4FYS,6,4.82,127,Train,155
replica1_4FYS_14,4FYS,6,4.82,127,Train,155
replica2_4FYS_14,4FYS,6,4.82,127,Train,155
replica3_4FYS_14,4FYS,6,4.82,127,Train,155
replica4_4FYS_14,4FYS,6,4.82,127,Train,155
replica5_4FYS_14,4FYS,6,4.82,127,Train,155
replica1_4FYS_21,4FYS,6,4.82,127,Train,155
replica2_4FYS_21,4FYS,6,4.82,127,Train,155
replica3_4FYS_21,4FYS,6,4.82,127,Train,155
replica4_4FYS_21,4FYS,6,4.82,127,Train,155
replica5_4FYS_21,4FYS,6,4.82,127,Train,155
replica1_4FYS_27,4FYS,6,4.82,127,Train,155
replica2_4FYS_27,4FYS,6,4.82,127,Train,155
replica3_4FYS_27,4FYS,6,4.82,127,Train,155
replica4_4FYS_27,4FYS,6,4.82,127,Train,155
replica5_4FYS_27,4FYS,6,4.82,127,Train,155
replica1_4FYS_34,4FYS,6,4.82,127,Train,155
replica2_4FYS_34,4FYS,6,4.82,127,Train,155
replica3_4FYS_34,4FYS,6,4.82,127,Train,155
replica4_4FYS_34,4FYS,6,4.82,127,Train,155
replica5_4FYS_34,4FYS,6,4.82,127,Train,155
replica1_4FYS_41,4FYS,6,4.82,127,Train,155
replica2_4FYS_41,4FYS,6,4.82,127,Train,155
replica3_4FYS_41,4FYS,6,4.82,127,Train,155
replica4_4FYS_41,4FYS,6,4.82,127,Train,155
replica5_4FYS_41,4FYS,6,4.82,127,Train,155
replica1_4FYS_47,4FYS,6,4.82,127,Train,155
replica2_4FYS_47,4FYS,6,4.82,127,Train,155
replica3_4FYS_47,4FYS,6,4.82,127,Train,155
replica4_4FYS_47,4FYS,6,4.82,127,Train,155
replica5_4FYS_47,4FYS,6,4.82,127,Train,155
replica1_4FYS_54,4FYS,6,4.82,127,Train,155
replica2_4FYS_54,4FYS,6,4.82,127,Train,155
replica3_4FYS_54,4FYS,6,4.82,127,Train,155
replica4_4FYS_54,4FYS,6,4.82,127,Train,155
replica5_4FYS_54,4FYS,6,4.82,127,Train,155
replica1_4FYS_60,4FYS,6,4.82,127,Train,155
replica2_4FYS_60,4FYS,6,4.82,127,Train,155
replica3_4FYS_60,4FYS,6,4.82,127,Train,155
replica4_4FYS_60,4FYS,6,4.82,127,Train,155
replica5_4FYS_60,4FYS,6,4.82,127,Train,155
replica1_4FYS_67,4FYS,6,4.82,127,Train,155
replica2_4FYS_67,4FYS,6,4.82,127,Train,155
replica3_4FYS_67,4FYS,6,4.82,127,Train,155
replica4_4FYS_67,4FYS,6,4.82,127,Train,155
replica5_4FYS_67,4FYS,6,4.82,127,Train,155
replica1_4FYS_74,4FYS,6,4.82,127,Train,155
replica2_4FYS_74,4FYS,6,4.82,127,Train,155
replica3_4FYS_74,4FYS,6,4.82,127,Train,155
replica4_4FYS_74,4FYS,6,4.82,127,Train,155
replica5_4FYS_74,4FYS,6,4.82,127,Train,155
replica1_4FYS_80,4FYS,6,4.82,127,Train,155
replica2_4FYS_80,4FYS,6,4.82,127,Train,155
replica3_4FYS_80,4FYS,6,4.82,127,Train,155
replica4_4FYS_80,4FYS,6,4.82,127,Train,155
replica5_4FYS_80,4FYS,6,4.82,127,Train,155
replica1_4FYS_87,4FYS,6,4.82,127,Train,155
replica2_4FYS_87,4FYS,6,4.82,127,Train,155
replica3_4FYS_87,4FYS,6,4.82,127,Train,155
replica4_4FYS_87,4FYS,6,4.82,127,Train,155
replica5_4FYS_87,4FYS,6,4.82,127,Train,155
replica1_4FYS_93,4FYS,6,4.82,127,Train,155
replica2_4FYS_93,4FYS,6,4.82,127,Train,155
replica3_4FYS_93,4FYS,6,4.82,127,Train,155
replica4_4FYS_93,4FYS,6,4.82,127,Train,155
replica5_4FYS_93,4FYS,6,4.82,127,Train,155
replica1_4FYS_100,4FYS,6,4.82,127,Train,155
replica2_4FYS_100,4FYS,6,4.82,127,Train,155
replica3_4FYS_100,4FYS,6,4.82,127,Train,155
replica4_4FYS_100,4FYS,6,4.82,127,Train,155
replica5_4FYS_100,4FYS,6,4.82,127,Train,155
replica1_4GNE_1,4GNE,7,2.47,128,Train,156
replica2_4GNE_1,4GNE,7,2.47,128,Train,156
replica3_4GNE_1,4GNE,7,2.47,128,Train,156
replica4_4GNE_1,4GNE,7,2.47,128,Train,156
replica5_4GNE_1,4GNE,7,2.47,128,Train,156
replica1_4GNE_8,4GNE,7,2.47,128,Train,156
replica2_4GNE_8,4GNE,7,2.47,128,Train,156
replica3_4GNE_8,4GNE,7,2.47,128,Train,156
replica4_4GNE_8,4GNE,7,2.47,128,Train,156
replica5_4GNE_8,4GNE,7,2.47,128,Train,156
replica1_4GNE_14,4GNE,7,2.47,128,Train,156
replica2_4GNE_14,4GNE,7,2.47,128,Train,156
replica3_4GNE_14,4GNE,7,2.47,128,Train,156
replica4_4GNE_14,4GNE,7,2.47,128,Train,156
replica5_4GNE_14,4GNE,7,2.47,128,Train,156
replica1_4GNE_21,4GNE,7,2.47,128,Train,156
replica2_4GNE_21,4GNE,7,2.47,128,Train,156
replica3_4GNE_21,4GNE,7,2.47,128,Train,156
replica4_4GNE_21,4GNE,7,2.47,128,Train,156
replica5_4GNE_21,4GNE,7,2.47,128,Train,156
replica1_4GNE_27,4GNE,7,2.47,128,Train,156
replica2_4GNE_27,4GNE,7,2.47,128,Train,156
replica3_4GNE_27,4GNE,7,2.47,128,Train,156
replica4_4GNE_27,4GNE,7,2.47,128,Train,156
replica5_4GNE_27,4GNE,7,2.47,128,Train,156
replica1_4GNE_34,4GNE,7,2.47,128,Train,156
replica2_4GNE_34,4GNE,7,2.47,128,Train,156
replica3_4GNE_34,4GNE,7,2.47,128,Train,156
replica4_4GNE_34,4GNE,7,2.47,128,Train,156
replica5_4GNE_34,4GNE,7,2.47,128,Train,156
replica1_4GNE_41,4GNE,7,2.47,128,Train,156
replica2_4GNE_41,4GNE,7,2.47,128,Train,156
replica3_4GNE_41,4GNE,7,2.47,128,Train,156
replica4_4GNE_41,4GNE,7,2.47,128,Train,156
replica5_4GNE_41,4GNE,7,2.47,128,Train,156
replica1_4GNE_47,4GNE,7,2.47,128,Train,156
replica2_4GNE_47,4GNE,7,2.47,128,Train,156
replica3_4GNE_47,4GNE,7,2.47,128,Train,156
replica4_4GNE_47,4GNE,7,2.47,128,Train,156
replica5_4GNE_47,4GNE,7,2.47,128,Train,156
replica1_4GNE_54,4GNE,7,2.47,128,Train,156
replica2_4GNE_54,4GNE,7,2.47,128,Train,156
replica3_4GNE_54,4GNE,7,2.47,128,Train,156
replica4_4GNE_54,4GNE,7,2.47,128,Train,156
replica5_4GNE_54,4GNE,7,2.47,128,Train,156
replica1_4GNE_60,4GNE,7,2.47,128,Train,156
replica2_4GNE_60,4GNE,7,2.47,128,Train,156
replica3_4GNE_60,4GNE,7,2.47,128,Train,156
replica4_4GNE_60,4GNE,7,2.47,128,Train,156
replica5_4GNE_60,4GNE,7,2.47,128,Train,156
replica1_4GNE_67,4GNE,7,2.47,128,Train,156
replica2_4GNE_67,4GNE,7,2.47,128,Train,156
replica3_4GNE_67,4GNE,7,2.47,128,Train,156
replica4_4GNE_67,4GNE,7,2.47,128,Train,156
replica5_4GNE_67,4GNE,7,2.47,128,Train,156
replica1_4GNE_74,4GNE,7,2.47,128,Train,156
replica2_4GNE_74,4GNE,7,2.47,128,Train,156
replica3_4GNE_74,4GNE,7,2.47,128,Train,156
replica4_4GNE_74,4GNE,7,2.47,128,Train,156
replica5_4GNE_74,4GNE,7,2.47,128,Train,156
replica1_4GNE_80,4GNE,7,2.47,128,Train,156
replica2_4GNE_80,4GNE,7,2.47,128,Train,156
replica3_4GNE_80,4GNE,7,2.47,128,Train,156
replica4_4GNE_80,4GNE,7,2.47,128,Train,156
replica5_4GNE_80,4GNE,7,2.47,128,Train,156
replica1_4GNE_87,4GNE,7,2.47,128,Train,156
replica2_4GNE_87,4GNE,7,2.47,128,Train,156
replica3_4GNE_87,4GNE,7,2.47,128,Train,156
replica4_4GNE_87,4GNE,7,2.47,128,Train,156
replica5_4GNE_87,4GNE,7,2.47,128,Train,156
replica1_4GNE_93,4GNE,7,2.47,128,Train,156
replica2_4GNE_93,4GNE,7,2.47,128,Train,156
replica3_4GNE_93,4GNE,7,2.47,128,Train,156
replica4_4GNE_93,4GNE,7,2.47,128,Train,156
replica5_4GNE_93,4GNE,7,2.47,128,Train,156
replica1_4GNE_100,4GNE,7,2.47,128,Train,156
replica2_4GNE_100,4GNE,7,2.47,128,Train,156
replica3_4GNE_100,4GNE,7,2.47,128,Train,156
replica4_4GNE_100,4GNE,7,2.47,128,Train,156
replica5_4GNE_100,4GNE,7,2.47,128,Train,156
replica1_4GQ6_1,4GQ6,12,7.28,129,Test,
replica2_4GQ6_1,4GQ6,12,7.28,129,Test,
replica3_4GQ6_1,4GQ6,12,7.28,129,Test,
replica4_4GQ6_1,4GQ6,12,7.28,129,Test,
replica5_4GQ6_1,4GQ6,12,7.28,129,Test,
replica1_4GQ6_8,4GQ6,12,7.28,129,Test,
replica2_4GQ6_8,4GQ6,12,7.28,129,Test,
replica3_4GQ6_8,4GQ6,12,7.28,129,Test,
replica4_4GQ6_8,4GQ6,12,7.28,129,Test,
replica5_4GQ6_8,4GQ6,12,7.28,129,Test,
replica1_4GQ6_14,4GQ6,12,7.28,129,Test,
replica2_4GQ6_14,4GQ6,12,7.28,129,Test,
replica3_4GQ6_14,4GQ6,12,7.28,129,Test,
replica4_4GQ6_14,4GQ6,12,7.28,129,Test,
replica5_4GQ6_14,4GQ6,12,7.28,129,Test,
replica1_4GQ6_21,4GQ6,12,7.28,129,Test,
replica2_4GQ6_21,4GQ6,12,7.28,129,Test,
replica3_4GQ6_21,4GQ6,12,7.28,129,Test,
replica4_4GQ6_21,4GQ6,12,7.28,129,Test,
replica5_4GQ6_21,4GQ6,12,7.28,129,Test,
replica1_4GQ6_27,4GQ6,12,7.28,129,Test,
replica2_4GQ6_27,4GQ6,12,7.28,129,Test,
replica3_4GQ6_27,4GQ6,12,7.28,129,Test,
replica4_4GQ6_27,4GQ6,12,7.28,129,Test,
replica5_4GQ6_27,4GQ6,12,7.28,129,Test,
replica1_4GQ6_34,4GQ6,12,7.28,129,Test,
replica2_4GQ6_34,4GQ6,12,7.28,129,Test,
replica3_4GQ6_34,4GQ6,12,7.28,129,Test,
replica4_4GQ6_34,4GQ6,12,7.28,129,Test,
replica5_4GQ6_34,4GQ6,12,7.28,129,Test,
replica1_4GQ6_41,4GQ6,12,7.28,129,Test,
replica2_4GQ6_41,4GQ6,12,7.28,129,Test,
replica3_4GQ6_41,4GQ6,12,7.28,129,Test,
replica4_4GQ6_41,4GQ6,12,7.28,129,Test,
replica5_4GQ6_41,4GQ6,12,7.28,129,Test,
replica1_4GQ6_47,4GQ6,12,7.28,129,Test,
replica2_4GQ6_47,4GQ6,12,7.28,129,Test,
replica3_4GQ6_47,4GQ6,12,7.28,129,Test,
replica4_4GQ6_47,4GQ6,12,7.28,129,Test,
replica5_4GQ6_47,4GQ6,12,7.28,129,Test,
replica1_4GQ6_54,4GQ6,12,7.28,129,Test,
replica2_4GQ6_54,4GQ6,12,7.28,129,Test,
replica3_4GQ6_54,4GQ6,12,7.28,129,Test,
replica4_4GQ6_54,4GQ6,12,7.28,129,Test,
replica5_4GQ6_54,4GQ6,12,7.28,129,Test,
replica1_4GQ6_60,4GQ6,12,7.28,129,Test,
replica2_4GQ6_60,4GQ6,12,7.28,129,Test,
replica3_4GQ6_60,4GQ6,12,7.28,129,Test,
replica4_4GQ6_60,4GQ6,12,7.28,129,Test,
replica5_4GQ6_60,4GQ6,12,7.28,129,Test,
replica1_4GQ6_67,4GQ6,12,7.28,129,Test,
replica2_4GQ6_67,4GQ6,12,7.28,129,Test,
replica3_4GQ6_67,4GQ6,12,7.28,129,Test,
replica4_4GQ6_67,4GQ6,12,7.28,129,Test,
replica5_4GQ6_67,4GQ6,12,7.28,129,Test,
replica1_4GQ6_74,4GQ6,12,7.28,129,Test,
replica2_4GQ6_74,4GQ6,12,7.28,129,Test,
replica3_4GQ6_74,4GQ6,12,7.28,129,Test,
replica4_4GQ6_74,4GQ6,12,7.28,129,Test,
replica5_4GQ6_74,4GQ6,12,7.28,129,Test,
replica1_4GQ6_80,4GQ6,12,7.28,129,Test,
replica2_4GQ6_80,4GQ6,12,7.28,129,Test,
replica3_4GQ6_80,4GQ6,12,7.28,129,Test,
replica4_4GQ6_80,4GQ6,12,7.28,129,Test,
replica5_4GQ6_80,4GQ6,12,7.28,129,Test,
replica1_4GQ6_87,4GQ6,12,7.28,129,Test,
replica2_4GQ6_87,4GQ6,12,7.28,129,Test,
replica3_4GQ6_87,4GQ6,12,7.28,129,Test,
replica4_4GQ6_87,4GQ6,12,7.28,129,Test,
replica5_4GQ6_87,4GQ6,12,7.28,129,Test,
replica1_4GQ6_93,4GQ6,12,7.28,129,Test,
replica2_4GQ6_93,4GQ6,12,7.28,129,Test,
replica3_4GQ6_93,4GQ6,12,7.28,129,Test,
replica4_4GQ6_93,4GQ6,12,7.28,129,Test,
replica5_4GQ6_93,4GQ6,12,7.28,129,Test,
replica1_4GQ6_100,4GQ6,12,7.28,129,Test,
replica2_4GQ6_100,4GQ6,12,7.28,129,Test,
replica3_4GQ6_100,4GQ6,12,7.28,129,Test,
replica4_4GQ6_100,4GQ6,12,7.28,129,Test,
replica5_4GQ6_100,4GQ6,12,7.28,129,Test,
replica1_4GW1_1,4GW1,12,6.37,130,Train,157
replica2_4GW1_1,4GW1,12,6.37,130,Train,157
replica3_4GW1_1,4GW1,12,6.37,130,Train,157
replica4_4GW1_1,4GW1,12,6.37,130,Train,157
replica5_4GW1_1,4GW1,12,6.37,130,Train,157
replica1_4GW5_1,4GW5,12,5.46,130,Train,158
replica2_4GW5_1,4GW5,12,5.46,130,Train,158
replica3_4GW5_1,4GW5,12,5.46,130,Train,158
replica4_4GW5_1,4GW5,12,5.46,130,Train,158
replica5_4GW5_1,4GW5,12,5.46,130,Train,158
replica1_4GW5_8,4GW5,12,5.46,130,Train,158
replica2_4GW5_8,4GW5,12,5.46,130,Train,158
replica3_4GW5_8,4GW5,12,5.46,130,Train,158
replica4_4GW5_8,4GW5,12,5.46,130,Train,158
replica5_4GW5_8,4GW5,12,5.46,130,Train,158
replica1_4GW5_14,4GW5,12,5.46,130,Train,158
replica2_4GW5_14,4GW5,12,5.46,130,Train,158
replica3_4GW5_14,4GW5,12,5.46,130,Train,158
replica4_4GW5_14,4GW5,12,5.46,130,Train,158
replica5_4GW5_14,4GW5,12,5.46,130,Train,158
replica1_4GW5_21,4GW5,12,5.46,130,Train,158
replica2_4GW5_21,4GW5,12,5.46,130,Train,158
replica3_4GW5_21,4GW5,12,5.46,130,Train,158
replica4_4GW5_21,4GW5,12,5.46,130,Train,158
replica5_4GW5_21,4GW5,12,5.46,130,Train,158
replica1_4GW5_27,4GW5,12,5.46,130,Train,158
replica2_4GW5_27,4GW5,12,5.46,130,Train,158
replica3_4GW5_27,4GW5,12,5.46,130,Train,158
replica4_4GW5_27,4GW5,12,5.46,130,Train,158
replica5_4GW5_27,4GW5,12,5.46,130,Train,158
replica1_4GW5_34,4GW5,12,5.46,130,Train,158
replica2_4GW5_34,4GW5,12,5.46,130,Train,158
replica3_4GW5_34,4GW5,12,5.46,130,Train,158
replica4_4GW5_34,4GW5,12,5.46,130,Train,158
replica5_4GW5_34,4GW5,12,5.46,130,Train,158
replica1_4GW5_41,4GW5,12,5.46,130,Train,158
replica2_4GW5_41,4GW5,12,5.46,130,Train,158
replica3_4GW5_41,4GW5,12,5.46,130,Train,158
replica4_4GW5_41,4GW5,12,5.46,130,Train,158
replica5_4GW5_41,4GW5,12,5.46,130,Train,158
replica1_4GW5_47,4GW5,12,5.46,130,Train,158
replica2_4GW5_47,4GW5,12,5.46,130,Train,158
replica3_4GW5_47,4GW5,12,5.46,130,Train,158
replica4_4GW5_47,4GW5,12,5.46,130,Train,158
replica5_4GW5_47,4GW5,12,5.46,130,Train,158
replica1_4GW5_54,4GW5,12,5.46,130,Train,158
replica2_4GW5_54,4GW5,12,5.46,130,Train,158
replica3_4GW5_54,4GW5,12,5.46,130,Train,158
replica4_4GW5_54,4GW5,12,5.46,130,Train,158
replica5_4GW5_54,4GW5,12,5.46,130,Train,158
replica1_4GW5_60,4GW5,12,5.46,130,Train,158
replica2_4GW5_60,4GW5,12,5.46,130,Train,158
replica3_4GW5_60,4GW5,12,5.46,130,Train,158
replica4_4GW5_60,4GW5,12,5.46,130,Train,158
replica5_4GW5_60,4GW5,12,5.46,130,Train,158
replica1_4GW5_67,4GW5,12,5.46,130,Train,158
replica2_4GW5_67,4GW5,12,5.46,130,Train,158
replica3_4GW5_67,4GW5,12,5.46,130,Train,158
replica4_4GW5_67,4GW5,12,5.46,130,Train,158
replica5_4GW5_67,4GW5,12,5.46,130,Train,158
replica1_4GW5_74,4GW5,12,5.46,130,Train,158
replica2_4GW5_74,4GW5,12,5.46,130,Train,158
replica3_4GW5_74,4GW5,12,5.46,130,Train,158
replica4_4GW5_74,4GW5,12,5.46,130,Train,158
replica5_4GW5_74,4GW5,12,5.46,130,Train,158
replica1_4GW5_80,4GW5,12,5.46,130,Train,158
replica2_4GW5_80,4GW5,12,5.46,130,Train,158
replica3_4GW5_80,4GW5,12,5.46,130,Train,158
replica4_4GW5_80,4GW5,12,5.46,130,Train,158
replica5_4GW5_80,4GW5,12,5.46,130,Train,158
replica1_4GW5_87,4GW5,12,5.46,130,Train,158
replica2_4GW5_87,4GW5,12,5.46,130,Train,158
replica3_4GW5_87,4GW5,12,5.46,130,Train,158
replica4_4GW5_87,4GW5,12,5.46,130,Train,158
replica5_4GW5_87,4GW5,12,5.46,130,Train,158
replica1_4GW5_93,4GW5,12,5.46,130,Train,158
replica2_4GW5_93,4GW5,12,5.46,130,Train,158
replica3_4GW5_93,4GW5,12,5.46,130,Train,158
replica4_4GW5_93,4GW5,12,5.46,130,Train,158
replica5_4GW5_93,4GW5,12,5.46,130,Train,158
replica1_4GW5_100,4GW5,12,5.46,130,Train,158
replica2_4GW5_100,4GW5,12,5.46,130,Train,158
replica3_4GW5_100,4GW5,12,5.46,130,Train,158
replica4_4GW5_100,4GW5,12,5.46,130,Train,158
replica5_4GW5_100,4GW5,12,5.46,130,Train,158
replica1_4H3Q_1,4H3Q,13,5.1,74,Train,159
replica2_4H3Q_1,4H3Q,13,5.1,74,Train,159
replica3_4H3Q_1,4H3Q,13,5.1,74,Train,159
replica4_4H3Q_1,4H3Q,13,5.1,74,Train,159
replica5_4H3Q_1,4H3Q,13,5.1,74,Train,159
replica1_4H3Q_8,4H3Q,13,5.1,74,Train,159
replica2_4H3Q_8,4H3Q,13,5.1,74,Train,159
replica3_4H3Q_8,4H3Q,13,5.1,74,Train,159
replica4_4H3Q_8,4H3Q,13,5.1,74,Train,159
replica5_4H3Q_8,4H3Q,13,5.1,74,Train,159
replica1_4H3Q_14,4H3Q,13,5.1,74,Train,159
replica2_4H3Q_14,4H3Q,13,5.1,74,Train,159
replica3_4H3Q_14,4H3Q,13,5.1,74,Train,159
replica4_4H3Q_14,4H3Q,13,5.1,74,Train,159
replica5_4H3Q_14,4H3Q,13,5.1,74,Train,159
replica1_4H3Q_21,4H3Q,13,5.1,74,Train,159
replica2_4H3Q_21,4H3Q,13,5.1,74,Train,159
replica3_4H3Q_21,4H3Q,13,5.1,74,Train,159
replica4_4H3Q_21,4H3Q,13,5.1,74,Train,159
replica5_4H3Q_21,4H3Q,13,5.1,74,Train,159
replica1_4H3Q_27,4H3Q,13,5.1,74,Train,159
replica2_4H3Q_27,4H3Q,13,5.1,74,Train,159
replica3_4H3Q_27,4H3Q,13,5.1,74,Train,159
replica4_4H3Q_27,4H3Q,13,5.1,74,Train,159
replica5_4H3Q_27,4H3Q,13,5.1,74,Train,159
replica1_4H3Q_34,4H3Q,13,5.1,74,Train,159
replica2_4H3Q_34,4H3Q,13,5.1,74,Train,159
replica3_4H3Q_34,4H3Q,13,5.1,74,Train,159
replica4_4H3Q_34,4H3Q,13,5.1,74,Train,159
replica5_4H3Q_34,4H3Q,13,5.1,74,Train,159
replica1_4H3Q_41,4H3Q,13,5.1,74,Train,159
replica2_4H3Q_41,4H3Q,13,5.1,74,Train,159
replica3_4H3Q_41,4H3Q,13,5.1,74,Train,159
replica4_4H3Q_41,4H3Q,13,5.1,74,Train,159
replica5_4H3Q_41,4H3Q,13,5.1,74,Train,159
replica1_4H3Q_47,4H3Q,13,5.1,74,Train,159
replica2_4H3Q_47,4H3Q,13,5.1,74,Train,159
replica3_4H3Q_47,4H3Q,13,5.1,74,Train,159
replica4_4H3Q_47,4H3Q,13,5.1,74,Train,159
replica5_4H3Q_47,4H3Q,13,5.1,74,Train,159
replica1_4H3Q_54,4H3Q,13,5.1,74,Train,159
replica2_4H3Q_54,4H3Q,13,5.1,74,Train,159
replica3_4H3Q_54,4H3Q,13,5.1,74,Train,159
replica4_4H3Q_54,4H3Q,13,5.1,74,Train,159
replica5_4H3Q_54,4H3Q,13,5.1,74,Train,159
replica1_4H3Q_60,4H3Q,13,5.1,74,Train,159
replica2_4H3Q_60,4H3Q,13,5.1,74,Train,159
replica3_4H3Q_60,4H3Q,13,5.1,74,Train,159
replica4_4H3Q_60,4H3Q,13,5.1,74,Train,159
replica5_4H3Q_60,4H3Q,13,5.1,74,Train,159
replica1_4H3Q_67,4H3Q,13,5.1,74,Train,159
replica2_4H3Q_67,4H3Q,13,5.1,74,Train,159
replica3_4H3Q_67,4H3Q,13,5.1,74,Train,159
replica4_4H3Q_67,4H3Q,13,5.1,74,Train,159
replica5_4H3Q_67,4H3Q,13,5.1,74,Train,159
replica1_4H3Q_74,4H3Q,13,5.1,74,Train,159
replica2_4H3Q_74,4H3Q,13,5.1,74,Train,159
replica3_4H3Q_74,4H3Q,13,5.1,74,Train,159
replica4_4H3Q_74,4H3Q,13,5.1,74,Train,159
replica5_4H3Q_74,4H3Q,13,5.1,74,Train,159
replica1_4H3Q_80,4H3Q,13,5.1,74,Train,159
replica2_4H3Q_80,4H3Q,13,5.1,74,Train,159
replica3_4H3Q_80,4H3Q,13,5.1,74,Train,159
replica4_4H3Q_80,4H3Q,13,5.1,74,Train,159
replica5_4H3Q_80,4H3Q,13,5.1,74,Train,159
replica1_4H3Q_87,4H3Q,13,5.1,74,Train,159
replica2_4H3Q_87,4H3Q,13,5.1,74,Train,159
replica3_4H3Q_87,4H3Q,13,5.1,74,Train,159
replica4_4H3Q_87,4H3Q,13,5.1,74,Train,159
replica5_4H3Q_87,4H3Q,13,5.1,74,Train,159
replica1_4H3Q_93,4H3Q,13,5.1,74,Train,159
replica2_4H3Q_93,4H3Q,13,5.1,74,Train,159
replica3_4H3Q_93,4H3Q,13,5.1,74,Train,159
replica4_4H3Q_93,4H3Q,13,5.1,74,Train,159
replica5_4H3Q_93,4H3Q,13,5.1,74,Train,159
replica1_4H3Q_100,4H3Q,13,5.1,74,Train,159
replica2_4H3Q_100,4H3Q,13,5.1,74,Train,159
replica3_4H3Q_100,4H3Q,13,5.1,74,Train,159
replica4_4H3Q_100,4H3Q,13,5.1,74,Train,159
replica5_4H3Q_100,4H3Q,13,5.1,74,Train,159
replica1_4HFZ_1,4HFZ,15,5.72,77,Train,81
replica2_4HFZ_1,4HFZ,15,5.72,77,Train,81
replica3_4HFZ_1,4HFZ,15,5.72,77,Train,81
replica4_4HFZ_1,4HFZ,15,5.72,77,Train,81
replica5_4HFZ_1,4HFZ,15,5.72,77,Train,81
replica1_4HFZ_26,4HFZ,15,5.72,77,Train,81
replica2_4HFZ_26,4HFZ,15,5.72,77,Train,81
replica3_4HFZ_26,4HFZ,15,5.72,77,Train,81
replica4_4HFZ_26,4HFZ,15,5.72,77,Train,81
replica5_4HFZ_26,4HFZ,15,5.72,77,Train,81
replica1_4HFZ_51,4HFZ,15,5.72,77,Train,81
replica2_4HFZ_51,4HFZ,15,5.72,77,Train,81
replica3_4HFZ_51,4HFZ,15,5.72,77,Train,81
replica4_4HFZ_51,4HFZ,15,5.72,77,Train,81
replica5_4HFZ_51,4HFZ,15,5.72,77,Train,81
replica1_4HFZ_75,4HFZ,15,5.72,77,Train,81
replica2_4HFZ_75,4HFZ,15,5.72,77,Train,81
replica3_4HFZ_75,4HFZ,15,5.72,77,Train,81
replica4_4HFZ_75,4HFZ,15,5.72,77,Train,81
replica5_4HFZ_75,4HFZ,15,5.72,77,Train,81
replica1_4HFZ_100,4HFZ,15,5.72,77,Train,81
replica2_4HFZ_100,4HFZ,15,5.72,77,Train,81
replica3_4HFZ_100,4HFZ,15,5.72,77,Train,81
replica4_4HFZ_100,4HFZ,15,5.72,77,Train,81
replica5_4HFZ_100,4HFZ,15,5.72,77,Train,81
replica1_4HT6_1,4HT6,11,6.21,88,Train,160
replica2_4HT6_1,4HT6,11,6.21,88,Train,160
replica3_4HT6_1,4HT6,11,6.21,88,Train,160
replica4_4HT6_1,4HT6,11,6.21,88,Train,160
replica5_4HT6_1,4HT6,11,6.21,88,Train,160
replica1_4HT6_15,4HT6,11,6.21,88,Train,160
replica2_4HT6_15,4HT6,11,6.21,88,Train,160
replica3_4HT6_15,4HT6,11,6.21,88,Train,160
replica4_4HT6_15,4HT6,11,6.21,88,Train,160
replica5_4HT6_15,4HT6,11,6.21,88,Train,160
replica1_4HT6_29,4HT6,11,6.21,88,Train,160
replica2_4HT6_29,4HT6,11,6.21,88,Train,160
replica3_4HT6_29,4HT6,11,6.21,88,Train,160
replica4_4HT6_29,4HT6,11,6.21,88,Train,160
replica5_4HT6_29,4HT6,11,6.21,88,Train,160
replica1_4HT6_43,4HT6,11,6.21,88,Train,160
replica2_4HT6_43,4HT6,11,6.21,88,Train,160
replica3_4HT6_43,4HT6,11,6.21,88,Train,160
replica4_4HT6_43,4HT6,11,6.21,88,Train,160
replica5_4HT6_43,4HT6,11,6.21,88,Train,160
replica1_4HT6_58,4HT6,11,6.21,88,Train,160
replica2_4HT6_58,4HT6,11,6.21,88,Train,160
replica3_4HT6_58,4HT6,11,6.21,88,Train,160
replica4_4HT6_58,4HT6,11,6.21,88,Train,160
replica5_4HT6_58,4HT6,11,6.21,88,Train,160
replica1_4HT6_72,4HT6,11,6.21,88,Train,160
replica2_4HT6_72,4HT6,11,6.21,88,Train,160
replica3_4HT6_72,4HT6,11,6.21,88,Train,160
replica4_4HT6_72,4HT6,11,6.21,88,Train,160
replica5_4HT6_72,4HT6,11,6.21,88,Train,160
replica1_4HT6_86,4HT6,11,6.21,88,Train,160
replica2_4HT6_86,4HT6,11,6.21,88,Train,160
replica3_4HT6_86,4HT6,11,6.21,88,Train,160
replica4_4HT6_86,4HT6,11,6.21,88,Train,160
replica5_4HT6_86,4HT6,11,6.21,88,Train,160
replica1_4HT6_100,4HT6,11,6.21,88,Train,160
replica2_4HT6_100,4HT6,11,6.21,88,Train,160
replica3_4HT6_100,4HT6,11,6.21,88,Train,160
replica4_4HT6_100,4HT6,11,6.21,88,Train,160
replica5_4HT6_100,4HT6,11,6.21,88,Train,160
replica1_4HTP_1,4HTP,11,5.62,131,Test,
replica2_4HTP_1,4HTP,11,5.62,131,Test,
replica3_4HTP_1,4HTP,11,5.62,131,Test,
replica4_4HTP_1,4HTP,11,5.62,131,Test,
replica5_4HTP_1,4HTP,11,5.62,131,Test,
replica1_4HTP_8,4HTP,11,5.62,131,Test,
replica2_4HTP_8,4HTP,11,5.62,131,Test,
replica3_4HTP_8,4HTP,11,5.62,131,Test,
replica4_4HTP_8,4HTP,11,5.62,131,Test,
replica5_4HTP_8,4HTP,11,5.62,131,Test,
replica1_4HTP_14,4HTP,11,5.62,131,Test,
replica2_4HTP_14,4HTP,11,5.62,131,Test,
replica3_4HTP_14,4HTP,11,5.62,131,Test,
replica4_4HTP_14,4HTP,11,5.62,131,Test,
replica5_4HTP_14,4HTP,11,5.62,131,Test,
replica1_4HTP_21,4HTP,11,5.62,131,Test,
replica2_4HTP_21,4HTP,11,5.62,131,Test,
replica3_4HTP_21,4HTP,11,5.62,131,Test,
replica4_4HTP_21,4HTP,11,5.62,131,Test,
replica5_4HTP_21,4HTP,11,5.62,131,Test,
replica1_4HTP_27,4HTP,11,5.62,131,Test,
replica2_4HTP_27,4HTP,11,5.62,131,Test,
replica3_4HTP_27,4HTP,11,5.62,131,Test,
replica4_4HTP_27,4HTP,11,5.62,131,Test,
replica5_4HTP_27,4HTP,11,5.62,131,Test,
replica1_4HTP_34,4HTP,11,5.62,131,Test,
replica2_4HTP_34,4HTP,11,5.62,131,Test,
replica3_4HTP_34,4HTP,11,5.62,131,Test,
replica4_4HTP_34,4HTP,11,5.62,131,Test,
replica5_4HTP_34,4HTP,11,5.62,131,Test,
replica1_4HTP_41,4HTP,11,5.62,131,Test,
replica2_4HTP_41,4HTP,11,5.62,131,Test,
replica3_4HTP_41,4HTP,11,5.62,131,Test,
replica4_4HTP_41,4HTP,11,5.62,131,Test,
replica5_4HTP_41,4HTP,11,5.62,131,Test,
replica1_4HTP_47,4HTP,11,5.62,131,Test,
replica2_4HTP_47,4HTP,11,5.62,131,Test,
replica3_4HTP_47,4HTP,11,5.62,131,Test,
replica4_4HTP_47,4HTP,11,5.62,131,Test,
replica5_4HTP_47,4HTP,11,5.62,131,Test,
replica1_4HTP_54,4HTP,11,5.62,131,Test,
replica2_4HTP_54,4HTP,11,5.62,131,Test,
replica3_4HTP_54,4HTP,11,5.62,131,Test,
replica4_4HTP_54,4HTP,11,5.62,131,Test,
replica5_4HTP_54,4HTP,11,5.62,131,Test,
replica1_4HTP_60,4HTP,11,5.62,131,Test,
replica2_4HTP_60,4HTP,11,5.62,131,Test,
replica3_4HTP_60,4HTP,11,5.62,131,Test,
replica4_4HTP_60,4HTP,11,5.62,131,Test,
replica5_4HTP_60,4HTP,11,5.62,131,Test,
replica1_4HTP_67,4HTP,11,5.62,131,Test,
replica2_4HTP_67,4HTP,11,5.62,131,Test,
replica3_4HTP_67,4HTP,11,5.62,131,Test,
replica4_4HTP_67,4HTP,11,5.62,131,Test,
replica5_4HTP_67,4HTP,11,5.62,131,Test,
replica1_4HTP_74,4HTP,11,5.62,131,Test,
replica2_4HTP_74,4HTP,11,5.62,131,Test,
replica3_4HTP_74,4HTP,11,5.62,131,Test,
replica4_4HTP_74,4HTP,11,5.62,131,Test,
replica5_4HTP_74,4HTP,11,5.62,131,Test,
replica1_4HTP_80,4HTP,11,5.62,131,Test,
replica2_4HTP_80,4HTP,11,5.62,131,Test,
replica3_4HTP_80,4HTP,11,5.62,131,Test,
replica4_4HTP_80,4HTP,11,5.62,131,Test,
replica5_4HTP_80,4HTP,11,5.62,131,Test,
replica1_4HTP_87,4HTP,11,5.62,131,Test,
replica2_4HTP_87,4HTP,11,5.62,131,Test,
replica3_4HTP_87,4HTP,11,5.62,131,Test,
replica4_4HTP_87,4HTP,11,5.62,131,Test,
replica5_4HTP_87,4HTP,11,5.62,131,Test,
replica1_4HTP_93,4HTP,11,5.62,131,Test,
replica2_4HTP_93,4HTP,11,5.62,131,Test,
replica3_4HTP_93,4HTP,11,5.62,131,Test,
replica4_4HTP_93,4HTP,11,5.62,131,Test,
replica5_4HTP_93,4HTP,11,5.62,131,Test,
replica1_4HTP_100,4HTP,11,5.62,131,Test,
replica2_4HTP_100,4HTP,11,5.62,131,Test,
replica3_4HTP_100,4HTP,11,5.62,131,Test,
replica4_4HTP_100,4HTP,11,5.62,131,Test,
replica5_4HTP_100,4HTP,11,5.62,131,Test,
replica1_4I2Z_1,4I2Z,10,4.87,113,Train,161
replica2_4I2Z_1,4I2Z,10,4.87,113,Train,161
replica3_4I2Z_1,4I2Z,10,4.87,113,Train,161
replica4_4I2Z_1,4I2Z,10,4.87,113,Train,161
replica5_4I2Z_1,4I2Z,10,4.87,113,Train,161
replica1_4I2Z_8,4I2Z,10,4.87,113,Train,161
replica2_4I2Z_8,4I2Z,10,4.87,113,Train,161
replica3_4I2Z_8,4I2Z,10,4.87,113,Train,161
replica4_4I2Z_8,4I2Z,10,4.87,113,Train,161
replica5_4I2Z_8,4I2Z,10,4.87,113,Train,161
replica1_4I2Z_14,4I2Z,10,4.87,113,Train,161
replica2_4I2Z_14,4I2Z,10,4.87,113,Train,161
replica3_4I2Z_14,4I2Z,10,4.87,113,Train,161
replica4_4I2Z_14,4I2Z,10,4.87,113,Train,161
replica5_4I2Z_14,4I2Z,10,4.87,113,Train,161
replica1_4I2Z_21,4I2Z,10,4.87,113,Train,161
replica2_4I2Z_21,4I2Z,10,4.87,113,Train,161
replica3_4I2Z_21,4I2Z,10,4.87,113,Train,161
replica4_4I2Z_21,4I2Z,10,4.87,113,Train,161
replica5_4I2Z_21,4I2Z,10,4.87,113,Train,161
replica1_4I2Z_27,4I2Z,10,4.87,113,Train,161
replica2_4I2Z_27,4I2Z,10,4.87,113,Train,161
replica3_4I2Z_27,4I2Z,10,4.87,113,Train,161
replica4_4I2Z_27,4I2Z,10,4.87,113,Train,161
replica5_4I2Z_27,4I2Z,10,4.87,113,Train,161
replica1_4I2Z_34,4I2Z,10,4.87,113,Train,161
replica2_4I2Z_34,4I2Z,10,4.87,113,Train,161
replica3_4I2Z_34,4I2Z,10,4.87,113,Train,161
replica4_4I2Z_34,4I2Z,10,4.87,113,Train,161
replica5_4I2Z_34,4I2Z,10,4.87,113,Train,161
replica1_4I2Z_41,4I2Z,10,4.87,113,Train,161
replica2_4I2Z_41,4I2Z,10,4.87,113,Train,161
replica3_4I2Z_41,4I2Z,10,4.87,113,Train,161
replica4_4I2Z_41,4I2Z,10,4.87,113,Train,161
replica5_4I2Z_41,4I2Z,10,4.87,113,Train,161
replica1_4I2Z_47,4I2Z,10,4.87,113,Train,161
replica2_4I2Z_47,4I2Z,10,4.87,113,Train,161
replica3_4I2Z_47,4I2Z,10,4.87,113,Train,161
replica4_4I2Z_47,4I2Z,10,4.87,113,Train,161
replica5_4I2Z_47,4I2Z,10,4.87,113,Train,161
replica1_4I2Z_54,4I2Z,10,4.87,113,Train,161
replica2_4I2Z_54,4I2Z,10,4.87,113,Train,161
replica3_4I2Z_54,4I2Z,10,4.87,113,Train,161
replica4_4I2Z_54,4I2Z,10,4.87,113,Train,161
replica5_4I2Z_54,4I2Z,10,4.87,113,Train,161
replica1_4I2Z_60,4I2Z,10,4.87,113,Train,161
replica2_4I2Z_60,4I2Z,10,4.87,113,Train,161
replica3_4I2Z_60,4I2Z,10,4.87,113,Train,161
replica4_4I2Z_60,4I2Z,10,4.87,113,Train,161
replica5_4I2Z_60,4I2Z,10,4.87,113,Train,161
replica1_4I2Z_67,4I2Z,10,4.87,113,Train,161
replica2_4I2Z_67,4I2Z,10,4.87,113,Train,161
replica3_4I2Z_67,4I2Z,10,4.87,113,Train,161
replica4_4I2Z_67,4I2Z,10,4.87,113,Train,161
replica5_4I2Z_67,4I2Z,10,4.87,113,Train,161
replica1_4I2Z_74,4I2Z,10,4.87,113,Train,161
replica2_4I2Z_74,4I2Z,10,4.87,113,Train,161
replica3_4I2Z_74,4I2Z,10,4.87,113,Train,161
replica4_4I2Z_74,4I2Z,10,4.87,113,Train,161
replica5_4I2Z_74,4I2Z,10,4.87,113,Train,161
replica1_4I2Z_80,4I2Z,10,4.87,113,Train,161
replica2_4I2Z_80,4I2Z,10,4.87,113,Train,161
replica3_4I2Z_80,4I2Z,10,4.87,113,Train,161
replica4_4I2Z_80,4I2Z,10,4.87,113,Train,161
replica5_4I2Z_80,4I2Z,10,4.87,113,Train,161
replica1_4I2Z_87,4I2Z,10,4.87,113,Train,161
replica2_4I2Z_87,4I2Z,10,4.87,113,Train,161
replica3_4I2Z_87,4I2Z,10,4.87,113,Train,161
replica4_4I2Z_87,4I2Z,10,4.87,113,Train,161
replica5_4I2Z_87,4I2Z,10,4.87,113,Train,161
replica1_4I2Z_93,4I2Z,10,4.87,113,Train,161
replica2_4I2Z_93,4I2Z,10,4.87,113,Train,161
replica3_4I2Z_93,4I2Z,10,4.87,113,Train,161
replica4_4I2Z_93,4I2Z,10,4.87,113,Train,161
replica5_4I2Z_93,4I2Z,10,4.87,113,Train,161
replica1_4I2Z_100,4I2Z,10,4.87,113,Train,161
replica2_4I2Z_100,4I2Z,10,4.87,113,Train,161
replica3_4I2Z_100,4I2Z,10,4.87,113,Train,161
replica4_4I2Z_100,4I2Z,10,4.87,113,Train,161
replica5_4I2Z_100,4I2Z,10,4.87,113,Train,161
replica1_4IB5_1,4IB5,13,6.25,132,Train,162
replica2_4IB5_1,4IB5,13,6.25,132,Train,162
replica3_4IB5_1,4IB5,13,6.25,132,Train,162
replica4_4IB5_1,4IB5,13,6.25,132,Train,162
replica5_4IB5_1,4IB5,13,6.25,132,Train,162
replica1_4IB5_8,4IB5,13,6.25,132,Train,162
replica2_4IB5_8,4IB5,13,6.25,132,Train,162
replica3_4IB5_8,4IB5,13,6.25,132,Train,162
replica4_4IB5_8,4IB5,13,6.25,132,Train,162
replica5_4IB5_8,4IB5,13,6.25,132,Train,162
replica1_4IB5_14,4IB5,13,6.25,132,Train,162
replica2_4IB5_14,4IB5,13,6.25,132,Train,162
replica3_4IB5_14,4IB5,13,6.25,132,Train,162
replica4_4IB5_14,4IB5,13,6.25,132,Train,162
replica5_4IB5_14,4IB5,13,6.25,132,Train,162
replica1_4IB5_21,4IB5,13,6.25,132,Train,162
replica2_4IB5_21,4IB5,13,6.25,132,Train,162
replica3_4IB5_21,4IB5,13,6.25,132,Train,162
replica4_4IB5_21,4IB5,13,6.25,132,Train,162
replica5_4IB5_21,4IB5,13,6.25,132,Train,162
replica1_4IB5_27,4IB5,13,6.25,132,Train,162
replica2_4IB5_27,4IB5,13,6.25,132,Train,162
replica3_4IB5_27,4IB5,13,6.25,132,Train,162
replica4_4IB5_27,4IB5,13,6.25,132,Train,162
replica5_4IB5_27,4IB5,13,6.25,132,Train,162
replica1_4IB5_34,4IB5,13,6.25,132,Train,162
replica2_4IB5_34,4IB5,13,6.25,132,Train,162
replica3_4IB5_34,4IB5,13,6.25,132,Train,162
replica4_4IB5_34,4IB5,13,6.25,132,Train,162
replica5_4IB5_34,4IB5,13,6.25,132,Train,162
replica1_4IB5_41,4IB5,13,6.25,132,Train,162
replica2_4IB5_41,4IB5,13,6.25,132,Train,162
replica3_4IB5_41,4IB5,13,6.25,132,Train,162
replica4_4IB5_41,4IB5,13,6.25,132,Train,162
replica5_4IB5_41,4IB5,13,6.25,132,Train,162
replica1_4IB5_47,4IB5,13,6.25,132,Train,162
replica2_4IB5_47,4IB5,13,6.25,132,Train,162
replica3_4IB5_47,4IB5,13,6.25,132,Train,162
replica4_4IB5_47,4IB5,13,6.25,132,Train,162
replica5_4IB5_47,4IB5,13,6.25,132,Train,162
replica1_4IB5_54,4IB5,13,6.25,132,Train,162
replica2_4IB5_54,4IB5,13,6.25,132,Train,162
replica3_4IB5_54,4IB5,13,6.25,132,Train,162
replica4_4IB5_54,4IB5,13,6.25,132,Train,162
replica5_4IB5_54,4IB5,13,6.25,132,Train,162
replica1_4IB5_60,4IB5,13,6.25,132,Train,162
replica2_4IB5_60,4IB5,13,6.25,132,Train,162
replica3_4IB5_60,4IB5,13,6.25,132,Train,162
replica4_4IB5_60,4IB5,13,6.25,132,Train,162
replica5_4IB5_60,4IB5,13,6.25,132,Train,162
replica1_4IB5_67,4IB5,13,6.25,132,Train,162
replica2_4IB5_67,4IB5,13,6.25,132,Train,162
replica3_4IB5_67,4IB5,13,6.25,132,Train,162
replica4_4IB5_67,4IB5,13,6.25,132,Train,162
replica5_4IB5_67,4IB5,13,6.25,132,Train,162
replica1_4IB5_74,4IB5,13,6.25,132,Train,162
replica2_4IB5_74,4IB5,13,6.25,132,Train,162
replica3_4IB5_74,4IB5,13,6.25,132,Train,162
replica4_4IB5_74,4IB5,13,6.25,132,Train,162
replica5_4IB5_74,4IB5,13,6.25,132,Train,162
replica1_4IB5_80,4IB5,13,6.25,132,Train,162
replica2_4IB5_80,4IB5,13,6.25,132,Train,162
replica3_4IB5_80,4IB5,13,6.25,132,Train,162
replica4_4IB5_80,4IB5,13,6.25,132,Train,162
replica5_4IB5_80,4IB5,13,6.25,132,Train,162
replica1_4IB5_87,4IB5,13,6.25,132,Train,162
replica2_4IB5_87,4IB5,13,6.25,132,Train,162
replica3_4IB5_87,4IB5,13,6.25,132,Train,162
replica4_4IB5_87,4IB5,13,6.25,132,Train,162
replica5_4IB5_87,4IB5,13,6.25,132,Train,162
replica1_4IB5_93,4IB5,13,6.25,132,Train,162
replica2_4IB5_93,4IB5,13,6.25,132,Train,162
replica3_4IB5_93,4IB5,13,6.25,132,Train,162
replica4_4IB5_93,4IB5,13,6.25,132,Train,162
replica5_4IB5_93,4IB5,13,6.25,132,Train,162
replica1_4IB5_100,4IB5,13,6.25,132,Train,162
replica2_4IB5_100,4IB5,13,6.25,132,Train,162
replica3_4IB5_100,4IB5,13,6.25,132,Train,162
replica4_4IB5_100,4IB5,13,6.25,132,Train,162
replica5_4IB5_100,4IB5,13,6.25,132,Train,162
replica1_4IHO_1,4IHO,9,5.1,12,Train,163
replica2_4IHO_1,4IHO,9,5.1,12,Train,163
replica3_4IHO_1,4IHO,9,5.1,12,Train,163
replica4_4IHO_1,4IHO,9,5.1,12,Train,163
replica5_4IHO_1,4IHO,9,5.1,12,Train,163
replica1_4IHO_15,4IHO,9,5.1,12,Train,163
replica2_4IHO_15,4IHO,9,5.1,12,Train,163
replica3_4IHO_15,4IHO,9,5.1,12,Train,163
replica4_4IHO_15,4IHO,9,5.1,12,Train,163
replica5_4IHO_15,4IHO,9,5.1,12,Train,163
replica1_4IHO_29,4IHO,9,5.1,12,Train,163
replica2_4IHO_29,4IHO,9,5.1,12,Train,163
replica3_4IHO_29,4IHO,9,5.1,12,Train,163
replica4_4IHO_29,4IHO,9,5.1,12,Train,163
replica5_4IHO_29,4IHO,9,5.1,12,Train,163
replica1_4IHO_43,4IHO,9,5.1,12,Train,163
replica2_4IHO_43,4IHO,9,5.1,12,Train,163
replica3_4IHO_43,4IHO,9,5.1,12,Train,163
replica4_4IHO_43,4IHO,9,5.1,12,Train,163
replica5_4IHO_43,4IHO,9,5.1,12,Train,163
replica1_4IHO_58,4IHO,9,5.1,12,Train,163
replica2_4IHO_58,4IHO,9,5.1,12,Train,163
replica3_4IHO_58,4IHO,9,5.1,12,Train,163
replica4_4IHO_58,4IHO,9,5.1,12,Train,163
replica5_4IHO_58,4IHO,9,5.1,12,Train,163
replica1_4IHO_72,4IHO,9,5.1,12,Train,163
replica2_4IHO_72,4IHO,9,5.1,12,Train,163
replica3_4IHO_72,4IHO,9,5.1,12,Train,163
replica4_4IHO_72,4IHO,9,5.1,12,Train,163
replica5_4IHO_72,4IHO,9,5.1,12,Train,163
replica1_4IHO_86,4IHO,9,5.1,12,Train,163
replica2_4IHO_86,4IHO,9,5.1,12,Train,163
replica3_4IHO_86,4IHO,9,5.1,12,Train,163
replica4_4IHO_86,4IHO,9,5.1,12,Train,163
replica5_4IHO_86,4IHO,9,5.1,12,Train,163
replica1_4IHO_100,4IHO,9,5.1,12,Train,163
replica2_4IHO_100,4IHO,9,5.1,12,Train,163
replica3_4IHO_100,4IHO,9,5.1,12,Train,163
replica4_4IHO_100,4IHO,9,5.1,12,Train,163
replica5_4IHO_100,4IHO,9,5.1,12,Train,163
replica1_4IKN_1,4IKN,6,4.85,93,Test,
replica2_4IKN_1,4IKN,6,4.85,93,Test,
replica3_4IKN_1,4IKN,6,4.85,93,Test,
replica4_4IKN_1,4IKN,6,4.85,93,Test,
replica5_4IKN_1,4IKN,6,4.85,93,Test,
replica1_4IKN_8,4IKN,6,4.85,93,Test,
replica2_4IKN_8,4IKN,6,4.85,93,Test,
replica3_4IKN_8,4IKN,6,4.85,93,Test,
replica4_4IKN_8,4IKN,6,4.85,93,Test,
replica5_4IKN_8,4IKN,6,4.85,93,Test,
replica1_4IKN_14,4IKN,6,4.85,93,Test,
replica2_4IKN_14,4IKN,6,4.85,93,Test,
replica3_4IKN_14,4IKN,6,4.85,93,Test,
replica4_4IKN_14,4IKN,6,4.85,93,Test,
replica5_4IKN_14,4IKN,6,4.85,93,Test,
replica1_4IKN_21,4IKN,6,4.85,93,Test,
replica2_4IKN_21,4IKN,6,4.85,93,Test,
replica3_4IKN_21,4IKN,6,4.85,93,Test,
replica4_4IKN_21,4IKN,6,4.85,93,Test,
replica5_4IKN_21,4IKN,6,4.85,93,Test,
replica1_4IKN_27,4IKN,6,4.85,93,Test,
replica2_4IKN_27,4IKN,6,4.85,93,Test,
replica3_4IKN_27,4IKN,6,4.85,93,Test,
replica4_4IKN_27,4IKN,6,4.85,93,Test,
replica5_4IKN_27,4IKN,6,4.85,93,Test,
replica1_4IKN_34,4IKN,6,4.85,93,Test,
replica2_4IKN_34,4IKN,6,4.85,93,Test,
replica3_4IKN_34,4IKN,6,4.85,93,Test,
replica4_4IKN_34,4IKN,6,4.85,93,Test,
replica5_4IKN_34,4IKN,6,4.85,93,Test,
replica1_4IKN_41,4IKN,6,4.85,93,Test,
replica2_4IKN_41,4IKN,6,4.85,93,Test,
replica3_4IKN_41,4IKN,6,4.85,93,Test,
replica4_4IKN_41,4IKN,6,4.85,93,Test,
replica5_4IKN_41,4IKN,6,4.85,93,Test,
replica1_4IKN_47,4IKN,6,4.85,93,Test,
replica2_4IKN_47,4IKN,6,4.85,93,Test,
replica3_4IKN_47,4IKN,6,4.85,93,Test,
replica4_4IKN_47,4IKN,6,4.85,93,Test,
replica5_4IKN_47,4IKN,6,4.85,93,Test,
replica1_4IKN_54,4IKN,6,4.85,93,Test,
replica2_4IKN_54,4IKN,6,4.85,93,Test,
replica3_4IKN_54,4IKN,6,4.85,93,Test,
replica4_4IKN_54,4IKN,6,4.85,93,Test,
replica5_4IKN_54,4IKN,6,4.85,93,Test,
replica1_4IKN_60,4IKN,6,4.85,93,Test,
replica2_4IKN_60,4IKN,6,4.85,93,Test,
replica3_4IKN_60,4IKN,6,4.85,93,Test,
replica4_4IKN_60,4IKN,6,4.85,93,Test,
replica5_4IKN_60,4IKN,6,4.85,93,Test,
replica1_4IKN_67,4IKN,6,4.85,93,Test,
replica2_4IKN_67,4IKN,6,4.85,93,Test,
replica3_4IKN_67,4IKN,6,4.85,93,Test,
replica4_4IKN_67,4IKN,6,4.85,93,Test,
replica5_4IKN_67,4IKN,6,4.85,93,Test,
replica1_4IKN_74,4IKN,6,4.85,93,Test,
replica2_4IKN_74,4IKN,6,4.85,93,Test,
replica3_4IKN_74,4IKN,6,4.85,93,Test,
replica4_4IKN_74,4IKN,6,4.85,93,Test,
replica5_4IKN_74,4IKN,6,4.85,93,Test,
replica1_4IKN_80,4IKN,6,4.85,93,Test,
replica2_4IKN_80,4IKN,6,4.85,93,Test,
replica3_4IKN_80,4IKN,6,4.85,93,Test,
replica4_4IKN_80,4IKN,6,4.85,93,Test,
replica5_4IKN_80,4IKN,6,4.85,93,Test,
replica1_4IKN_87,4IKN,6,4.85,93,Test,
replica2_4IKN_87,4IKN,6,4.85,93,Test,
replica3_4IKN_87,4IKN,6,4.85,93,Test,
replica4_4IKN_87,4IKN,6,4.85,93,Test,
replica5_4IKN_87,4IKN,6,4.85,93,Test,
replica1_4IKN_93,4IKN,6,4.85,93,Test,
replica2_4IKN_93,4IKN,6,4.85,93,Test,
replica3_4IKN_93,4IKN,6,4.85,93,Test,
replica4_4IKN_93,4IKN,6,4.85,93,Test,
replica5_4IKN_93,4IKN,6,4.85,93,Test,
replica1_4IKN_100,4IKN,6,4.85,93,Test,
replica2_4IKN_100,4IKN,6,4.85,93,Test,
replica3_4IKN_100,4IKN,6,4.85,93,Test,
replica4_4IKN_100,4IKN,6,4.85,93,Test,
replica5_4IKN_100,4IKN,6,4.85,93,Test,
replica1_4IN9_1,4IN9,4,4.85,133,Train,164
replica2_4IN9_1,4IN9,4,4.85,133,Train,164
replica3_4IN9_1,4IN9,4,4.85,133,Train,164
replica4_4IN9_1,4IN9,4,4.85,133,Train,164
replica5_4IN9_1,4IN9,4,4.85,133,Train,164
replica1_4IN9_8,4IN9,4,4.85,133,Train,164
replica2_4IN9_8,4IN9,4,4.85,133,Train,164
replica3_4IN9_8,4IN9,4,4.85,133,Train,164
replica4_4IN9_8,4IN9,4,4.85,133,Train,164
replica5_4IN9_8,4IN9,4,4.85,133,Train,164
replica1_4IN9_14,4IN9,4,4.85,133,Train,164
replica2_4IN9_14,4IN9,4,4.85,133,Train,164
replica3_4IN9_14,4IN9,4,4.85,133,Train,164
replica4_4IN9_14,4IN9,4,4.85,133,Train,164
replica5_4IN9_14,4IN9,4,4.85,133,Train,164
replica1_4IN9_21,4IN9,4,4.85,133,Train,164
replica2_4IN9_21,4IN9,4,4.85,133,Train,164
replica3_4IN9_21,4IN9,4,4.85,133,Train,164
replica4_4IN9_21,4IN9,4,4.85,133,Train,164
replica5_4IN9_21,4IN9,4,4.85,133,Train,164
replica1_4IN9_27,4IN9,4,4.85,133,Train,164
replica2_4IN9_27,4IN9,4,4.85,133,Train,164
replica3_4IN9_27,4IN9,4,4.85,133,Train,164
replica4_4IN9_27,4IN9,4,4.85,133,Train,164
replica5_4IN9_27,4IN9,4,4.85,133,Train,164
replica1_4IN9_34,4IN9,4,4.85,133,Train,164
replica2_4IN9_34,4IN9,4,4.85,133,Train,164
replica3_4IN9_34,4IN9,4,4.85,133,Train,164
replica4_4IN9_34,4IN9,4,4.85,133,Train,164
replica5_4IN9_34,4IN9,4,4.85,133,Train,164
replica1_4IN9_41,4IN9,4,4.85,133,Train,164
replica2_4IN9_41,4IN9,4,4.85,133,Train,164
replica3_4IN9_41,4IN9,4,4.85,133,Train,164
replica4_4IN9_41,4IN9,4,4.85,133,Train,164
replica5_4IN9_41,4IN9,4,4.85,133,Train,164
replica1_4IN9_47,4IN9,4,4.85,133,Train,164
replica2_4IN9_47,4IN9,4,4.85,133,Train,164
replica3_4IN9_47,4IN9,4,4.85,133,Train,164
replica4_4IN9_47,4IN9,4,4.85,133,Train,164
replica5_4IN9_47,4IN9,4,4.85,133,Train,164
replica1_4IN9_54,4IN9,4,4.85,133,Train,164
replica2_4IN9_54,4IN9,4,4.85,133,Train,164
replica3_4IN9_54,4IN9,4,4.85,133,Train,164
replica4_4IN9_54,4IN9,4,4.85,133,Train,164
replica5_4IN9_54,4IN9,4,4.85,133,Train,164
replica1_4IN9_60,4IN9,4,4.85,133,Train,164
replica2_4IN9_60,4IN9,4,4.85,133,Train,164
replica3_4IN9_60,4IN9,4,4.85,133,Train,164
replica4_4IN9_60,4IN9,4,4.85,133,Train,164
replica5_4IN9_60,4IN9,4,4.85,133,Train,164
replica1_4IN9_67,4IN9,4,4.85,133,Train,164
replica2_4IN9_67,4IN9,4,4.85,133,Train,164
replica3_4IN9_67,4IN9,4,4.85,133,Train,164
replica4_4IN9_67,4IN9,4,4.85,133,Train,164
replica5_4IN9_67,4IN9,4,4.85,133,Train,164
replica1_4IN9_74,4IN9,4,4.85,133,Train,164
replica2_4IN9_74,4IN9,4,4.85,133,Train,164
replica3_4IN9_74,4IN9,4,4.85,133,Train,164
replica4_4IN9_74,4IN9,4,4.85,133,Train,164
replica5_4IN9_74,4IN9,4,4.85,133,Train,164
replica1_4IN9_80,4IN9,4,4.85,133,Train,164
replica2_4IN9_80,4IN9,4,4.85,133,Train,164
replica3_4IN9_80,4IN9,4,4.85,133,Train,164
replica4_4IN9_80,4IN9,4,4.85,133,Train,164
replica5_4IN9_80,4IN9,4,4.85,133,Train,164
replica1_4IN9_87,4IN9,4,4.85,133,Train,164
replica2_4IN9_87,4IN9,4,4.85,133,Train,164
replica3_4IN9_87,4IN9,4,4.85,133,Train,164
replica4_4IN9_87,4IN9,4,4.85,133,Train,164
replica5_4IN9_87,4IN9,4,4.85,133,Train,164
replica1_4IN9_93,4IN9,4,4.85,133,Train,164
replica2_4IN9_93,4IN9,4,4.85,133,Train,164
replica3_4IN9_93,4IN9,4,4.85,133,Train,164
replica4_4IN9_93,4IN9,4,4.85,133,Train,164
replica5_4IN9_93,4IN9,4,4.85,133,Train,164
replica1_4IN9_100,4IN9,4,4.85,133,Train,164
replica2_4IN9_100,4IN9,4,4.85,133,Train,164
replica3_4IN9_100,4IN9,4,4.85,133,Train,164
replica4_4IN9_100,4IN9,4,4.85,133,Train,164
replica5_4IN9_100,4IN9,4,4.85,133,Train,164
replica1_4J09_1,4J09,6,4.77,134,Train,165
replica2_4J09_1,4J09,6,4.77,134,Train,165
replica3_4J09_1,4J09,6,4.77,134,Train,165
replica4_4J09_1,4J09,6,4.77,134,Train,165
replica5_4J09_1,4J09,6,4.77,134,Train,165
replica1_4J09_8,4J09,6,4.77,134,Train,165
replica2_4J09_8,4J09,6,4.77,134,Train,165
replica3_4J09_8,4J09,6,4.77,134,Train,165
replica4_4J09_8,4J09,6,4.77,134,Train,165
replica5_4J09_8,4J09,6,4.77,134,Train,165
replica1_4J09_14,4J09,6,4.77,134,Train,165
replica2_4J09_14,4J09,6,4.77,134,Train,165
replica3_4J09_14,4J09,6,4.77,134,Train,165
replica4_4J09_14,4J09,6,4.77,134,Train,165
replica5_4J09_14,4J09,6,4.77,134,Train,165
replica1_4J09_21,4J09,6,4.77,134,Train,165
replica2_4J09_21,4J09,6,4.77,134,Train,165
replica3_4J09_21,4J09,6,4.77,134,Train,165
replica4_4J09_21,4J09,6,4.77,134,Train,165
replica5_4J09_21,4J09,6,4.77,134,Train,165
replica1_4J09_27,4J09,6,4.77,134,Train,165
replica2_4J09_27,4J09,6,4.77,134,Train,165
replica3_4J09_27,4J09,6,4.77,134,Train,165
replica4_4J09_27,4J09,6,4.77,134,Train,165
replica5_4J09_27,4J09,6,4.77,134,Train,165
replica1_4J09_34,4J09,6,4.77,134,Train,165
replica2_4J09_34,4J09,6,4.77,134,Train,165
replica3_4J09_34,4J09,6,4.77,134,Train,165
replica4_4J09_34,4J09,6,4.77,134,Train,165
replica5_4J09_34,4J09,6,4.77,134,Train,165
replica1_4J09_41,4J09,6,4.77,134,Train,165
replica2_4J09_41,4J09,6,4.77,134,Train,165
replica3_4J09_41,4J09,6,4.77,134,Train,165
replica4_4J09_41,4J09,6,4.77,134,Train,165
replica5_4J09_41,4J09,6,4.77,134,Train,165
replica1_4J09_47,4J09,6,4.77,134,Train,165
replica2_4J09_47,4J09,6,4.77,134,Train,165
replica3_4J09_47,4J09,6,4.77,134,Train,165
replica4_4J09_47,4J09,6,4.77,134,Train,165
replica5_4J09_47,4J09,6,4.77,134,Train,165
replica1_4J09_54,4J09,6,4.77,134,Train,165
replica2_4J09_54,4J09,6,4.77,134,Train,165
replica3_4J09_54,4J09,6,4.77,134,Train,165
replica4_4J09_54,4J09,6,4.77,134,Train,165
replica5_4J09_54,4J09,6,4.77,134,Train,165
replica1_4J09_60,4J09,6,4.77,134,Train,165
replica2_4J09_60,4J09,6,4.77,134,Train,165
replica3_4J09_60,4J09,6,4.77,134,Train,165
replica4_4J09_60,4J09,6,4.77,134,Train,165
replica5_4J09_60,4J09,6,4.77,134,Train,165
replica1_4J09_67,4J09,6,4.77,134,Train,165
replica2_4J09_67,4J09,6,4.77,134,Train,165
replica3_4J09_67,4J09,6,4.77,134,Train,165
replica4_4J09_67,4J09,6,4.77,134,Train,165
replica5_4J09_67,4J09,6,4.77,134,Train,165
replica1_4J09_74,4J09,6,4.77,134,Train,165
replica2_4J09_74,4J09,6,4.77,134,Train,165
replica3_4J09_74,4J09,6,4.77,134,Train,165
replica4_4J09_74,4J09,6,4.77,134,Train,165
replica5_4J09_74,4J09,6,4.77,134,Train,165
replica1_4J09_80,4J09,6,4.77,134,Train,165
replica2_4J09_80,4J09,6,4.77,134,Train,165
replica3_4J09_80,4J09,6,4.77,134,Train,165
replica4_4J09_80,4J09,6,4.77,134,Train,165
replica5_4J09_80,4J09,6,4.77,134,Train,165
replica1_4J09_87,4J09,6,4.77,134,Train,165
replica2_4J09_87,4J09,6,4.77,134,Train,165
replica3_4J09_87,4J09,6,4.77,134,Train,165
replica4_4J09_87,4J09,6,4.77,134,Train,165
replica5_4J09_87,4J09,6,4.77,134,Train,165
replica1_4J09_93,4J09,6,4.77,134,Train,165
replica2_4J09_93,4J09,6,4.77,134,Train,165
replica3_4J09_93,4J09,6,4.77,134,Train,165
replica4_4J09_93,4J09,6,4.77,134,Train,165
replica5_4J09_93,4J09,6,4.77,134,Train,165
replica1_4J09_100,4J09,6,4.77,134,Train,165
replica2_4J09_100,4J09,6,4.77,134,Train,165
replica3_4J09_100,4J09,6,4.77,134,Train,165
replica4_4J09_100,4J09,6,4.77,134,Train,165
replica5_4J09_100,4J09,6,4.77,134,Train,165
replica1_4J26_1,4J26,12,5.44,14,Train,166
replica2_4J26_1,4J26,12,5.44,14,Train,166
replica3_4J26_1,4J26,12,5.44,14,Train,166
replica4_4J26_1,4J26,12,5.44,14,Train,166
replica5_4J26_1,4J26,12,5.44,14,Train,166
replica1_4J26_8,4J26,12,5.44,14,Train,166
replica2_4J26_8,4J26,12,5.44,14,Train,166
replica3_4J26_8,4J26,12,5.44,14,Train,166
replica4_4J26_8,4J26,12,5.44,14,Train,166
replica5_4J26_8,4J26,12,5.44,14,Train,166
replica1_4J26_14,4J26,12,5.44,14,Train,166
replica2_4J26_14,4J26,12,5.44,14,Train,166
replica3_4J26_14,4J26,12,5.44,14,Train,166
replica4_4J26_14,4J26,12,5.44,14,Train,166
replica5_4J26_14,4J26,12,5.44,14,Train,166
replica1_4J26_21,4J26,12,5.44,14,Train,166
replica2_4J26_21,4J26,12,5.44,14,Train,166
replica3_4J26_21,4J26,12,5.44,14,Train,166
replica4_4J26_21,4J26,12,5.44,14,Train,166
replica5_4J26_21,4J26,12,5.44,14,Train,166
replica1_4J26_27,4J26,12,5.44,14,Train,166
replica2_4J26_27,4J26,12,5.44,14,Train,166
replica3_4J26_27,4J26,12,5.44,14,Train,166
replica4_4J26_27,4J26,12,5.44,14,Train,166
replica5_4J26_27,4J26,12,5.44,14,Train,166
replica1_4J26_34,4J26,12,5.44,14,Train,166
replica2_4J26_34,4J26,12,5.44,14,Train,166
replica3_4J26_34,4J26,12,5.44,14,Train,166
replica4_4J26_34,4J26,12,5.44,14,Train,166
replica5_4J26_34,4J26,12,5.44,14,Train,166
replica1_4J26_41,4J26,12,5.44,14,Train,166
replica2_4J26_41,4J26,12,5.44,14,Train,166
replica3_4J26_41,4J26,12,5.44,14,Train,166
replica4_4J26_41,4J26,12,5.44,14,Train,166
replica5_4J26_41,4J26,12,5.44,14,Train,166
replica1_4J26_47,4J26,12,5.44,14,Train,166
replica2_4J26_47,4J26,12,5.44,14,Train,166
replica3_4J26_47,4J26,12,5.44,14,Train,166
replica4_4J26_47,4J26,12,5.44,14,Train,166
replica5_4J26_47,4J26,12,5.44,14,Train,166
replica1_4J26_54,4J26,12,5.44,14,Train,166
replica2_4J26_54,4J26,12,5.44,14,Train,166
replica3_4J26_54,4J26,12,5.44,14,Train,166
replica4_4J26_54,4J26,12,5.44,14,Train,166
replica5_4J26_54,4J26,12,5.44,14,Train,166
replica1_4J26_60,4J26,12,5.44,14,Train,166
replica2_4J26_60,4J26,12,5.44,14,Train,166
replica3_4J26_60,4J26,12,5.44,14,Train,166
replica4_4J26_60,4J26,12,5.44,14,Train,166
replica5_4J26_60,4J26,12,5.44,14,Train,166
replica1_4J26_67,4J26,12,5.44,14,Train,166
replica2_4J26_67,4J26,12,5.44,14,Train,166
replica3_4J26_67,4J26,12,5.44,14,Train,166
replica4_4J26_67,4J26,12,5.44,14,Train,166
replica5_4J26_67,4J26,12,5.44,14,Train,166
replica1_4J26_74,4J26,12,5.44,14,Train,166
replica2_4J26_74,4J26,12,5.44,14,Train,166
replica3_4J26_74,4J26,12,5.44,14,Train,166
replica4_4J26_74,4J26,12,5.44,14,Train,166
replica5_4J26_74,4J26,12,5.44,14,Train,166
replica1_4J26_80,4J26,12,5.44,14,Train,166
replica2_4J26_80,4J26,12,5.44,14,Train,166
replica3_4J26_80,4J26,12,5.44,14,Train,166
replica4_4J26_80,4J26,12,5.44,14,Train,166
replica5_4J26_80,4J26,12,5.44,14,Train,166
replica1_4J26_87,4J26,12,5.44,14,Train,166
replica2_4J26_87,4J26,12,5.44,14,Train,166
replica3_4J26_87,4J26,12,5.44,14,Train,166
replica4_4J26_87,4J26,12,5.44,14,Train,166
replica5_4J26_87,4J26,12,5.44,14,Train,166
replica1_4J26_93,4J26,12,5.44,14,Train,166
replica2_4J26_93,4J26,12,5.44,14,Train,166
replica3_4J26_93,4J26,12,5.44,14,Train,166
replica4_4J26_93,4J26,12,5.44,14,Train,166
replica5_4J26_93,4J26,12,5.44,14,Train,166
replica1_4J26_100,4J26,12,5.44,14,Train,166
replica2_4J26_100,4J26,12,5.44,14,Train,166
replica3_4J26_100,4J26,12,5.44,14,Train,166
replica4_4J26_100,4J26,12,5.44,14,Train,166
replica5_4J26_100,4J26,12,5.44,14,Train,166
replica1_4J44_1,4J44,4,5.73,135,Train,167
replica2_4J44_1,4J44,4,5.73,135,Train,167
replica3_4J44_1,4J44,4,5.73,135,Train,167
replica4_4J44_1,4J44,4,5.73,135,Train,167
replica5_4J44_1,4J44,4,5.73,135,Train,167
replica1_4J44_34,4J44,4,5.73,135,Train,167
replica2_4J44_34,4J44,4,5.73,135,Train,167
replica3_4J44_34,4J44,4,5.73,135,Train,167
replica4_4J44_34,4J44,4,5.73,135,Train,167
replica5_4J44_34,4J44,4,5.73,135,Train,167
replica1_4J44_67,4J44,4,5.73,135,Train,167
replica2_4J44_67,4J44,4,5.73,135,Train,167
replica3_4J44_67,4J44,4,5.73,135,Train,167
replica4_4J44_67,4J44,4,5.73,135,Train,167
replica5_4J44_67,4J44,4,5.73,135,Train,167
replica1_4J44_100,4J44,4,5.73,135,Train,167
replica2_4J44_100,4J44,4,5.73,135,Train,167
replica3_4J44_100,4J44,4,5.73,135,Train,167
replica4_4J44_100,4J44,4,5.73,135,Train,167
replica5_4J44_100,4J44,4,5.73,135,Train,167
replica1_4J45_1,4J45,4,5.77,135,Train,167
replica2_4J45_1,4J45,4,5.77,135,Train,167
replica3_4J45_1,4J45,4,5.77,135,Train,167
replica4_4J45_1,4J45,4,5.77,135,Train,167
replica5_4J45_1,4J45,4,5.77,135,Train,167
replica1_4J45_34,4J45,4,5.77,135,Train,167
replica2_4J45_34,4J45,4,5.77,135,Train,167
replica3_4J45_34,4J45,4,5.77,135,Train,167
replica4_4J45_34,4J45,4,5.77,135,Train,167
replica5_4J45_34,4J45,4,5.77,135,Train,167
replica1_4J45_67,4J45,4,5.77,135,Train,167
replica2_4J45_67,4J45,4,5.77,135,Train,167
replica3_4J45_67,4J45,4,5.77,135,Train,167
replica4_4J45_67,4J45,4,5.77,135,Train,167
replica5_4J45_67,4J45,4,5.77,135,Train,167
replica1_4J45_100,4J45,4,5.77,135,Train,167
replica2_4J45_100,4J45,4,5.77,135,Train,167
replica3_4J45_100,4J45,4,5.77,135,Train,167
replica4_4J45_100,4J45,4,5.77,135,Train,167
replica5_4J45_100,4J45,4,5.77,135,Train,167
replica1_4J46_1,4J46,4,5.28,135,Train,168
replica2_4J46_1,4J46,4,5.28,135,Train,168
replica3_4J46_1,4J46,4,5.28,135,Train,168
replica4_4J46_1,4J46,4,5.28,135,Train,168
replica5_4J46_1,4J46,4,5.28,135,Train,168
replica1_4J46_34,4J46,4,5.28,135,Train,168
replica2_4J46_34,4J46,4,5.28,135,Train,168
replica3_4J46_34,4J46,4,5.28,135,Train,168
replica4_4J46_34,4J46,4,5.28,135,Train,168
replica5_4J46_34,4J46,4,5.28,135,Train,168
replica1_4J46_67,4J46,4,5.28,135,Train,168
replica2_4J46_67,4J46,4,5.28,135,Train,168
replica3_4J46_67,4J46,4,5.28,135,Train,168
replica4_4J46_67,4J46,4,5.28,135,Train,168
replica5_4J46_67,4J46,4,5.28,135,Train,168
replica1_4J46_100,4J46,4,5.28,135,Train,168
replica2_4J46_100,4J46,4,5.28,135,Train,168
replica3_4J46_100,4J46,4,5.28,135,Train,168
replica4_4J46_100,4J46,4,5.28,135,Train,168
replica5_4J46_100,4J46,4,5.28,135,Train,168
replica1_4J47_1,4J47,4,4.92,135,Train,168
replica2_4J47_1,4J47,4,4.92,135,Train,168
replica3_4J47_1,4J47,4,4.92,135,Train,168
replica4_4J47_1,4J47,4,4.92,135,Train,168
replica5_4J47_1,4J47,4,4.92,135,Train,168
replica1_4J47_34,4J47,4,4.92,135,Train,168
replica2_4J47_34,4J47,4,4.92,135,Train,168
replica3_4J47_34,4J47,4,4.92,135,Train,168
replica4_4J47_34,4J47,4,4.92,135,Train,168
replica5_4J47_34,4J47,4,4.92,135,Train,168
replica1_4J47_67,4J47,4,4.92,135,Train,168
replica2_4J47_67,4J47,4,4.92,135,Train,168
replica3_4J47_67,4J47,4,4.92,135,Train,168
replica4_4J47_67,4J47,4,4.92,135,Train,168
replica5_4J47_67,4J47,4,4.92,135,Train,168
replica1_4J47_100,4J47,4,4.92,135,Train,168
replica2_4J47_100,4J47,4,4.92,135,Train,168
replica3_4J47_100,4J47,4,4.92,135,Train,168
replica4_4J47_100,4J47,4,4.92,135,Train,168
replica5_4J47_100,4J47,4,4.92,135,Train,168
replica1_4J73_1,4J73,7,4.56,76,Train,169
replica2_4J73_1,4J73,7,4.56,76,Train,169
replica3_4J73_1,4J73,7,4.56,76,Train,169
replica4_4J73_1,4J73,7,4.56,76,Train,169
replica5_4J73_1,4J73,7,4.56,76,Train,169
replica1_4J73_100,4J73,7,4.56,76,Train,169
replica2_4J73_100,4J73,7,4.56,76,Train,169
replica3_4J73_100,4J73,7,4.56,76,Train,169
replica4_4J73_100,4J73,7,4.56,76,Train,169
replica5_4J73_100,4J73,7,4.56,76,Train,169
replica1_4J77_1,4J77,6,5.47,76,Train,170
replica2_4J77_1,4J77,6,5.47,76,Train,170
replica3_4J77_1,4J77,6,5.47,76,Train,170
replica4_4J77_1,4J77,6,5.47,76,Train,170
replica5_4J77_1,4J77,6,5.47,76,Train,170
replica1_4J77_100,4J77,6,5.47,76,Train,170
replica2_4J77_100,4J77,6,5.47,76,Train,170
replica3_4J77_100,4J77,6,5.47,76,Train,170
replica4_4J77_100,4J77,6,5.47,76,Train,170
replica5_4J77_100,4J77,6,5.47,76,Train,170
replica1_4J78_1,4J78,5,4.65,76,Train,171
replica2_4J78_1,4J78,5,4.65,76,Train,171
replica3_4J78_1,4J78,5,4.65,76,Train,171
replica4_4J78_1,4J78,5,4.65,76,Train,171
replica5_4J78_1,4J78,5,4.65,76,Train,171
replica1_4J78_100,4J78,5,4.65,76,Train,171
replica2_4J78_100,4J78,5,4.65,76,Train,171
replica3_4J78_100,4J78,5,4.65,76,Train,171
replica4_4J78_100,4J78,5,4.65,76,Train,171
replica5_4J78_100,4J78,5,4.65,76,Train,171
replica1_4J82_1,4J82,5,4.35,76,Train,172
replica2_4J82_1,4J82,5,4.35,76,Train,172
replica3_4J82_1,4J82,5,4.35,76,Train,172
replica4_4J82_1,4J82,5,4.35,76,Train,172
replica5_4J82_1,4J82,5,4.35,76,Train,172
replica1_4J82_100,4J82,5,4.35,76,Train,172
replica2_4J82_100,4J82,5,4.35,76,Train,172
replica3_4J82_100,4J82,5,4.35,76,Train,172
replica4_4J82_100,4J82,5,4.35,76,Train,172
replica5_4J82_100,4J82,5,4.35,76,Train,172
replica1_4J84_1,4J84,5,4.69,76,Train,173
replica2_4J84_1,4J84,5,4.69,76,Train,173
replica3_4J84_1,4J84,5,4.69,76,Train,173
replica4_4J84_1,4J84,5,4.69,76,Train,173
replica5_4J84_1,4J84,5,4.69,76,Train,173
replica1_4J84_100,4J84,5,4.69,76,Train,173
replica2_4J84_100,4J84,5,4.69,76,Train,173
replica3_4J84_100,4J84,5,4.69,76,Train,173
replica4_4J84_100,4J84,5,4.69,76,Train,173
replica5_4J84_100,4J84,5,4.69,76,Train,173
replica1_4J86_1,4J86,6,3.77,76,Train,174
replica2_4J86_1,4J86,6,3.77,76,Train,174
replica3_4J86_1,4J86,6,3.77,76,Train,174
replica4_4J86_1,4J86,6,3.77,76,Train,174
replica5_4J86_1,4J86,6,3.77,76,Train,174
replica1_4J86_100,4J86,6,3.77,76,Train,174
replica2_4J86_100,4J86,6,3.77,76,Train,174
replica3_4J86_100,4J86,6,3.77,76,Train,174
replica4_4J86_100,4J86,6,3.77,76,Train,174
replica5_4J86_100,4J86,6,3.77,76,Train,174
replica1_4J8B_1,4J8B,6,4.79,76,Train,171
replica2_4J8B_1,4J8B,6,4.79,76,Train,171
replica3_4J8B_1,4J8B,6,4.79,76,Train,171
replica4_4J8B_1,4J8B,6,4.79,76,Train,171
replica5_4J8B_1,4J8B,6,4.79,76,Train,171
replica1_4J8B_8,4J8B,6,4.79,76,Train,171
replica2_4J8B_8,4J8B,6,4.79,76,Train,171
replica3_4J8B_8,4J8B,6,4.79,76,Train,171
replica4_4J8B_8,4J8B,6,4.79,76,Train,171
replica5_4J8B_8,4J8B,6,4.79,76,Train,171
replica1_4J8B_14,4J8B,6,4.79,76,Train,171
replica2_4J8B_14,4J8B,6,4.79,76,Train,171
replica3_4J8B_14,4J8B,6,4.79,76,Train,171
replica4_4J8B_14,4J8B,6,4.79,76,Train,171
replica5_4J8B_14,4J8B,6,4.79,76,Train,171
replica1_4J8B_21,4J8B,6,4.79,76,Train,171
replica2_4J8B_21,4J8B,6,4.79,76,Train,171
replica3_4J8B_21,4J8B,6,4.79,76,Train,171
replica4_4J8B_21,4J8B,6,4.79,76,Train,171
replica5_4J8B_21,4J8B,6,4.79,76,Train,171
replica1_4J8B_27,4J8B,6,4.79,76,Train,171
replica2_4J8B_27,4J8B,6,4.79,76,Train,171
replica3_4J8B_27,4J8B,6,4.79,76,Train,171
replica4_4J8B_27,4J8B,6,4.79,76,Train,171
replica5_4J8B_27,4J8B,6,4.79,76,Train,171
replica1_4J8B_34,4J8B,6,4.79,76,Train,171
replica2_4J8B_34,4J8B,6,4.79,76,Train,171
replica3_4J8B_34,4J8B,6,4.79,76,Train,171
replica4_4J8B_34,4J8B,6,4.79,76,Train,171
replica5_4J8B_34,4J8B,6,4.79,76,Train,171
replica1_4J8B_41,4J8B,6,4.79,76,Train,171
replica2_4J8B_41,4J8B,6,4.79,76,Train,171
replica3_4J8B_41,4J8B,6,4.79,76,Train,171
replica4_4J8B_41,4J8B,6,4.79,76,Train,171
replica5_4J8B_41,4J8B,6,4.79,76,Train,171
replica1_4J8B_47,4J8B,6,4.79,76,Train,171
replica2_4J8B_47,4J8B,6,4.79,76,Train,171
replica3_4J8B_47,4J8B,6,4.79,76,Train,171
replica4_4J8B_47,4J8B,6,4.79,76,Train,171
replica5_4J8B_47,4J8B,6,4.79,76,Train,171
replica1_4J8B_54,4J8B,6,4.79,76,Train,171
replica2_4J8B_54,4J8B,6,4.79,76,Train,171
replica3_4J8B_54,4J8B,6,4.79,76,Train,171
replica4_4J8B_54,4J8B,6,4.79,76,Train,171
replica5_4J8B_54,4J8B,6,4.79,76,Train,171
replica1_4J8B_60,4J8B,6,4.79,76,Train,171
replica2_4J8B_60,4J8B,6,4.79,76,Train,171
replica3_4J8B_60,4J8B,6,4.79,76,Train,171
replica4_4J8B_60,4J8B,6,4.79,76,Train,171
replica5_4J8B_60,4J8B,6,4.79,76,Train,171
replica1_4J8B_67,4J8B,6,4.79,76,Train,171
replica2_4J8B_67,4J8B,6,4.79,76,Train,171
replica3_4J8B_67,4J8B,6,4.79,76,Train,171
replica4_4J8B_67,4J8B,6,4.79,76,Train,171
replica5_4J8B_67,4J8B,6,4.79,76,Train,171
replica1_4J8B_74,4J8B,6,4.79,76,Train,171
replica2_4J8B_74,4J8B,6,4.79,76,Train,171
replica3_4J8B_74,4J8B,6,4.79,76,Train,171
replica4_4J8B_74,4J8B,6,4.79,76,Train,171
replica5_4J8B_74,4J8B,6,4.79,76,Train,171
replica1_4J8B_80,4J8B,6,4.79,76,Train,171
replica2_4J8B_80,4J8B,6,4.79,76,Train,171
replica3_4J8B_80,4J8B,6,4.79,76,Train,171
replica4_4J8B_80,4J8B,6,4.79,76,Train,171
replica5_4J8B_80,4J8B,6,4.79,76,Train,171
replica1_4J8B_87,4J8B,6,4.79,76,Train,171
replica2_4J8B_87,4J8B,6,4.79,76,Train,171
replica3_4J8B_87,4J8B,6,4.79,76,Train,171
replica4_4J8B_87,4J8B,6,4.79,76,Train,171
replica5_4J8B_87,4J8B,6,4.79,76,Train,171
replica1_4J8B_93,4J8B,6,4.79,76,Train,171
replica2_4J8B_93,4J8B,6,4.79,76,Train,171
replica3_4J8B_93,4J8B,6,4.79,76,Train,171
replica4_4J8B_93,4J8B,6,4.79,76,Train,171
replica5_4J8B_93,4J8B,6,4.79,76,Train,171
replica1_4J8B_100,4J8B,6,4.79,76,Train,171
replica2_4J8B_100,4J8B,6,4.79,76,Train,171
replica3_4J8B_100,4J8B,6,4.79,76,Train,171
replica4_4J8B_100,4J8B,6,4.79,76,Train,171
replica5_4J8B_100,4J8B,6,4.79,76,Train,171
replica1_4JFE_1,4JFE,10,4.51,12,Train,175
replica2_4JFE_1,4JFE,10,4.51,12,Train,175
replica3_4JFE_1,4JFE,10,4.51,12,Train,175
replica4_4JFE_1,4JFE,10,4.51,12,Train,175
replica5_4JFE_1,4JFE,10,4.51,12,Train,175
replica1_4JFE_26,4JFE,10,4.51,12,Train,175
replica2_4JFE_26,4JFE,10,4.51,12,Train,175
replica3_4JFE_26,4JFE,10,4.51,12,Train,175
replica4_4JFE_26,4JFE,10,4.51,12,Train,175
replica5_4JFE_26,4JFE,10,4.51,12,Train,175
replica1_4JFE_51,4JFE,10,4.51,12,Train,175
replica2_4JFE_51,4JFE,10,4.51,12,Train,175
replica3_4JFE_51,4JFE,10,4.51,12,Train,175
replica4_4JFE_51,4JFE,10,4.51,12,Train,175
replica5_4JFE_51,4JFE,10,4.51,12,Train,175
replica1_4JFE_75,4JFE,10,4.51,12,Train,175
replica2_4JFE_75,4JFE,10,4.51,12,Train,175
replica3_4JFE_75,4JFE,10,4.51,12,Train,175
replica4_4JFE_75,4JFE,10,4.51,12,Train,175
replica5_4JFE_75,4JFE,10,4.51,12,Train,175
replica1_4JFE_100,4JFE,10,4.51,12,Train,175
replica2_4JFE_100,4JFE,10,4.51,12,Train,175
replica3_4JFE_100,4JFE,10,4.51,12,Train,175
replica4_4JFE_100,4JFE,10,4.51,12,Train,175
replica5_4JFE_100,4JFE,10,4.51,12,Train,175
replica1_4JOE_1,4JOE,10,3.56,25,Train,176
replica2_4JOE_1,4JOE,10,3.56,25,Train,176
replica3_4JOE_1,4JOE,10,3.56,25,Train,176
replica4_4JOE_1,4JOE,10,3.56,25,Train,176
replica5_4JOE_1,4JOE,10,3.56,25,Train,176
replica1_4JOE_100,4JOE,10,3.56,25,Train,176
replica2_4JOE_100,4JOE,10,3.56,25,Train,176
replica3_4JOE_100,4JOE,10,3.56,25,Train,176
replica4_4JOE_100,4JOE,10,3.56,25,Train,176
replica5_4JOE_100,4JOE,10,3.56,25,Train,176
replica1_4JOG_1,4JOG,10,3.72,25,Train,176
replica2_4JOG_1,4JOG,10,3.72,25,Train,176
replica3_4JOG_1,4JOG,10,3.72,25,Train,176
replica4_4JOG_1,4JOG,10,3.72,25,Train,176
replica5_4JOG_1,4JOG,10,3.72,25,Train,176
replica1_4JOG_100,4JOG,10,3.72,25,Train,176
replica2_4JOG_100,4JOG,10,3.72,25,Train,176
replica3_4JOG_100,4JOG,10,3.72,25,Train,176
replica4_4JOG_100,4JOG,10,3.72,25,Train,176
replica5_4JOG_100,4JOG,10,3.72,25,Train,176
replica1_4JOJ_1,4JOJ,10,3.96,25,Train,176
replica2_4JOJ_1,4JOJ,10,3.96,25,Train,176
replica3_4JOJ_1,4JOJ,10,3.96,25,Train,176
replica4_4JOJ_1,4JOJ,10,3.96,25,Train,176
replica5_4JOJ_1,4JOJ,10,3.96,25,Train,176
replica1_4JOJ_100,4JOJ,10,3.96,25,Train,176
replica2_4JOJ_100,4JOJ,10,3.96,25,Train,176
replica3_4JOJ_100,4JOJ,10,3.96,25,Train,176
replica4_4JOJ_100,4JOJ,10,3.96,25,Train,176
replica5_4JOJ_100,4JOJ,10,3.96,25,Train,176
replica1_4JOK_1,4JOK,10,4.07,25,Train,176
replica2_4JOK_1,4JOK,10,4.07,25,Train,176
replica3_4JOK_1,4JOK,10,4.07,25,Train,176
replica4_4JOK_1,4JOK,10,4.07,25,Train,176
replica5_4JOK_1,4JOK,10,4.07,25,Train,176
replica1_4JOK_100,4JOK,10,4.07,25,Train,176
replica2_4JOK_100,4JOK,10,4.07,25,Train,176
replica3_4JOK_100,4JOK,10,4.07,25,Train,176
replica4_4JOK_100,4JOK,10,4.07,25,Train,176
replica5_4JOK_100,4JOK,10,4.07,25,Train,176
replica1_4K0U_1,4K0U,15,7.26,136,Train,177
replica2_4K0U_1,4K0U,15,7.26,136,Train,177
replica3_4K0U_1,4K0U,15,7.26,136,Train,177
replica4_4K0U_1,4K0U,15,7.26,136,Train,177
replica5_4K0U_1,4K0U,15,7.26,136,Train,177
replica1_4K0U_8,4K0U,15,7.26,136,Train,177
replica2_4K0U_8,4K0U,15,7.26,136,Train,177
replica3_4K0U_8,4K0U,15,7.26,136,Train,177
replica4_4K0U_8,4K0U,15,7.26,136,Train,177
replica5_4K0U_8,4K0U,15,7.26,136,Train,177
replica1_4K0U_14,4K0U,15,7.26,136,Train,177
replica2_4K0U_14,4K0U,15,7.26,136,Train,177
replica3_4K0U_14,4K0U,15,7.26,136,Train,177
replica4_4K0U_14,4K0U,15,7.26,136,Train,177
replica5_4K0U_14,4K0U,15,7.26,136,Train,177
replica1_4K0U_21,4K0U,15,7.26,136,Train,177
replica2_4K0U_21,4K0U,15,7.26,136,Train,177
replica3_4K0U_21,4K0U,15,7.26,136,Train,177
replica4_4K0U_21,4K0U,15,7.26,136,Train,177
replica5_4K0U_21,4K0U,15,7.26,136,Train,177
replica1_4K0U_27,4K0U,15,7.26,136,Train,177
replica2_4K0U_27,4K0U,15,7.26,136,Train,177
replica3_4K0U_27,4K0U,15,7.26,136,Train,177
replica4_4K0U_27,4K0U,15,7.26,136,Train,177
replica5_4K0U_27,4K0U,15,7.26,136,Train,177
replica1_4K0U_34,4K0U,15,7.26,136,Train,177
replica2_4K0U_34,4K0U,15,7.26,136,Train,177
replica3_4K0U_34,4K0U,15,7.26,136,Train,177
replica4_4K0U_34,4K0U,15,7.26,136,Train,177
replica5_4K0U_34,4K0U,15,7.26,136,Train,177
replica1_4K0U_41,4K0U,15,7.26,136,Train,177
replica2_4K0U_41,4K0U,15,7.26,136,Train,177
replica3_4K0U_41,4K0U,15,7.26,136,Train,177
replica4_4K0U_41,4K0U,15,7.26,136,Train,177
replica5_4K0U_41,4K0U,15,7.26,136,Train,177
replica1_4K0U_47,4K0U,15,7.26,136,Train,177
replica2_4K0U_47,4K0U,15,7.26,136,Train,177
replica3_4K0U_47,4K0U,15,7.26,136,Train,177
replica4_4K0U_47,4K0U,15,7.26,136,Train,177
replica5_4K0U_47,4K0U,15,7.26,136,Train,177
replica1_4K0U_54,4K0U,15,7.26,136,Train,177
replica2_4K0U_54,4K0U,15,7.26,136,Train,177
replica3_4K0U_54,4K0U,15,7.26,136,Train,177
replica4_4K0U_54,4K0U,15,7.26,136,Train,177
replica5_4K0U_54,4K0U,15,7.26,136,Train,177
replica1_4K0U_60,4K0U,15,7.26,136,Train,177
replica2_4K0U_60,4K0U,15,7.26,136,Train,177
replica3_4K0U_60,4K0U,15,7.26,136,Train,177
replica4_4K0U_60,4K0U,15,7.26,136,Train,177
replica5_4K0U_60,4K0U,15,7.26,136,Train,177
replica1_4K0U_67,4K0U,15,7.26,136,Train,177
replica2_4K0U_67,4K0U,15,7.26,136,Train,177
replica3_4K0U_67,4K0U,15,7.26,136,Train,177
replica4_4K0U_67,4K0U,15,7.26,136,Train,177
replica5_4K0U_67,4K0U,15,7.26,136,Train,177
replica1_4K0U_74,4K0U,15,7.26,136,Train,177
replica2_4K0U_74,4K0U,15,7.26,136,Train,177
replica3_4K0U_74,4K0U,15,7.26,136,Train,177
replica4_4K0U_74,4K0U,15,7.26,136,Train,177
replica5_4K0U_74,4K0U,15,7.26,136,Train,177
replica1_4K0U_80,4K0U,15,7.26,136,Train,177
replica2_4K0U_80,4K0U,15,7.26,136,Train,177
replica3_4K0U_80,4K0U,15,7.26,136,Train,177
replica4_4K0U_80,4K0U,15,7.26,136,Train,177
replica5_4K0U_80,4K0U,15,7.26,136,Train,177
replica1_4K0U_87,4K0U,15,7.26,136,Train,177
replica2_4K0U_87,4K0U,15,7.26,136,Train,177
replica3_4K0U_87,4K0U,15,7.26,136,Train,177
replica4_4K0U_87,4K0U,15,7.26,136,Train,177
replica5_4K0U_87,4K0U,15,7.26,136,Train,177
replica1_4K0U_93,4K0U,15,7.26,136,Train,177
replica2_4K0U_93,4K0U,15,7.26,136,Train,177
replica3_4K0U_93,4K0U,15,7.26,136,Train,177
replica4_4K0U_93,4K0U,15,7.26,136,Train,177
replica5_4K0U_93,4K0U,15,7.26,136,Train,177
replica1_4K0U_100,4K0U,15,7.26,136,Train,177
replica2_4K0U_100,4K0U,15,7.26,136,Train,177
replica3_4K0U_100,4K0U,15,7.26,136,Train,177
replica4_4K0U_100,4K0U,15,7.26,136,Train,177
replica5_4K0U_100,4K0U,15,7.26,136,Train,177
replica1_4K1E_1,4K1E,14,8.44,37,Train,178
replica2_4K1E_1,4K1E,14,8.44,37,Train,178
replica3_4K1E_1,4K1E,14,8.44,37,Train,178
replica4_4K1E_1,4K1E,14,8.44,37,Train,178
replica5_4K1E_1,4K1E,14,8.44,37,Train,178
replica1_4K1E_8,4K1E,14,8.44,37,Train,178
replica2_4K1E_8,4K1E,14,8.44,37,Train,178
replica3_4K1E_8,4K1E,14,8.44,37,Train,178
replica4_4K1E_8,4K1E,14,8.44,37,Train,178
replica5_4K1E_8,4K1E,14,8.44,37,Train,178
replica1_4K1E_14,4K1E,14,8.44,37,Train,178
replica2_4K1E_14,4K1E,14,8.44,37,Train,178
replica3_4K1E_14,4K1E,14,8.44,37,Train,178
replica4_4K1E_14,4K1E,14,8.44,37,Train,178
replica5_4K1E_14,4K1E,14,8.44,37,Train,178
replica1_4K1E_21,4K1E,14,8.44,37,Train,178
replica2_4K1E_21,4K1E,14,8.44,37,Train,178
replica3_4K1E_21,4K1E,14,8.44,37,Train,178
replica4_4K1E_21,4K1E,14,8.44,37,Train,178
replica5_4K1E_21,4K1E,14,8.44,37,Train,178
replica1_4K1E_27,4K1E,14,8.44,37,Train,178
replica2_4K1E_27,4K1E,14,8.44,37,Train,178
replica3_4K1E_27,4K1E,14,8.44,37,Train,178
replica4_4K1E_27,4K1E,14,8.44,37,Train,178
replica5_4K1E_27,4K1E,14,8.44,37,Train,178
replica1_4K1E_34,4K1E,14,8.44,37,Train,178
replica2_4K1E_34,4K1E,14,8.44,37,Train,178
replica3_4K1E_34,4K1E,14,8.44,37,Train,178
replica4_4K1E_34,4K1E,14,8.44,37,Train,178
replica5_4K1E_34,4K1E,14,8.44,37,Train,178
replica1_4K1E_41,4K1E,14,8.44,37,Train,178
replica2_4K1E_41,4K1E,14,8.44,37,Train,178
replica3_4K1E_41,4K1E,14,8.44,37,Train,178
replica4_4K1E_41,4K1E,14,8.44,37,Train,178
replica5_4K1E_41,4K1E,14,8.44,37,Train,178
replica1_4K1E_47,4K1E,14,8.44,37,Train,178
replica2_4K1E_47,4K1E,14,8.44,37,Train,178
replica3_4K1E_47,4K1E,14,8.44,37,Train,178
replica4_4K1E_47,4K1E,14,8.44,37,Train,178
replica5_4K1E_47,4K1E,14,8.44,37,Train,178
replica1_4K1E_54,4K1E,14,8.44,37,Train,178
replica2_4K1E_54,4K1E,14,8.44,37,Train,178
replica3_4K1E_54,4K1E,14,8.44,37,Train,178
replica4_4K1E_54,4K1E,14,8.44,37,Train,178
replica5_4K1E_54,4K1E,14,8.44,37,Train,178
replica1_4K1E_60,4K1E,14,8.44,37,Train,178
replica2_4K1E_60,4K1E,14,8.44,37,Train,178
replica3_4K1E_60,4K1E,14,8.44,37,Train,178
replica4_4K1E_60,4K1E,14,8.44,37,Train,178
replica5_4K1E_60,4K1E,14,8.44,37,Train,178
replica1_4K1E_67,4K1E,14,8.44,37,Train,178
replica2_4K1E_67,4K1E,14,8.44,37,Train,178
replica3_4K1E_67,4K1E,14,8.44,37,Train,178
replica4_4K1E_67,4K1E,14,8.44,37,Train,178
replica5_4K1E_67,4K1E,14,8.44,37,Train,178
replica1_4K1E_74,4K1E,14,8.44,37,Train,178
replica2_4K1E_74,4K1E,14,8.44,37,Train,178
replica3_4K1E_74,4K1E,14,8.44,37,Train,178
replica4_4K1E_74,4K1E,14,8.44,37,Train,178
replica5_4K1E_74,4K1E,14,8.44,37,Train,178
replica1_4K1E_80,4K1E,14,8.44,37,Train,178
replica2_4K1E_80,4K1E,14,8.44,37,Train,178
replica3_4K1E_80,4K1E,14,8.44,37,Train,178
replica4_4K1E_80,4K1E,14,8.44,37,Train,178
replica5_4K1E_80,4K1E,14,8.44,37,Train,178
replica1_4K1E_87,4K1E,14,8.44,37,Train,178
replica2_4K1E_87,4K1E,14,8.44,37,Train,178
replica3_4K1E_87,4K1E,14,8.44,37,Train,178
replica4_4K1E_87,4K1E,14,8.44,37,Train,178
replica5_4K1E_87,4K1E,14,8.44,37,Train,178
replica1_4K1E_93,4K1E,14,8.44,37,Train,178
replica2_4K1E_93,4K1E,14,8.44,37,Train,178
replica3_4K1E_93,4K1E,14,8.44,37,Train,178
replica4_4K1E_93,4K1E,14,8.44,37,Train,178
replica5_4K1E_93,4K1E,14,8.44,37,Train,178
replica1_4K1E_100,4K1E,14,8.44,37,Train,178
replica2_4K1E_100,4K1E,14,8.44,37,Train,178
replica3_4K1E_100,4K1E,14,8.44,37,Train,178
replica4_4K1E_100,4K1E,14,8.44,37,Train,178
replica5_4K1E_100,4K1E,14,8.44,37,Train,178
replica1_4K3M_1,4K3M,5,3.55,137,Train,179
replica2_4K3M_1,4K3M,5,3.55,137,Train,179
replica3_4K3M_1,4K3M,5,3.55,137,Train,179
replica4_4K3M_1,4K3M,5,3.55,137,Train,179
replica5_4K3M_1,4K3M,5,3.55,137,Train,179
replica1_4K3M_8,4K3M,5,3.55,137,Train,179
replica2_4K3M_8,4K3M,5,3.55,137,Train,179
replica3_4K3M_8,4K3M,5,3.55,137,Train,179
replica4_4K3M_8,4K3M,5,3.55,137,Train,179
replica5_4K3M_8,4K3M,5,3.55,137,Train,179
replica1_4K3M_14,4K3M,5,3.55,137,Train,179
replica2_4K3M_14,4K3M,5,3.55,137,Train,179
replica3_4K3M_14,4K3M,5,3.55,137,Train,179
replica4_4K3M_14,4K3M,5,3.55,137,Train,179
replica5_4K3M_14,4K3M,5,3.55,137,Train,179
replica1_4K3M_21,4K3M,5,3.55,137,Train,179
replica2_4K3M_21,4K3M,5,3.55,137,Train,179
replica3_4K3M_21,4K3M,5,3.55,137,Train,179
replica4_4K3M_21,4K3M,5,3.55,137,Train,179
replica5_4K3M_21,4K3M,5,3.55,137,Train,179
replica1_4K3M_27,4K3M,5,3.55,137,Train,179
replica2_4K3M_27,4K3M,5,3.55,137,Train,179
replica3_4K3M_27,4K3M,5,3.55,137,Train,179
replica4_4K3M_27,4K3M,5,3.55,137,Train,179
replica5_4K3M_27,4K3M,5,3.55,137,Train,179
replica1_4K3M_34,4K3M,5,3.55,137,Train,179
replica2_4K3M_34,4K3M,5,3.55,137,Train,179
replica3_4K3M_34,4K3M,5,3.55,137,Train,179
replica4_4K3M_34,4K3M,5,3.55,137,Train,179
replica5_4K3M_34,4K3M,5,3.55,137,Train,179
replica1_4K3M_41,4K3M,5,3.55,137,Train,179
replica2_4K3M_41,4K3M,5,3.55,137,Train,179
replica3_4K3M_41,4K3M,5,3.55,137,Train,179
replica4_4K3M_41,4K3M,5,3.55,137,Train,179
replica5_4K3M_41,4K3M,5,3.55,137,Train,179
replica1_4K3M_47,4K3M,5,3.55,137,Train,179
replica2_4K3M_47,4K3M,5,3.55,137,Train,179
replica3_4K3M_47,4K3M,5,3.55,137,Train,179
replica4_4K3M_47,4K3M,5,3.55,137,Train,179
replica5_4K3M_47,4K3M,5,3.55,137,Train,179
replica1_4K3M_54,4K3M,5,3.55,137,Train,179
replica2_4K3M_54,4K3M,5,3.55,137,Train,179
replica3_4K3M_54,4K3M,5,3.55,137,Train,179
replica4_4K3M_54,4K3M,5,3.55,137,Train,179
replica5_4K3M_54,4K3M,5,3.55,137,Train,179
replica1_4K3M_60,4K3M,5,3.55,137,Train,179
replica2_4K3M_60,4K3M,5,3.55,137,Train,179
replica3_4K3M_60,4K3M,5,3.55,137,Train,179
replica4_4K3M_60,4K3M,5,3.55,137,Train,179
replica5_4K3M_60,4K3M,5,3.55,137,Train,179
replica1_4K3M_67,4K3M,5,3.55,137,Train,179
replica2_4K3M_67,4K3M,5,3.55,137,Train,179
replica3_4K3M_67,4K3M,5,3.55,137,Train,179
replica4_4K3M_67,4K3M,5,3.55,137,Train,179
replica5_4K3M_67,4K3M,5,3.55,137,Train,179
replica1_4K3M_74,4K3M,5,3.55,137,Train,179
replica2_4K3M_74,4K3M,5,3.55,137,Train,179
replica3_4K3M_74,4K3M,5,3.55,137,Train,179
replica4_4K3M_74,4K3M,5,3.55,137,Train,179
replica5_4K3M_74,4K3M,5,3.55,137,Train,179
replica1_4K3M_80,4K3M,5,3.55,137,Train,179
replica2_4K3M_80,4K3M,5,3.55,137,Train,179
replica3_4K3M_80,4K3M,5,3.55,137,Train,179
replica4_4K3M_80,4K3M,5,3.55,137,Train,179
replica5_4K3M_80,4K3M,5,3.55,137,Train,179
replica1_4K3M_87,4K3M,5,3.55,137,Train,179
replica2_4K3M_87,4K3M,5,3.55,137,Train,179
replica3_4K3M_87,4K3M,5,3.55,137,Train,179
replica4_4K3M_87,4K3M,5,3.55,137,Train,179
replica5_4K3M_87,4K3M,5,3.55,137,Train,179
replica1_4K3M_93,4K3M,5,3.55,137,Train,179
replica2_4K3M_93,4K3M,5,3.55,137,Train,179
replica3_4K3M_93,4K3M,5,3.55,137,Train,179
replica4_4K3M_93,4K3M,5,3.55,137,Train,179
replica5_4K3M_93,4K3M,5,3.55,137,Train,179
replica1_4K3M_100,4K3M,5,3.55,137,Train,179
replica2_4K3M_100,4K3M,5,3.55,137,Train,179
replica3_4K3M_100,4K3M,5,3.55,137,Train,179
replica4_4K3M_100,4K3M,5,3.55,137,Train,179
replica5_4K3M_100,4K3M,5,3.55,137,Train,179
replica1_4K6Y_1,4K6Y,10,4.83,25,Train,180
replica2_4K6Y_1,4K6Y,10,4.83,25,Train,180
replica3_4K6Y_1,4K6Y,10,4.83,25,Train,180
replica4_4K6Y_1,4K6Y,10,4.83,25,Train,180
replica5_4K6Y_1,4K6Y,10,4.83,25,Train,180
replica1_4K6Y_100,4K6Y,10,4.83,25,Train,180
replica2_4K6Y_100,4K6Y,10,4.83,25,Train,180
replica3_4K6Y_100,4K6Y,10,4.83,25,Train,180
replica4_4K6Y_100,4K6Y,10,4.83,25,Train,180
replica5_4K6Y_100,4K6Y,10,4.83,25,Train,180
replica1_4K76_1,4K76,10,5.35,25,Train,181
replica2_4K76_1,4K76,10,5.35,25,Train,181
replica3_4K76_1,4K76,10,5.35,25,Train,181
replica4_4K76_1,4K76,10,5.35,25,Train,181
replica5_4K76_1,4K76,10,5.35,25,Train,181
replica1_4K76_100,4K76,10,5.35,25,Train,181
replica2_4K76_100,4K76,10,5.35,25,Train,181
replica3_4K76_100,4K76,10,5.35,25,Train,181
replica4_4K76_100,4K76,10,5.35,25,Train,181
replica5_4K76_100,4K76,10,5.35,25,Train,181
replica1_4K78_1,4K78,10,4.79,25,Train,180
replica2_4K78_1,4K78,10,4.79,25,Train,180
replica3_4K78_1,4K78,10,4.79,25,Train,180
replica4_4K78_1,4K78,10,4.79,25,Train,180
replica5_4K78_1,4K78,10,4.79,25,Train,180
replica1_4K78_100,4K78,10,4.79,25,Train,180
replica2_4K78_100,4K78,10,4.79,25,Train,180
replica3_4K78_100,4K78,10,4.79,25,Train,180
replica4_4K78_100,4K78,10,4.79,25,Train,180
replica5_4K78_100,4K78,10,4.79,25,Train,180
replica1_4LN2_1,4LN2,11,3.61,5,Test,
replica2_4LN2_1,4LN2,11,3.61,5,Test,
replica3_4LN2_1,4LN2,11,3.61,5,Test,
replica4_4LN2_1,4LN2,11,3.61,5,Test,
replica5_4LN2_1,4LN2,11,3.61,5,Test,
replica1_4LN2_15,4LN2,11,3.61,5,Test,
replica2_4LN2_15,4LN2,11,3.61,5,Test,
replica3_4LN2_15,4LN2,11,3.61,5,Test,
replica4_4LN2_15,4LN2,11,3.61,5,Test,
replica5_4LN2_15,4LN2,11,3.61,5,Test,
replica1_4LN2_29,4LN2,11,3.61,5,Test,
replica2_4LN2_29,4LN2,11,3.61,5,Test,
replica3_4LN2_29,4LN2,11,3.61,5,Test,
replica4_4LN2_29,4LN2,11,3.61,5,Test,
replica5_4LN2_29,4LN2,11,3.61,5,Test,
replica1_4LN2_43,4LN2,11,3.61,5,Test,
replica2_4LN2_43,4LN2,11,3.61,5,Test,
replica3_4LN2_43,4LN2,11,3.61,5,Test,
replica4_4LN2_43,4LN2,11,3.61,5,Test,
replica5_4LN2_43,4LN2,11,3.61,5,Test,
replica1_4LN2_58,4LN2,11,3.61,5,Test,
replica2_4LN2_58,4LN2,11,3.61,5,Test,
replica3_4LN2_58,4LN2,11,3.61,5,Test,
replica4_4LN2_58,4LN2,11,3.61,5,Test,
replica5_4LN2_58,4LN2,11,3.61,5,Test,
replica1_4LN2_72,4LN2,11,3.61,5,Test,
replica2_4LN2_72,4LN2,11,3.61,5,Test,
replica3_4LN2_72,4LN2,11,3.61,5,Test,
replica4_4LN2_72,4LN2,11,3.61,5,Test,
replica5_4LN2_72,4LN2,11,3.61,5,Test,
replica1_4LN2_86,4LN2,11,3.61,5,Test,
replica2_4LN2_86,4LN2,11,3.61,5,Test,
replica3_4LN2_86,4LN2,11,3.61,5,Test,
replica4_4LN2_86,4LN2,11,3.61,5,Test,
replica5_4LN2_86,4LN2,11,3.61,5,Test,
replica1_4LN2_100,4LN2,11,3.61,5,Test,
replica2_4LN2_100,4LN2,11,3.61,5,Test,
replica3_4LN2_100,4LN2,11,3.61,5,Test,
replica4_4LN2_100,4LN2,11,3.61,5,Test,
replica5_4LN2_100,4LN2,11,3.61,5,Test,
replica1_4LNP_1,4LNP,10,3.67,5,Test,
replica2_4LNP_1,4LNP,10,3.67,5,Test,
replica3_4LNP_1,4LNP,10,3.67,5,Test,
replica4_4LNP_1,4LNP,10,3.67,5,Test,
replica5_4LNP_1,4LNP,10,3.67,5,Test,
replica1_4LNP_8,4LNP,10,3.67,5,Test,
replica2_4LNP_8,4LNP,10,3.67,5,Test,
replica3_4LNP_8,4LNP,10,3.67,5,Test,
replica4_4LNP_8,4LNP,10,3.67,5,Test,
replica5_4LNP_8,4LNP,10,3.67,5,Test,
replica1_4LNP_14,4LNP,10,3.67,5,Test,
replica2_4LNP_14,4LNP,10,3.67,5,Test,
replica3_4LNP_14,4LNP,10,3.67,5,Test,
replica4_4LNP_14,4LNP,10,3.67,5,Test,
replica5_4LNP_14,4LNP,10,3.67,5,Test,
replica1_4LNP_21,4LNP,10,3.67,5,Test,
replica2_4LNP_21,4LNP,10,3.67,5,Test,
replica3_4LNP_21,4LNP,10,3.67,5,Test,
replica4_4LNP_21,4LNP,10,3.67,5,Test,
replica5_4LNP_21,4LNP,10,3.67,5,Test,
replica1_4LNP_27,4LNP,10,3.67,5,Test,
replica2_4LNP_27,4LNP,10,3.67,5,Test,
replica3_4LNP_27,4LNP,10,3.67,5,Test,
replica4_4LNP_27,4LNP,10,3.67,5,Test,
replica5_4LNP_27,4LNP,10,3.67,5,Test,
replica1_4LNP_34,4LNP,10,3.67,5,Test,
replica2_4LNP_34,4LNP,10,3.67,5,Test,
replica3_4LNP_34,4LNP,10,3.67,5,Test,
replica4_4LNP_34,4LNP,10,3.67,5,Test,
replica5_4LNP_34,4LNP,10,3.67,5,Test,
replica1_4LNP_41,4LNP,10,3.67,5,Test,
replica2_4LNP_41,4LNP,10,3.67,5,Test,
replica3_4LNP_41,4LNP,10,3.67,5,Test,
replica4_4LNP_41,4LNP,10,3.67,5,Test,
replica5_4LNP_41,4LNP,10,3.67,5,Test,
replica1_4LNP_47,4LNP,10,3.67,5,Test,
replica2_4LNP_47,4LNP,10,3.67,5,Test,
replica3_4LNP_47,4LNP,10,3.67,5,Test,
replica4_4LNP_47,4LNP,10,3.67,5,Test,
replica5_4LNP_47,4LNP,10,3.67,5,Test,
replica1_4LNP_54,4LNP,10,3.67,5,Test,
replica2_4LNP_54,4LNP,10,3.67,5,Test,
replica3_4LNP_54,4LNP,10,3.67,5,Test,
replica4_4LNP_54,4LNP,10,3.67,5,Test,
replica5_4LNP_54,4LNP,10,3.67,5,Test,
replica1_4LNP_60,4LNP,10,3.67,5,Test,
replica2_4LNP_60,4LNP,10,3.67,5,Test,
replica3_4LNP_60,4LNP,10,3.67,5,Test,
replica4_4LNP_60,4LNP,10,3.67,5,Test,
replica5_4LNP_60,4LNP,10,3.67,5,Test,
replica1_4LNP_67,4LNP,10,3.67,5,Test,
replica2_4LNP_67,4LNP,10,3.67,5,Test,
replica3_4LNP_67,4LNP,10,3.67,5,Test,
replica4_4LNP_67,4LNP,10,3.67,5,Test,
replica5_4LNP_67,4LNP,10,3.67,5,Test,
replica1_4LNP_74,4LNP,10,3.67,5,Test,
replica2_4LNP_74,4LNP,10,3.67,5,Test,
replica3_4LNP_74,4LNP,10,3.67,5,Test,
replica4_4LNP_74,4LNP,10,3.67,5,Test,
replica5_4LNP_74,4LNP,10,3.67,5,Test,
replica1_4LNP_80,4LNP,10,3.67,5,Test,
replica2_4LNP_80,4LNP,10,3.67,5,Test,
replica3_4LNP_80,4LNP,10,3.67,5,Test,
replica4_4LNP_80,4LNP,10,3.67,5,Test,
replica5_4LNP_80,4LNP,10,3.67,5,Test,
replica1_4LNP_87,4LNP,10,3.67,5,Test,
replica2_4LNP_87,4LNP,10,3.67,5,Test,
replica3_4LNP_87,4LNP,10,3.67,5,Test,
replica4_4LNP_87,4LNP,10,3.67,5,Test,
replica5_4LNP_87,4LNP,10,3.67,5,Test,
replica1_4LNP_93,4LNP,10,3.67,5,Test,
replica2_4LNP_93,4LNP,10,3.67,5,Test,
replica3_4LNP_93,4LNP,10,3.67,5,Test,
replica4_4LNP_93,4LNP,10,3.67,5,Test,
replica5_4LNP_93,4LNP,10,3.67,5,Test,
replica1_4LNP_100,4LNP,10,3.67,5,Test,
replica2_4LNP_100,4LNP,10,3.67,5,Test,
replica3_4LNP_100,4LNP,10,3.67,5,Test,
replica4_4LNP_100,4LNP,10,3.67,5,Test,
replica5_4LNP_100,4LNP,10,3.67,5,Test,
replica1_4M1D_1,4M1D,14,7.64,138,Train,182
replica2_4M1D_1,4M1D,14,7.64,138,Train,182
replica3_4M1D_1,4M1D,14,7.64,138,Train,182
replica4_4M1D_1,4M1D,14,7.64,138,Train,182
replica5_4M1D_1,4M1D,14,7.64,138,Train,182
replica1_4M1D_8,4M1D,14,7.64,138,Train,182
replica2_4M1D_8,4M1D,14,7.64,138,Train,182
replica3_4M1D_8,4M1D,14,7.64,138,Train,182
replica4_4M1D_8,4M1D,14,7.64,138,Train,182
replica5_4M1D_8,4M1D,14,7.64,138,Train,182
replica1_4M1D_14,4M1D,14,7.64,138,Train,182
replica2_4M1D_14,4M1D,14,7.64,138,Train,182
replica3_4M1D_14,4M1D,14,7.64,138,Train,182
replica4_4M1D_14,4M1D,14,7.64,138,Train,182
replica5_4M1D_14,4M1D,14,7.64,138,Train,182
replica1_4M1D_21,4M1D,14,7.64,138,Train,182
replica2_4M1D_21,4M1D,14,7.64,138,Train,182
replica3_4M1D_21,4M1D,14,7.64,138,Train,182
replica4_4M1D_21,4M1D,14,7.64,138,Train,182
replica5_4M1D_21,4M1D,14,7.64,138,Train,182
replica1_4M1D_27,4M1D,14,7.64,138,Train,182
replica2_4M1D_27,4M1D,14,7.64,138,Train,182
replica3_4M1D_27,4M1D,14,7.64,138,Train,182
replica4_4M1D_27,4M1D,14,7.64,138,Train,182
replica5_4M1D_27,4M1D,14,7.64,138,Train,182
replica1_4M1D_34,4M1D,14,7.64,138,Train,182
replica2_4M1D_34,4M1D,14,7.64,138,Train,182
replica3_4M1D_34,4M1D,14,7.64,138,Train,182
replica4_4M1D_34,4M1D,14,7.64,138,Train,182
replica5_4M1D_34,4M1D,14,7.64,138,Train,182
replica1_4M1D_41,4M1D,14,7.64,138,Train,182
replica2_4M1D_41,4M1D,14,7.64,138,Train,182
replica3_4M1D_41,4M1D,14,7.64,138,Train,182
replica4_4M1D_41,4M1D,14,7.64,138,Train,182
replica5_4M1D_41,4M1D,14,7.64,138,Train,182
replica1_4M1D_47,4M1D,14,7.64,138,Train,182
replica2_4M1D_47,4M1D,14,7.64,138,Train,182
replica3_4M1D_47,4M1D,14,7.64,138,Train,182
replica4_4M1D_47,4M1D,14,7.64,138,Train,182
replica5_4M1D_47,4M1D,14,7.64,138,Train,182
replica1_4M1D_54,4M1D,14,7.64,138,Train,182
replica2_4M1D_54,4M1D,14,7.64,138,Train,182
replica3_4M1D_54,4M1D,14,7.64,138,Train,182
replica4_4M1D_54,4M1D,14,7.64,138,Train,182
replica5_4M1D_54,4M1D,14,7.64,138,Train,182
replica1_4M1D_60,4M1D,14,7.64,138,Train,182
replica2_4M1D_60,4M1D,14,7.64,138,Train,182
replica3_4M1D_60,4M1D,14,7.64,138,Train,182
replica4_4M1D_60,4M1D,14,7.64,138,Train,182
replica5_4M1D_60,4M1D,14,7.64,138,Train,182
replica1_4M1D_67,4M1D,14,7.64,138,Train,182
replica2_4M1D_67,4M1D,14,7.64,138,Train,182
replica3_4M1D_67,4M1D,14,7.64,138,Train,182
replica4_4M1D_67,4M1D,14,7.64,138,Train,182
replica5_4M1D_67,4M1D,14,7.64,138,Train,182
replica1_4M1D_74,4M1D,14,7.64,138,Train,182
replica2_4M1D_74,4M1D,14,7.64,138,Train,182
replica3_4M1D_74,4M1D,14,7.64,138,Train,182
replica4_4M1D_74,4M1D,14,7.64,138,Train,182
replica5_4M1D_74,4M1D,14,7.64,138,Train,182
replica1_4M1D_80,4M1D,14,7.64,138,Train,182
replica2_4M1D_80,4M1D,14,7.64,138,Train,182
replica3_4M1D_80,4M1D,14,7.64,138,Train,182
replica4_4M1D_80,4M1D,14,7.64,138,Train,182
replica5_4M1D_80,4M1D,14,7.64,138,Train,182
replica1_4M1D_87,4M1D,14,7.64,138,Train,182
replica2_4M1D_87,4M1D,14,7.64,138,Train,182
replica3_4M1D_87,4M1D,14,7.64,138,Train,182
replica4_4M1D_87,4M1D,14,7.64,138,Train,182
replica5_4M1D_87,4M1D,14,7.64,138,Train,182
replica1_4M1D_93,4M1D,14,7.64,138,Train,182
replica2_4M1D_93,4M1D,14,7.64,138,Train,182
replica3_4M1D_93,4M1D,14,7.64,138,Train,182
replica4_4M1D_93,4M1D,14,7.64,138,Train,182
replica5_4M1D_93,4M1D,14,7.64,138,Train,182
replica1_4M1D_100,4M1D,14,7.64,138,Train,182
replica2_4M1D_100,4M1D,14,7.64,138,Train,182
replica3_4M1D_100,4M1D,14,7.64,138,Train,182
replica4_4M1D_100,4M1D,14,7.64,138,Train,182
replica5_4M1D_100,4M1D,14,7.64,138,Train,182
replica1_4M7C_1,4M7C,13,6.12,139,Train,183
replica2_4M7C_1,4M7C,13,6.12,139,Train,183
replica3_4M7C_1,4M7C,13,6.12,139,Train,183
replica4_4M7C_1,4M7C,13,6.12,139,Train,183
replica5_4M7C_1,4M7C,13,6.12,139,Train,183
replica1_4M7C_8,4M7C,13,6.12,139,Train,183
replica2_4M7C_8,4M7C,13,6.12,139,Train,183
replica3_4M7C_8,4M7C,13,6.12,139,Train,183
replica4_4M7C_8,4M7C,13,6.12,139,Train,183
replica5_4M7C_8,4M7C,13,6.12,139,Train,183
replica1_4M7C_14,4M7C,13,6.12,139,Train,183
replica2_4M7C_14,4M7C,13,6.12,139,Train,183
replica3_4M7C_14,4M7C,13,6.12,139,Train,183
replica4_4M7C_14,4M7C,13,6.12,139,Train,183
replica5_4M7C_14,4M7C,13,6.12,139,Train,183
replica1_4M7C_21,4M7C,13,6.12,139,Train,183
replica2_4M7C_21,4M7C,13,6.12,139,Train,183
replica3_4M7C_21,4M7C,13,6.12,139,Train,183
replica4_4M7C_21,4M7C,13,6.12,139,Train,183
replica5_4M7C_21,4M7C,13,6.12,139,Train,183
replica1_4M7C_27,4M7C,13,6.12,139,Train,183
replica2_4M7C_27,4M7C,13,6.12,139,Train,183
replica3_4M7C_27,4M7C,13,6.12,139,Train,183
replica4_4M7C_27,4M7C,13,6.12,139,Train,183
replica5_4M7C_27,4M7C,13,6.12,139,Train,183
replica1_4M7C_34,4M7C,13,6.12,139,Train,183
replica2_4M7C_34,4M7C,13,6.12,139,Train,183
replica3_4M7C_34,4M7C,13,6.12,139,Train,183
replica4_4M7C_34,4M7C,13,6.12,139,Train,183
replica5_4M7C_34,4M7C,13,6.12,139,Train,183
replica1_4M7C_41,4M7C,13,6.12,139,Train,183
replica2_4M7C_41,4M7C,13,6.12,139,Train,183
replica3_4M7C_41,4M7C,13,6.12,139,Train,183
replica4_4M7C_41,4M7C,13,6.12,139,Train,183
replica5_4M7C_41,4M7C,13,6.12,139,Train,183
replica1_4M7C_47,4M7C,13,6.12,139,Train,183
replica2_4M7C_47,4M7C,13,6.12,139,Train,183
replica3_4M7C_47,4M7C,13,6.12,139,Train,183
replica4_4M7C_47,4M7C,13,6.12,139,Train,183
replica5_4M7C_47,4M7C,13,6.12,139,Train,183
replica1_4M7C_54,4M7C,13,6.12,139,Train,183
replica2_4M7C_54,4M7C,13,6.12,139,Train,183
replica3_4M7C_54,4M7C,13,6.12,139,Train,183
replica4_4M7C_54,4M7C,13,6.12,139,Train,183
replica5_4M7C_54,4M7C,13,6.12,139,Train,183
replica1_4M7C_60,4M7C,13,6.12,139,Train,183
replica2_4M7C_60,4M7C,13,6.12,139,Train,183
replica3_4M7C_60,4M7C,13,6.12,139,Train,183
replica4_4M7C_60,4M7C,13,6.12,139,Train,183
replica5_4M7C_60,4M7C,13,6.12,139,Train,183
replica1_4M7C_67,4M7C,13,6.12,139,Train,183
replica2_4M7C_67,4M7C,13,6.12,139,Train,183
replica3_4M7C_67,4M7C,13,6.12,139,Train,183
replica4_4M7C_67,4M7C,13,6.12,139,Train,183
replica5_4M7C_67,4M7C,13,6.12,139,Train,183
replica1_4M7C_74,4M7C,13,6.12,139,Train,183
replica2_4M7C_74,4M7C,13,6.12,139,Train,183
replica3_4M7C_74,4M7C,13,6.12,139,Train,183
replica4_4M7C_74,4M7C,13,6.12,139,Train,183
replica5_4M7C_74,4M7C,13,6.12,139,Train,183
replica1_4M7C_80,4M7C,13,6.12,139,Train,183
replica2_4M7C_80,4M7C,13,6.12,139,Train,183
replica3_4M7C_80,4M7C,13,6.12,139,Train,183
replica4_4M7C_80,4M7C,13,6.12,139,Train,183
replica5_4M7C_80,4M7C,13,6.12,139,Train,183
replica1_4M7C_87,4M7C,13,6.12,139,Train,183
replica2_4M7C_87,4M7C,13,6.12,139,Train,183
replica3_4M7C_87,4M7C,13,6.12,139,Train,183
replica4_4M7C_87,4M7C,13,6.12,139,Train,183
replica5_4M7C_87,4M7C,13,6.12,139,Train,183
replica1_4M7C_93,4M7C,13,6.12,139,Train,183
replica2_4M7C_93,4M7C,13,6.12,139,Train,183
replica3_4M7C_93,4M7C,13,6.12,139,Train,183
replica4_4M7C_93,4M7C,13,6.12,139,Train,183
replica5_4M7C_93,4M7C,13,6.12,139,Train,183
replica1_4M7C_100,4M7C,13,6.12,139,Train,183
replica2_4M7C_100,4M7C,13,6.12,139,Train,183
replica3_4M7C_100,4M7C,13,6.12,139,Train,183
replica4_4M7C_100,4M7C,13,6.12,139,Train,183
replica5_4M7C_100,4M7C,13,6.12,139,Train,183
replica1_4MJI_1,4MJI,8,4.09,12,Train,184
replica2_4MJI_1,4MJI,8,4.09,12,Train,184
replica3_4MJI_1,4MJI,8,4.09,12,Train,184
replica4_4MJI_1,4MJI,8,4.09,12,Train,184
replica5_4MJI_1,4MJI,8,4.09,12,Train,184
replica1_4MJI_26,4MJI,8,4.09,12,Train,184
replica2_4MJI_26,4MJI,8,4.09,12,Train,184
replica3_4MJI_26,4MJI,8,4.09,12,Train,184
replica4_4MJI_26,4MJI,8,4.09,12,Train,184
replica5_4MJI_26,4MJI,8,4.09,12,Train,184
replica1_4MJI_51,4MJI,8,4.09,12,Train,184
replica2_4MJI_51,4MJI,8,4.09,12,Train,184
replica3_4MJI_51,4MJI,8,4.09,12,Train,184
replica4_4MJI_51,4MJI,8,4.09,12,Train,184
replica5_4MJI_51,4MJI,8,4.09,12,Train,184
replica1_4MJI_75,4MJI,8,4.09,12,Train,184
replica2_4MJI_75,4MJI,8,4.09,12,Train,184
replica3_4MJI_75,4MJI,8,4.09,12,Train,184
replica4_4MJI_75,4MJI,8,4.09,12,Train,184
replica5_4MJI_75,4MJI,8,4.09,12,Train,184
replica1_4MJI_100,4MJI,8,4.09,12,Train,184
replica2_4MJI_100,4MJI,8,4.09,12,Train,184
replica3_4MJI_100,4MJI,8,4.09,12,Train,184
replica4_4MJI_100,4MJI,8,4.09,12,Train,184
replica5_4MJI_100,4MJI,8,4.09,12,Train,184
replica1_4MNQ_1,4MNQ,9,4.43,12,Train,185
replica2_4MNQ_1,4MNQ,9,4.43,12,Train,185
replica3_4MNQ_1,4MNQ,9,4.43,12,Train,185
replica4_4MNQ_1,4MNQ,9,4.43,12,Train,185
replica5_4MNQ_1,4MNQ,9,4.43,12,Train,185
replica1_4MNQ_8,4MNQ,9,4.43,12,Train,185
replica2_4MNQ_8,4MNQ,9,4.43,12,Train,185
replica3_4MNQ_8,4MNQ,9,4.43,12,Train,185
replica4_4MNQ_8,4MNQ,9,4.43,12,Train,185
replica5_4MNQ_8,4MNQ,9,4.43,12,Train,185
replica1_4MNQ_14,4MNQ,9,4.43,12,Train,185
replica2_4MNQ_14,4MNQ,9,4.43,12,Train,185
replica3_4MNQ_14,4MNQ,9,4.43,12,Train,185
replica4_4MNQ_14,4MNQ,9,4.43,12,Train,185
replica5_4MNQ_14,4MNQ,9,4.43,12,Train,185
replica1_4MNQ_21,4MNQ,9,4.43,12,Train,185
replica2_4MNQ_21,4MNQ,9,4.43,12,Train,185
replica3_4MNQ_21,4MNQ,9,4.43,12,Train,185
replica4_4MNQ_21,4MNQ,9,4.43,12,Train,185
replica5_4MNQ_21,4MNQ,9,4.43,12,Train,185
replica1_4MNQ_27,4MNQ,9,4.43,12,Train,185
replica2_4MNQ_27,4MNQ,9,4.43,12,Train,185
replica3_4MNQ_27,4MNQ,9,4.43,12,Train,185
replica4_4MNQ_27,4MNQ,9,4.43,12,Train,185
replica5_4MNQ_27,4MNQ,9,4.43,12,Train,185
replica1_4MNQ_34,4MNQ,9,4.43,12,Train,185
replica2_4MNQ_34,4MNQ,9,4.43,12,Train,185
replica3_4MNQ_34,4MNQ,9,4.43,12,Train,185
replica4_4MNQ_34,4MNQ,9,4.43,12,Train,185
replica5_4MNQ_34,4MNQ,9,4.43,12,Train,185
replica1_4MNQ_41,4MNQ,9,4.43,12,Train,185
replica2_4MNQ_41,4MNQ,9,4.43,12,Train,185
replica3_4MNQ_41,4MNQ,9,4.43,12,Train,185
replica4_4MNQ_41,4MNQ,9,4.43,12,Train,185
replica5_4MNQ_41,4MNQ,9,4.43,12,Train,185
replica1_4MNQ_47,4MNQ,9,4.43,12,Train,185
replica2_4MNQ_47,4MNQ,9,4.43,12,Train,185
replica3_4MNQ_47,4MNQ,9,4.43,12,Train,185
replica4_4MNQ_47,4MNQ,9,4.43,12,Train,185
replica5_4MNQ_47,4MNQ,9,4.43,12,Train,185
replica1_4MNQ_54,4MNQ,9,4.43,12,Train,185
replica2_4MNQ_54,4MNQ,9,4.43,12,Train,185
replica3_4MNQ_54,4MNQ,9,4.43,12,Train,185
replica4_4MNQ_54,4MNQ,9,4.43,12,Train,185
replica5_4MNQ_54,4MNQ,9,4.43,12,Train,185
replica1_4MNQ_60,4MNQ,9,4.43,12,Train,185
replica2_4MNQ_60,4MNQ,9,4.43,12,Train,185
replica3_4MNQ_60,4MNQ,9,4.43,12,Train,185
replica4_4MNQ_60,4MNQ,9,4.43,12,Train,185
replica5_4MNQ_60,4MNQ,9,4.43,12,Train,185
replica1_4MNQ_67,4MNQ,9,4.43,12,Train,185
replica2_4MNQ_67,4MNQ,9,4.43,12,Train,185
replica3_4MNQ_67,4MNQ,9,4.43,12,Train,185
replica4_4MNQ_67,4MNQ,9,4.43,12,Train,185
replica5_4MNQ_67,4MNQ,9,4.43,12,Train,185
replica1_4MNQ_74,4MNQ,9,4.43,12,Train,185
replica2_4MNQ_74,4MNQ,9,4.43,12,Train,185
replica3_4MNQ_74,4MNQ,9,4.43,12,Train,185
replica4_4MNQ_74,4MNQ,9,4.43,12,Train,185
replica5_4MNQ_74,4MNQ,9,4.43,12,Train,185
replica1_4MNQ_80,4MNQ,9,4.43,12,Train,185
replica2_4MNQ_80,4MNQ,9,4.43,12,Train,185
replica3_4MNQ_80,4MNQ,9,4.43,12,Train,185
replica4_4MNQ_80,4MNQ,9,4.43,12,Train,185
replica5_4MNQ_80,4MNQ,9,4.43,12,Train,185
replica1_4MNQ_87,4MNQ,9,4.43,12,Train,185
replica2_4MNQ_87,4MNQ,9,4.43,12,Train,185
replica3_4MNQ_87,4MNQ,9,4.43,12,Train,185
replica4_4MNQ_87,4MNQ,9,4.43,12,Train,185
replica5_4MNQ_87,4MNQ,9,4.43,12,Train,185
replica1_4MNQ_93,4MNQ,9,4.43,12,Train,185
replica2_4MNQ_93,4MNQ,9,4.43,12,Train,185
replica3_4MNQ_93,4MNQ,9,4.43,12,Train,185
replica4_4MNQ_93,4MNQ,9,4.43,12,Train,185
replica5_4MNQ_93,4MNQ,9,4.43,12,Train,185
replica1_4MNQ_100,4MNQ,9,4.43,12,Train,185
replica2_4MNQ_100,4MNQ,9,4.43,12,Train,185
replica3_4MNQ_100,4MNQ,9,4.43,12,Train,185
replica4_4MNQ_100,4MNQ,9,4.43,12,Train,185
replica5_4MNQ_100,4MNQ,9,4.43,12,Train,185
replica1_4N7H_1,4N7H,13,5.48,140,Test,
replica2_4N7H_1,4N7H,13,5.48,140,Test,
replica3_4N7H_1,4N7H,13,5.48,140,Test,
replica4_4N7H_1,4N7H,13,5.48,140,Test,
replica5_4N7H_1,4N7H,13,5.48,140,Test,
replica1_4N7H_8,4N7H,13,5.48,140,Test,
replica2_4N7H_8,4N7H,13,5.48,140,Test,
replica3_4N7H_8,4N7H,13,5.48,140,Test,
replica4_4N7H_8,4N7H,13,5.48,140,Test,
replica5_4N7H_8,4N7H,13,5.48,140,Test,
replica1_4N7H_14,4N7H,13,5.48,140,Test,
replica2_4N7H_14,4N7H,13,5.48,140,Test,
replica3_4N7H_14,4N7H,13,5.48,140,Test,
replica4_4N7H_14,4N7H,13,5.48,140,Test,
replica5_4N7H_14,4N7H,13,5.48,140,Test,
replica1_4N7H_21,4N7H,13,5.48,140,Test,
replica2_4N7H_21,4N7H,13,5.48,140,Test,
replica3_4N7H_21,4N7H,13,5.48,140,Test,
replica4_4N7H_21,4N7H,13,5.48,140,Test,
replica5_4N7H_21,4N7H,13,5.48,140,Test,
replica1_4N7H_27,4N7H,13,5.48,140,Test,
replica2_4N7H_27,4N7H,13,5.48,140,Test,
replica3_4N7H_27,4N7H,13,5.48,140,Test,
replica4_4N7H_27,4N7H,13,5.48,140,Test,
replica5_4N7H_27,4N7H,13,5.48,140,Test,
replica1_4N7H_34,4N7H,13,5.48,140,Test,
replica2_4N7H_34,4N7H,13,5.48,140,Test,
replica3_4N7H_34,4N7H,13,5.48,140,Test,
replica4_4N7H_34,4N7H,13,5.48,140,Test,
replica5_4N7H_34,4N7H,13,5.48,140,Test,
replica1_4N7H_41,4N7H,13,5.48,140,Test,
replica2_4N7H_41,4N7H,13,5.48,140,Test,
replica3_4N7H_41,4N7H,13,5.48,140,Test,
replica4_4N7H_41,4N7H,13,5.48,140,Test,
replica5_4N7H_41,4N7H,13,5.48,140,Test,
replica1_4N7H_47,4N7H,13,5.48,140,Test,
replica2_4N7H_47,4N7H,13,5.48,140,Test,
replica3_4N7H_47,4N7H,13,5.48,140,Test,
replica4_4N7H_47,4N7H,13,5.48,140,Test,
replica5_4N7H_47,4N7H,13,5.48,140,Test,
replica1_4N7H_54,4N7H,13,5.48,140,Test,
replica2_4N7H_54,4N7H,13,5.48,140,Test,
replica3_4N7H_54,4N7H,13,5.48,140,Test,
replica4_4N7H_54,4N7H,13,5.48,140,Test,
replica5_4N7H_54,4N7H,13,5.48,140,Test,
replica1_4N7H_60,4N7H,13,5.48,140,Test,
replica2_4N7H_60,4N7H,13,5.48,140,Test,
replica3_4N7H_60,4N7H,13,5.48,140,Test,
replica4_4N7H_60,4N7H,13,5.48,140,Test,
replica5_4N7H_60,4N7H,13,5.48,140,Test,
replica1_4N7H_67,4N7H,13,5.48,140,Test,
replica2_4N7H_67,4N7H,13,5.48,140,Test,
replica3_4N7H_67,4N7H,13,5.48,140,Test,
replica4_4N7H_67,4N7H,13,5.48,140,Test,
replica5_4N7H_67,4N7H,13,5.48,140,Test,
replica1_4N7H_74,4N7H,13,5.48,140,Test,
replica2_4N7H_74,4N7H,13,5.48,140,Test,
replica3_4N7H_74,4N7H,13,5.48,140,Test,
replica4_4N7H_74,4N7H,13,5.48,140,Test,
replica5_4N7H_74,4N7H,13,5.48,140,Test,
replica1_4N7H_80,4N7H,13,5.48,140,Test,
replica2_4N7H_80,4N7H,13,5.48,140,Test,
replica3_4N7H_80,4N7H,13,5.48,140,Test,
replica4_4N7H_80,4N7H,13,5.48,140,Test,
replica5_4N7H_80,4N7H,13,5.48,140,Test,
replica1_4N7H_87,4N7H,13,5.48,140,Test,
replica2_4N7H_87,4N7H,13,5.48,140,Test,
replica3_4N7H_87,4N7H,13,5.48,140,Test,
replica4_4N7H_87,4N7H,13,5.48,140,Test,
replica5_4N7H_87,4N7H,13,5.48,140,Test,
replica1_4N7H_93,4N7H,13,5.48,140,Test,
replica2_4N7H_93,4N7H,13,5.48,140,Test,
replica3_4N7H_93,4N7H,13,5.48,140,Test,
replica4_4N7H_93,4N7H,13,5.48,140,Test,
replica5_4N7H_93,4N7H,13,5.48,140,Test,
replica1_4N7H_100,4N7H,13,5.48,140,Test,
replica2_4N7H_100,4N7H,13,5.48,140,Test,
replica3_4N7H_100,4N7H,13,5.48,140,Test,
replica4_4N7H_100,4N7H,13,5.48,140,Test,
replica5_4N7H_100,4N7H,13,5.48,140,Test,
replica1_4NXQ_1,4NXQ,8,4.74,97,Train,186
replica2_4NXQ_1,4NXQ,8,4.74,97,Train,186
replica3_4NXQ_1,4NXQ,8,4.74,97,Train,186
replica4_4NXQ_1,4NXQ,8,4.74,97,Train,186
replica5_4NXQ_1,4NXQ,8,4.74,97,Train,186
replica1_4NXQ_15,4NXQ,8,4.74,97,Train,186
replica2_4NXQ_15,4NXQ,8,4.74,97,Train,186
replica3_4NXQ_15,4NXQ,8,4.74,97,Train,186
replica4_4NXQ_15,4NXQ,8,4.74,97,Train,186
replica5_4NXQ_15,4NXQ,8,4.74,97,Train,186
replica1_4NXQ_29,4NXQ,8,4.74,97,Train,186
replica2_4NXQ_29,4NXQ,8,4.74,97,Train,186
replica3_4NXQ_29,4NXQ,8,4.74,97,Train,186
replica4_4NXQ_29,4NXQ,8,4.74,97,Train,186
replica5_4NXQ_29,4NXQ,8,4.74,97,Train,186
replica1_4NXQ_43,4NXQ,8,4.74,97,Train,186
replica2_4NXQ_43,4NXQ,8,4.74,97,Train,186
replica3_4NXQ_43,4NXQ,8,4.74,97,Train,186
replica4_4NXQ_43,4NXQ,8,4.74,97,Train,186
replica5_4NXQ_43,4NXQ,8,4.74,97,Train,186
replica1_4NXQ_58,4NXQ,8,4.74,97,Train,186
replica2_4NXQ_58,4NXQ,8,4.74,97,Train,186
replica3_4NXQ_58,4NXQ,8,4.74,97,Train,186
replica4_4NXQ_58,4NXQ,8,4.74,97,Train,186
replica5_4NXQ_58,4NXQ,8,4.74,97,Train,186
replica1_4NXQ_72,4NXQ,8,4.74,97,Train,186
replica2_4NXQ_72,4NXQ,8,4.74,97,Train,186
replica3_4NXQ_72,4NXQ,8,4.74,97,Train,186
replica4_4NXQ_72,4NXQ,8,4.74,97,Train,186
replica5_4NXQ_72,4NXQ,8,4.74,97,Train,186
replica1_4NXQ_86,4NXQ,8,4.74,97,Train,186
replica2_4NXQ_86,4NXQ,8,4.74,97,Train,186
replica3_4NXQ_86,4NXQ,8,4.74,97,Train,186
replica4_4NXQ_86,4NXQ,8,4.74,97,Train,186
replica5_4NXQ_86,4NXQ,8,4.74,97,Train,186
replica1_4NXQ_100,4NXQ,8,4.74,97,Train,186
replica2_4NXQ_100,4NXQ,8,4.74,97,Train,186
replica3_4NXQ_100,4NXQ,8,4.74,97,Train,186
replica4_4NXQ_100,4NXQ,8,4.74,97,Train,186
replica5_4NXQ_100,4NXQ,8,4.74,97,Train,186
replica1_4NY3_1,4NY3,6,4.31,141,Train,187
replica2_4NY3_1,4NY3,6,4.31,141,Train,187
replica3_4NY3_1,4NY3,6,4.31,141,Train,187
replica4_4NY3_1,4NY3,6,4.31,141,Train,187
replica5_4NY3_1,4NY3,6,4.31,141,Train,187
replica1_4NY3_8,4NY3,6,4.31,141,Train,187
replica2_4NY3_8,4NY3,6,4.31,141,Train,187
replica3_4NY3_8,4NY3,6,4.31,141,Train,187
replica4_4NY3_8,4NY3,6,4.31,141,Train,187
replica5_4NY3_8,4NY3,6,4.31,141,Train,187
replica1_4NY3_14,4NY3,6,4.31,141,Train,187
replica2_4NY3_14,4NY3,6,4.31,141,Train,187
replica3_4NY3_14,4NY3,6,4.31,141,Train,187
replica4_4NY3_14,4NY3,6,4.31,141,Train,187
replica5_4NY3_14,4NY3,6,4.31,141,Train,187
replica1_4NY3_21,4NY3,6,4.31,141,Train,187
replica2_4NY3_21,4NY3,6,4.31,141,Train,187
replica3_4NY3_21,4NY3,6,4.31,141,Train,187
replica4_4NY3_21,4NY3,6,4.31,141,Train,187
replica5_4NY3_21,4NY3,6,4.31,141,Train,187
replica1_4NY3_27,4NY3,6,4.31,141,Train,187
replica2_4NY3_27,4NY3,6,4.31,141,Train,187
replica3_4NY3_27,4NY3,6,4.31,141,Train,187
replica4_4NY3_27,4NY3,6,4.31,141,Train,187
replica5_4NY3_27,4NY3,6,4.31,141,Train,187
replica1_4NY3_34,4NY3,6,4.31,141,Train,187
replica2_4NY3_34,4NY3,6,4.31,141,Train,187
replica3_4NY3_34,4NY3,6,4.31,141,Train,187
replica4_4NY3_34,4NY3,6,4.31,141,Train,187
replica5_4NY3_34,4NY3,6,4.31,141,Train,187
replica1_4NY3_41,4NY3,6,4.31,141,Train,187
replica2_4NY3_41,4NY3,6,4.31,141,Train,187
replica3_4NY3_41,4NY3,6,4.31,141,Train,187
replica4_4NY3_41,4NY3,6,4.31,141,Train,187
replica5_4NY3_41,4NY3,6,4.31,141,Train,187
replica1_4NY3_47,4NY3,6,4.31,141,Train,187
replica2_4NY3_47,4NY3,6,4.31,141,Train,187
replica3_4NY3_47,4NY3,6,4.31,141,Train,187
replica4_4NY3_47,4NY3,6,4.31,141,Train,187
replica5_4NY3_47,4NY3,6,4.31,141,Train,187
replica1_4NY3_54,4NY3,6,4.31,141,Train,187
replica2_4NY3_54,4NY3,6,4.31,141,Train,187
replica3_4NY3_54,4NY3,6,4.31,141,Train,187
replica4_4NY3_54,4NY3,6,4.31,141,Train,187
replica5_4NY3_54,4NY3,6,4.31,141,Train,187
replica1_4NY3_60,4NY3,6,4.31,141,Train,187
replica2_4NY3_60,4NY3,6,4.31,141,Train,187
replica3_4NY3_60,4NY3,6,4.31,141,Train,187
replica4_4NY3_60,4NY3,6,4.31,141,Train,187
replica5_4NY3_60,4NY3,6,4.31,141,Train,187
replica1_4NY3_67,4NY3,6,4.31,141,Train,187
replica2_4NY3_67,4NY3,6,4.31,141,Train,187
replica3_4NY3_67,4NY3,6,4.31,141,Train,187
replica4_4NY3_67,4NY3,6,4.31,141,Train,187
replica5_4NY3_67,4NY3,6,4.31,141,Train,187
replica1_4NY3_74,4NY3,6,4.31,141,Train,187
replica2_4NY3_74,4NY3,6,4.31,141,Train,187
replica3_4NY3_74,4NY3,6,4.31,141,Train,187
replica4_4NY3_74,4NY3,6,4.31,141,Train,187
replica5_4NY3_74,4NY3,6,4.31,141,Train,187
replica1_4NY3_80,4NY3,6,4.31,141,Train,187
replica2_4NY3_80,4NY3,6,4.31,141,Train,187
replica3_4NY3_80,4NY3,6,4.31,141,Train,187
replica4_4NY3_80,4NY3,6,4.31,141,Train,187
replica5_4NY3_80,4NY3,6,4.31,141,Train,187
replica1_4NY3_87,4NY3,6,4.31,141,Train,187
replica2_4NY3_87,4NY3,6,4.31,141,Train,187
replica3_4NY3_87,4NY3,6,4.31,141,Train,187
replica4_4NY3_87,4NY3,6,4.31,141,Train,187
replica5_4NY3_87,4NY3,6,4.31,141,Train,187
replica1_4NY3_93,4NY3,6,4.31,141,Train,187
replica2_4NY3_93,4NY3,6,4.31,141,Train,187
replica3_4NY3_93,4NY3,6,4.31,141,Train,187
replica4_4NY3_93,4NY3,6,4.31,141,Train,187
replica5_4NY3_93,4NY3,6,4.31,141,Train,187
replica1_4NY3_100,4NY3,6,4.31,141,Train,187
replica2_4NY3_100,4NY3,6,4.31,141,Train,187
replica3_4NY3_100,4NY3,6,4.31,141,Train,187
replica4_4NY3_100,4NY3,6,4.31,141,Train,187
replica5_4NY3_100,4NY3,6,4.31,141,Train,187
replica1_4O36_1,4O36,15,6.36,142,Test,
replica2_4O36_1,4O36,15,6.36,142,Test,
replica3_4O36_1,4O36,15,6.36,142,Test,
replica4_4O36_1,4O36,15,6.36,142,Test,
replica5_4O36_1,4O36,15,6.36,142,Test,
replica1_4O36_8,4O36,15,6.36,142,Test,
replica2_4O36_8,4O36,15,6.36,142,Test,
replica3_4O36_8,4O36,15,6.36,142,Test,
replica4_4O36_8,4O36,15,6.36,142,Test,
replica5_4O36_8,4O36,15,6.36,142,Test,
replica1_4O36_14,4O36,15,6.36,142,Test,
replica2_4O36_14,4O36,15,6.36,142,Test,
replica3_4O36_14,4O36,15,6.36,142,Test,
replica4_4O36_14,4O36,15,6.36,142,Test,
replica5_4O36_14,4O36,15,6.36,142,Test,
replica1_4O36_21,4O36,15,6.36,142,Test,
replica2_4O36_21,4O36,15,6.36,142,Test,
replica3_4O36_21,4O36,15,6.36,142,Test,
replica4_4O36_21,4O36,15,6.36,142,Test,
replica5_4O36_21,4O36,15,6.36,142,Test,
replica1_4O36_27,4O36,15,6.36,142,Test,
replica2_4O36_27,4O36,15,6.36,142,Test,
replica3_4O36_27,4O36,15,6.36,142,Test,
replica4_4O36_27,4O36,15,6.36,142,Test,
replica5_4O36_27,4O36,15,6.36,142,Test,
replica1_4O36_34,4O36,15,6.36,142,Test,
replica2_4O36_34,4O36,15,6.36,142,Test,
replica3_4O36_34,4O36,15,6.36,142,Test,
replica4_4O36_34,4O36,15,6.36,142,Test,
replica5_4O36_34,4O36,15,6.36,142,Test,
replica1_4O36_41,4O36,15,6.36,142,Test,
replica2_4O36_41,4O36,15,6.36,142,Test,
replica3_4O36_41,4O36,15,6.36,142,Test,
replica4_4O36_41,4O36,15,6.36,142,Test,
replica5_4O36_41,4O36,15,6.36,142,Test,
replica1_4O36_47,4O36,15,6.36,142,Test,
replica2_4O36_47,4O36,15,6.36,142,Test,
replica3_4O36_47,4O36,15,6.36,142,Test,
replica4_4O36_47,4O36,15,6.36,142,Test,
replica5_4O36_47,4O36,15,6.36,142,Test,
replica1_4O36_54,4O36,15,6.36,142,Test,
replica2_4O36_54,4O36,15,6.36,142,Test,
replica3_4O36_54,4O36,15,6.36,142,Test,
replica4_4O36_54,4O36,15,6.36,142,Test,
replica5_4O36_54,4O36,15,6.36,142,Test,
replica1_4O36_60,4O36,15,6.36,142,Test,
replica2_4O36_60,4O36,15,6.36,142,Test,
replica3_4O36_60,4O36,15,6.36,142,Test,
replica4_4O36_60,4O36,15,6.36,142,Test,
replica5_4O36_60,4O36,15,6.36,142,Test,
replica1_4O36_67,4O36,15,6.36,142,Test,
replica2_4O36_67,4O36,15,6.36,142,Test,
replica3_4O36_67,4O36,15,6.36,142,Test,
replica4_4O36_67,4O36,15,6.36,142,Test,
replica5_4O36_67,4O36,15,6.36,142,Test,
replica1_4O36_74,4O36,15,6.36,142,Test,
replica2_4O36_74,4O36,15,6.36,142,Test,
replica3_4O36_74,4O36,15,6.36,142,Test,
replica4_4O36_74,4O36,15,6.36,142,Test,
replica5_4O36_74,4O36,15,6.36,142,Test,
replica1_4O36_80,4O36,15,6.36,142,Test,
replica2_4O36_80,4O36,15,6.36,142,Test,
replica3_4O36_80,4O36,15,6.36,142,Test,
replica4_4O36_80,4O36,15,6.36,142,Test,
replica5_4O36_80,4O36,15,6.36,142,Test,
replica1_4O36_87,4O36,15,6.36,142,Test,
replica2_4O36_87,4O36,15,6.36,142,Test,
replica3_4O36_87,4O36,15,6.36,142,Test,
replica4_4O36_87,4O36,15,6.36,142,Test,
replica5_4O36_87,4O36,15,6.36,142,Test,
replica1_4O36_93,4O36,15,6.36,142,Test,
replica2_4O36_93,4O36,15,6.36,142,Test,
replica3_4O36_93,4O36,15,6.36,142,Test,
replica4_4O36_93,4O36,15,6.36,142,Test,
replica5_4O36_93,4O36,15,6.36,142,Test,
replica1_4O36_100,4O36,15,6.36,142,Test,
replica2_4O36_100,4O36,15,6.36,142,Test,
replica3_4O36_100,4O36,15,6.36,142,Test,
replica4_4O36_100,4O36,15,6.36,142,Test,
replica5_4O36_100,4O36,15,6.36,142,Test,
replica1_4O3T_1,4O3T,11,4.37,143,Train,188
replica2_4O3T_1,4O3T,11,4.37,143,Train,188
replica3_4O3T_1,4O3T,11,4.37,143,Train,188
replica4_4O3T_1,4O3T,11,4.37,143,Train,188
replica5_4O3T_1,4O3T,11,4.37,143,Train,188
replica1_4O3T_8,4O3T,11,4.37,143,Train,188
replica2_4O3T_8,4O3T,11,4.37,143,Train,188
replica3_4O3T_8,4O3T,11,4.37,143,Train,188
replica4_4O3T_8,4O3T,11,4.37,143,Train,188
replica5_4O3T_8,4O3T,11,4.37,143,Train,188
replica1_4O3T_14,4O3T,11,4.37,143,Train,188
replica2_4O3T_14,4O3T,11,4.37,143,Train,188
replica3_4O3T_14,4O3T,11,4.37,143,Train,188
replica4_4O3T_14,4O3T,11,4.37,143,Train,188
replica5_4O3T_14,4O3T,11,4.37,143,Train,188
replica1_4O3T_21,4O3T,11,4.37,143,Train,188
replica2_4O3T_21,4O3T,11,4.37,143,Train,188
replica3_4O3T_21,4O3T,11,4.37,143,Train,188
replica4_4O3T_21,4O3T,11,4.37,143,Train,188
replica5_4O3T_21,4O3T,11,4.37,143,Train,188
replica1_4O3T_27,4O3T,11,4.37,143,Train,188
replica2_4O3T_27,4O3T,11,4.37,143,Train,188
replica3_4O3T_27,4O3T,11,4.37,143,Train,188
replica4_4O3T_27,4O3T,11,4.37,143,Train,188
replica5_4O3T_27,4O3T,11,4.37,143,Train,188
replica1_4O3T_34,4O3T,11,4.37,143,Train,188
replica2_4O3T_34,4O3T,11,4.37,143,Train,188
replica3_4O3T_34,4O3T,11,4.37,143,Train,188
replica4_4O3T_34,4O3T,11,4.37,143,Train,188
replica5_4O3T_34,4O3T,11,4.37,143,Train,188
replica1_4O3T_41,4O3T,11,4.37,143,Train,188
replica2_4O3T_41,4O3T,11,4.37,143,Train,188
replica3_4O3T_41,4O3T,11,4.37,143,Train,188
replica4_4O3T_41,4O3T,11,4.37,143,Train,188
replica5_4O3T_41,4O3T,11,4.37,143,Train,188
replica1_4O3T_47,4O3T,11,4.37,143,Train,188
replica2_4O3T_47,4O3T,11,4.37,143,Train,188
replica3_4O3T_47,4O3T,11,4.37,143,Train,188
replica4_4O3T_47,4O3T,11,4.37,143,Train,188
replica5_4O3T_47,4O3T,11,4.37,143,Train,188
replica1_4O3T_54,4O3T,11,4.37,143,Train,188
replica2_4O3T_54,4O3T,11,4.37,143,Train,188
replica3_4O3T_54,4O3T,11,4.37,143,Train,188
replica4_4O3T_54,4O3T,11,4.37,143,Train,188
replica5_4O3T_54,4O3T,11,4.37,143,Train,188
replica1_4O3T_60,4O3T,11,4.37,143,Train,188
replica2_4O3T_60,4O3T,11,4.37,143,Train,188
replica3_4O3T_60,4O3T,11,4.37,143,Train,188
replica4_4O3T_60,4O3T,11,4.37,143,Train,188
replica5_4O3T_60,4O3T,11,4.37,143,Train,188
replica1_4O3T_67,4O3T,11,4.37,143,Train,188
replica2_4O3T_67,4O3T,11,4.37,143,Train,188
replica3_4O3T_67,4O3T,11,4.37,143,Train,188
replica4_4O3T_67,4O3T,11,4.37,143,Train,188
replica5_4O3T_67,4O3T,11,4.37,143,Train,188
replica1_4O3T_74,4O3T,11,4.37,143,Train,188
replica2_4O3T_74,4O3T,11,4.37,143,Train,188
replica3_4O3T_74,4O3T,11,4.37,143,Train,188
replica4_4O3T_74,4O3T,11,4.37,143,Train,188
replica5_4O3T_74,4O3T,11,4.37,143,Train,188
replica1_4O3T_80,4O3T,11,4.37,143,Train,188
replica2_4O3T_80,4O3T,11,4.37,143,Train,188
replica3_4O3T_80,4O3T,11,4.37,143,Train,188
replica4_4O3T_80,4O3T,11,4.37,143,Train,188
replica5_4O3T_80,4O3T,11,4.37,143,Train,188
replica1_4O3T_87,4O3T,11,4.37,143,Train,188
replica2_4O3T_87,4O3T,11,4.37,143,Train,188
replica3_4O3T_87,4O3T,11,4.37,143,Train,188
replica4_4O3T_87,4O3T,11,4.37,143,Train,188
replica5_4O3T_87,4O3T,11,4.37,143,Train,188
replica1_4O3T_93,4O3T,11,4.37,143,Train,188
replica2_4O3T_93,4O3T,11,4.37,143,Train,188
replica3_4O3T_93,4O3T,11,4.37,143,Train,188
replica4_4O3T_93,4O3T,11,4.37,143,Train,188
replica5_4O3T_93,4O3T,11,4.37,143,Train,188
replica1_4O3T_100,4O3T,11,4.37,143,Train,188
replica2_4O3T_100,4O3T,11,4.37,143,Train,188
replica3_4O3T_100,4O3T,11,4.37,143,Train,188
replica4_4O3T_100,4O3T,11,4.37,143,Train,188
replica5_4O3T_100,4O3T,11,4.37,143,Train,188
replica1_4ONF_1,4ONF,7,8.92,78,Train,189
replica2_4ONF_1,4ONF,7,8.92,78,Train,189
replica3_4ONF_1,4ONF,7,8.92,78,Train,189
replica4_4ONF_1,4ONF,7,8.92,78,Train,189
replica5_4ONF_1,4ONF,7,8.92,78,Train,189
replica1_4ONF_26,4ONF,7,8.92,78,Train,189
replica2_4ONF_26,4ONF,7,8.92,78,Train,189
replica3_4ONF_26,4ONF,7,8.92,78,Train,189
replica4_4ONF_26,4ONF,7,8.92,78,Train,189
replica5_4ONF_26,4ONF,7,8.92,78,Train,189
replica1_4ONF_51,4ONF,7,8.92,78,Train,189
replica2_4ONF_51,4ONF,7,8.92,78,Train,189
replica3_4ONF_51,4ONF,7,8.92,78,Train,189
replica4_4ONF_51,4ONF,7,8.92,78,Train,189
replica5_4ONF_51,4ONF,7,8.92,78,Train,189
replica1_4ONF_75,4ONF,7,8.92,78,Train,189
replica2_4ONF_75,4ONF,7,8.92,78,Train,189
replica3_4ONF_75,4ONF,7,8.92,78,Train,189
replica4_4ONF_75,4ONF,7,8.92,78,Train,189
replica5_4ONF_75,4ONF,7,8.92,78,Train,189
replica1_4ONF_100,4ONF,7,8.92,78,Train,189
replica2_4ONF_100,4ONF,7,8.92,78,Train,189
replica3_4ONF_100,4ONF,7,8.92,78,Train,189
replica4_4ONF_100,4ONF,7,8.92,78,Train,189
replica5_4ONF_100,4ONF,7,8.92,78,Train,189
replica1_4OU3_1,4OU3,6,4.41,144,Train,190
replica2_4OU3_1,4OU3,6,4.41,144,Train,190
replica3_4OU3_1,4OU3,6,4.41,144,Train,190
replica4_4OU3_1,4OU3,6,4.41,144,Train,190
replica5_4OU3_1,4OU3,6,4.41,144,Train,190
replica1_4OU3_8,4OU3,6,4.41,144,Train,190
replica2_4OU3_8,4OU3,6,4.41,144,Train,190
replica3_4OU3_8,4OU3,6,4.41,144,Train,190
replica4_4OU3_8,4OU3,6,4.41,144,Train,190
replica5_4OU3_8,4OU3,6,4.41,144,Train,190
replica1_4OU3_14,4OU3,6,4.41,144,Train,190
replica2_4OU3_14,4OU3,6,4.41,144,Train,190
replica3_4OU3_14,4OU3,6,4.41,144,Train,190
replica4_4OU3_14,4OU3,6,4.41,144,Train,190
replica5_4OU3_14,4OU3,6,4.41,144,Train,190
replica1_4OU3_21,4OU3,6,4.41,144,Train,190
replica2_4OU3_21,4OU3,6,4.41,144,Train,190
replica3_4OU3_21,4OU3,6,4.41,144,Train,190
replica4_4OU3_21,4OU3,6,4.41,144,Train,190
replica5_4OU3_21,4OU3,6,4.41,144,Train,190
replica1_4OU3_27,4OU3,6,4.41,144,Train,190
replica2_4OU3_27,4OU3,6,4.41,144,Train,190
replica3_4OU3_27,4OU3,6,4.41,144,Train,190
replica4_4OU3_27,4OU3,6,4.41,144,Train,190
replica5_4OU3_27,4OU3,6,4.41,144,Train,190
replica1_4OU3_34,4OU3,6,4.41,144,Train,190
replica2_4OU3_34,4OU3,6,4.41,144,Train,190
replica3_4OU3_34,4OU3,6,4.41,144,Train,190
replica4_4OU3_34,4OU3,6,4.41,144,Train,190
replica5_4OU3_34,4OU3,6,4.41,144,Train,190
replica1_4OU3_41,4OU3,6,4.41,144,Train,190
replica2_4OU3_41,4OU3,6,4.41,144,Train,190
replica3_4OU3_41,4OU3,6,4.41,144,Train,190
replica4_4OU3_41,4OU3,6,4.41,144,Train,190
replica5_4OU3_41,4OU3,6,4.41,144,Train,190
replica1_4OU3_47,4OU3,6,4.41,144,Train,190
replica2_4OU3_47,4OU3,6,4.41,144,Train,190
replica3_4OU3_47,4OU3,6,4.41,144,Train,190
replica4_4OU3_47,4OU3,6,4.41,144,Train,190
replica5_4OU3_47,4OU3,6,4.41,144,Train,190
replica1_4OU3_54,4OU3,6,4.41,144,Train,190
replica2_4OU3_54,4OU3,6,4.41,144,Train,190
replica3_4OU3_54,4OU3,6,4.41,144,Train,190
replica4_4OU3_54,4OU3,6,4.41,144,Train,190
replica5_4OU3_54,4OU3,6,4.41,144,Train,190
replica1_4OU3_60,4OU3,6,4.41,144,Train,190
replica2_4OU3_60,4OU3,6,4.41,144,Train,190
replica3_4OU3_60,4OU3,6,4.41,144,Train,190
replica4_4OU3_60,4OU3,6,4.41,144,Train,190
replica5_4OU3_60,4OU3,6,4.41,144,Train,190
replica1_4OU3_67,4OU3,6,4.41,144,Train,190
replica2_4OU3_67,4OU3,6,4.41,144,Train,190
replica3_4OU3_67,4OU3,6,4.41,144,Train,190
replica4_4OU3_67,4OU3,6,4.41,144,Train,190
replica5_4OU3_67,4OU3,6,4.41,144,Train,190
replica1_4OU3_74,4OU3,6,4.41,144,Train,190
replica2_4OU3_74,4OU3,6,4.41,144,Train,190
replica3_4OU3_74,4OU3,6,4.41,144,Train,190
replica4_4OU3_74,4OU3,6,4.41,144,Train,190
replica5_4OU3_74,4OU3,6,4.41,144,Train,190
replica1_4OU3_80,4OU3,6,4.41,144,Train,190
replica2_4OU3_80,4OU3,6,4.41,144,Train,190
replica3_4OU3_80,4OU3,6,4.41,144,Train,190
replica4_4OU3_80,4OU3,6,4.41,144,Train,190
replica5_4OU3_80,4OU3,6,4.41,144,Train,190
replica1_4OU3_87,4OU3,6,4.41,144,Train,190
replica2_4OU3_87,4OU3,6,4.41,144,Train,190
replica3_4OU3_87,4OU3,6,4.41,144,Train,190
replica4_4OU3_87,4OU3,6,4.41,144,Train,190
replica5_4OU3_87,4OU3,6,4.41,144,Train,190
replica1_4OU3_93,4OU3,6,4.41,144,Train,190
replica2_4OU3_93,4OU3,6,4.41,144,Train,190
replica3_4OU3_93,4OU3,6,4.41,144,Train,190
replica4_4OU3_93,4OU3,6,4.41,144,Train,190
replica5_4OU3_93,4OU3,6,4.41,144,Train,190
replica1_4OU3_100,4OU3,6,4.41,144,Train,190
replica2_4OU3_100,4OU3,6,4.41,144,Train,190
replica3_4OU3_100,4OU3,6,4.41,144,Train,190
replica4_4OU3_100,4OU3,6,4.41,144,Train,190
replica5_4OU3_100,4OU3,6,4.41,144,Train,190
replica1_4OZ1_1,4OZ1,10,5.62,58,Train,191
replica2_4OZ1_1,4OZ1,10,5.62,58,Train,191
replica4_4OZ1_1,4OZ1,10,5.62,58,Train,191
replica5_4OZ1_1,4OZ1,10,5.62,58,Train,191
replica3_4OZ1_8,4OZ1,10,5.62,58,Train,191
replica4_4OZ1_8,4OZ1,10,5.62,58,Train,191
replica5_4OZ1_8,4OZ1,10,5.62,58,Train,191
replica1_4OZ1_14,4OZ1,10,5.62,58,Train,191
replica2_4OZ1_14,4OZ1,10,5.62,58,Train,191
replica3_4OZ1_14,4OZ1,10,5.62,58,Train,191
replica4_4OZ1_14,4OZ1,10,5.62,58,Train,191
replica5_4OZ1_14,4OZ1,10,5.62,58,Train,191
replica1_4OZ1_21,4OZ1,10,5.62,58,Train,191
replica2_4OZ1_21,4OZ1,10,5.62,58,Train,191
replica3_4OZ1_21,4OZ1,10,5.62,58,Train,191
replica4_4OZ1_21,4OZ1,10,5.62,58,Train,191
replica1_4OZ1_27,4OZ1,10,5.62,58,Train,191
replica4_4OZ1_27,4OZ1,10,5.62,58,Train,191
replica5_4OZ1_27,4OZ1,10,5.62,58,Train,191
replica1_4OZ1_34,4OZ1,10,5.62,58,Train,191
replica2_4OZ1_34,4OZ1,10,5.62,58,Train,191
replica3_4OZ1_34,4OZ1,10,5.62,58,Train,191
replica5_4OZ1_34,4OZ1,10,5.62,58,Train,191
replica2_4OZ1_41,4OZ1,10,5.62,58,Train,191
replica3_4OZ1_41,4OZ1,10,5.62,58,Train,191
replica4_4OZ1_41,4OZ1,10,5.62,58,Train,191
replica5_4OZ1_41,4OZ1,10,5.62,58,Train,191
replica2_4OZ1_47,4OZ1,10,5.62,58,Train,191
replica3_4OZ1_47,4OZ1,10,5.62,58,Train,191
replica4_4OZ1_47,4OZ1,10,5.62,58,Train,191
replica5_4OZ1_47,4OZ1,10,5.62,58,Train,191
replica1_4OZ1_54,4OZ1,10,5.62,58,Train,191
replica2_4OZ1_54,4OZ1,10,5.62,58,Train,191
replica3_4OZ1_54,4OZ1,10,5.62,58,Train,191
replica4_4OZ1_54,4OZ1,10,5.62,58,Train,191
replica1_4OZ1_60,4OZ1,10,5.62,58,Train,191
replica3_4OZ1_60,4OZ1,10,5.62,58,Train,191
replica4_4OZ1_60,4OZ1,10,5.62,58,Train,191
replica5_4OZ1_60,4OZ1,10,5.62,58,Train,191
replica1_4OZ1_67,4OZ1,10,5.62,58,Train,191
replica3_4OZ1_67,4OZ1,10,5.62,58,Train,191
replica4_4OZ1_67,4OZ1,10,5.62,58,Train,191
replica5_4OZ1_67,4OZ1,10,5.62,58,Train,191
replica3_4OZ1_74,4OZ1,10,5.62,58,Train,191
replica4_4OZ1_74,4OZ1,10,5.62,58,Train,191
replica1_4OZ1_80,4OZ1,10,5.62,58,Train,191
replica2_4OZ1_80,4OZ1,10,5.62,58,Train,191
replica3_4OZ1_80,4OZ1,10,5.62,58,Train,191
replica4_4OZ1_80,4OZ1,10,5.62,58,Train,191
replica5_4OZ1_80,4OZ1,10,5.62,58,Train,191
replica3_4OZ1_87,4OZ1,10,5.62,58,Train,191
replica4_4OZ1_87,4OZ1,10,5.62,58,Train,191
replica5_4OZ1_87,4OZ1,10,5.62,58,Train,191
replica1_4OZ1_93,4OZ1,10,5.62,58,Train,191
replica2_4OZ1_93,4OZ1,10,5.62,58,Train,191
replica3_4OZ1_93,4OZ1,10,5.62,58,Train,191
replica4_4OZ1_93,4OZ1,10,5.62,58,Train,191
replica5_4OZ1_93,4OZ1,10,5.62,58,Train,191
replica1_4OZ1_100,4OZ1,10,5.62,58,Train,191
replica2_4OZ1_100,4OZ1,10,5.62,58,Train,191
replica3_4OZ1_100,4OZ1,10,5.62,58,Train,191
replica4_4OZ1_100,4OZ1,10,5.62,58,Train,191
replica5_4OZ1_100,4OZ1,10,5.62,58,Train,191
replica1_4PGB_1,4PGB,9,7.48,12,Train,11
replica2_4PGB_1,4PGB,9,7.48,12,Train,11
replica3_4PGB_1,4PGB,9,7.48,12,Train,11
replica4_4PGB_1,4PGB,9,7.48,12,Train,11
replica5_4PGB_1,4PGB,9,7.48,12,Train,11
replica1_4PGD_1,4PGD,9,6.92,12,Train,192
replica2_4PGD_1,4PGD,9,6.92,12,Train,192
replica3_4PGD_1,4PGD,9,6.92,12,Train,192
replica4_4PGD_1,4PGD,9,6.92,12,Train,192
replica5_4PGD_1,4PGD,9,6.92,12,Train,192
replica1_4PR5_1,4PR5,11,5.66,12,Train,193
replica2_4PR5_1,4PR5,11,5.66,12,Train,193
replica3_4PR5_1,4PR5,11,5.66,12,Train,193
replica4_4PR5_1,4PR5,11,5.66,12,Train,193
replica5_4PR5_1,4PR5,11,5.66,12,Train,193
replica1_4PRA_1,4PRA,11,5.66,12,Train,193
replica2_4PRA_1,4PRA,11,5.66,12,Train,193
replica3_4PRA_1,4PRA,11,5.66,12,Train,193
replica4_4PRA_1,4PRA,11,5.66,12,Train,193
replica5_4PRA_1,4PRA,11,5.66,12,Train,193
replica1_4PRB_1,4PRB,11,3.88,12,Train,194
replica2_4PRB_1,4PRB,11,3.88,12,Train,194
replica3_4PRB_1,4PRB,11,3.88,12,Train,194
replica4_4PRB_1,4PRB,11,3.88,12,Train,194
replica5_4PRB_1,4PRB,11,3.88,12,Train,194
replica1_4PRD_1,4PRD,11,4.6,12,Train,195
replica2_4PRD_1,4PRD,11,4.6,12,Train,195
replica3_4PRD_1,4PRD,11,4.6,12,Train,195
replica4_4PRD_1,4PRD,11,4.6,12,Train,195
replica5_4PRD_1,4PRD,11,4.6,12,Train,195
replica1_4PRE_1,4PRE,11,3.74,12,Train,194
replica2_4PRE_1,4PRE,11,3.74,12,Train,194
replica3_4PRE_1,4PRE,11,3.74,12,Train,194
replica4_4PRE_1,4PRE,11,3.74,12,Train,194
replica5_4PRE_1,4PRE,11,3.74,12,Train,194
replica1_4PRH_1,4PRH,11,4.6,12,Train,195
replica2_4PRH_1,4PRH,11,4.6,12,Train,195
replica3_4PRH_1,4PRH,11,4.6,12,Train,195
replica4_4PRH_1,4PRH,11,4.6,12,Train,195
replica5_4PRH_1,4PRH,11,4.6,12,Train,195
replica1_4PRI_1,4PRI,11,4.03,12,Train,194
replica2_4PRI_1,4PRI,11,4.03,12,Train,194
replica3_4PRI_1,4PRI,11,4.03,12,Train,194
replica4_4PRI_1,4PRI,11,4.03,12,Train,194
replica5_4PRI_1,4PRI,11,4.03,12,Train,194
replica1_4PRN_1,4PRN,11,5.66,12,Train,193
replica2_4PRN_1,4PRN,11,5.66,12,Train,193
replica3_4PRN_1,4PRN,11,5.66,12,Train,193
replica4_4PRN_1,4PRN,11,5.66,12,Train,193
replica5_4PRN_1,4PRN,11,5.66,12,Train,193
replica1_4PRP_1,4PRP,11,5.66,12,Train,193
replica2_4PRP_1,4PRP,11,5.66,12,Train,193
replica3_4PRP_1,4PRP,11,5.66,12,Train,193
replica4_4PRP_1,4PRP,11,5.66,12,Train,193
replica5_4PRP_1,4PRP,11,5.66,12,Train,193
replica1_4Q6F_1,4Q6F,5,5.6,145,Train,196
replica2_4Q6F_1,4Q6F,5,5.6,145,Train,196
replica3_4Q6F_1,4Q6F,5,5.6,145,Train,196
replica4_4Q6F_1,4Q6F,5,5.6,145,Train,196
replica5_4Q6F_1,4Q6F,5,5.6,145,Train,196
replica1_4Q6F_15,4Q6F,5,5.6,145,Train,196
replica2_4Q6F_15,4Q6F,5,5.6,145,Train,196
replica3_4Q6F_15,4Q6F,5,5.6,145,Train,196
replica4_4Q6F_15,4Q6F,5,5.6,145,Train,196
replica5_4Q6F_15,4Q6F,5,5.6,145,Train,196
replica1_4Q6F_29,4Q6F,5,5.6,145,Train,196
replica2_4Q6F_29,4Q6F,5,5.6,145,Train,196
replica3_4Q6F_29,4Q6F,5,5.6,145,Train,196
replica4_4Q6F_29,4Q6F,5,5.6,145,Train,196
replica5_4Q6F_29,4Q6F,5,5.6,145,Train,196
replica1_4Q6F_43,4Q6F,5,5.6,145,Train,196
replica2_4Q6F_43,4Q6F,5,5.6,145,Train,196
replica3_4Q6F_43,4Q6F,5,5.6,145,Train,196
replica4_4Q6F_43,4Q6F,5,5.6,145,Train,196
replica5_4Q6F_43,4Q6F,5,5.6,145,Train,196
replica1_4Q6F_58,4Q6F,5,5.6,145,Train,196
replica2_4Q6F_58,4Q6F,5,5.6,145,Train,196
replica3_4Q6F_58,4Q6F,5,5.6,145,Train,196
replica4_4Q6F_58,4Q6F,5,5.6,145,Train,196
replica5_4Q6F_58,4Q6F,5,5.6,145,Train,196
replica1_4Q6F_72,4Q6F,5,5.6,145,Train,196
replica2_4Q6F_72,4Q6F,5,5.6,145,Train,196
replica3_4Q6F_72,4Q6F,5,5.6,145,Train,196
replica4_4Q6F_72,4Q6F,5,5.6,145,Train,196
replica5_4Q6F_72,4Q6F,5,5.6,145,Train,196
replica1_4Q6F_86,4Q6F,5,5.6,145,Train,196
replica2_4Q6F_86,4Q6F,5,5.6,145,Train,196
replica3_4Q6F_86,4Q6F,5,5.6,145,Train,196
replica4_4Q6F_86,4Q6F,5,5.6,145,Train,196
replica5_4Q6F_86,4Q6F,5,5.6,145,Train,196
replica1_4Q6F_100,4Q6F,5,5.6,145,Train,196
replica2_4Q6F_100,4Q6F,5,5.6,145,Train,196
replica3_4Q6F_100,4Q6F,5,5.6,145,Train,196
replica4_4Q6F_100,4Q6F,5,5.6,145,Train,196
replica5_4Q6F_100,4Q6F,5,5.6,145,Train,196
replica1_4QH7_1,4QH7,12,5.94,88,Train,197
replica2_4QH7_1,4QH7,12,5.94,88,Train,197
replica3_4QH7_1,4QH7,12,5.94,88,Train,197
replica4_4QH7_1,4QH7,12,5.94,88,Train,197
replica5_4QH7_1,4QH7,12,5.94,88,Train,197
replica1_4QH7_15,4QH7,12,5.94,88,Train,197
replica2_4QH7_15,4QH7,12,5.94,88,Train,197
replica3_4QH7_15,4QH7,12,5.94,88,Train,197
replica4_4QH7_15,4QH7,12,5.94,88,Train,197
replica5_4QH7_15,4QH7,12,5.94,88,Train,197
replica1_4QH7_29,4QH7,12,5.94,88,Train,197
replica2_4QH7_29,4QH7,12,5.94,88,Train,197
replica3_4QH7_29,4QH7,12,5.94,88,Train,197
replica4_4QH7_29,4QH7,12,5.94,88,Train,197
replica5_4QH7_29,4QH7,12,5.94,88,Train,197
replica1_4QH7_43,4QH7,12,5.94,88,Train,197
replica2_4QH7_43,4QH7,12,5.94,88,Train,197
replica3_4QH7_43,4QH7,12,5.94,88,Train,197
replica4_4QH7_43,4QH7,12,5.94,88,Train,197
replica5_4QH7_43,4QH7,12,5.94,88,Train,197
replica1_4QH7_58,4QH7,12,5.94,88,Train,197
replica2_4QH7_58,4QH7,12,5.94,88,Train,197
replica3_4QH7_58,4QH7,12,5.94,88,Train,197
replica4_4QH7_58,4QH7,12,5.94,88,Train,197
replica5_4QH7_58,4QH7,12,5.94,88,Train,197
replica1_4QH7_72,4QH7,12,5.94,88,Train,197
replica2_4QH7_72,4QH7,12,5.94,88,Train,197
replica3_4QH7_72,4QH7,12,5.94,88,Train,197
replica4_4QH7_72,4QH7,12,5.94,88,Train,197
replica5_4QH7_72,4QH7,12,5.94,88,Train,197
replica1_4QH7_86,4QH7,12,5.94,88,Train,197
replica2_4QH7_86,4QH7,12,5.94,88,Train,197
replica3_4QH7_86,4QH7,12,5.94,88,Train,197
replica4_4QH7_86,4QH7,12,5.94,88,Train,197
replica5_4QH7_86,4QH7,12,5.94,88,Train,197
replica1_4QH7_100,4QH7,12,5.94,88,Train,197
replica2_4QH7_100,4QH7,12,5.94,88,Train,197
replica3_4QH7_100,4QH7,12,5.94,88,Train,197
replica4_4QH7_100,4QH7,12,5.94,88,Train,197
replica5_4QH7_100,4QH7,12,5.94,88,Train,197
replica1_4RME_1,4RME,13,5.92,14,Train,117
replica2_4RME_1,4RME,13,5.92,14,Train,117
replica3_4RME_1,4RME,13,5.92,14,Train,117
replica4_4RME_1,4RME,13,5.92,14,Train,117
replica5_4RME_1,4RME,13,5.92,14,Train,117
replica1_4RME_15,4RME,13,5.92,14,Train,117
replica2_4RME_15,4RME,13,5.92,14,Train,117
replica3_4RME_15,4RME,13,5.92,14,Train,117
replica4_4RME_15,4RME,13,5.92,14,Train,117
replica5_4RME_15,4RME,13,5.92,14,Train,117
replica1_4RME_29,4RME,13,5.92,14,Train,117
replica2_4RME_29,4RME,13,5.92,14,Train,117
replica3_4RME_29,4RME,13,5.92,14,Train,117
replica4_4RME_29,4RME,13,5.92,14,Train,117
replica5_4RME_29,4RME,13,5.92,14,Train,117
replica1_4RME_43,4RME,13,5.92,14,Train,117
replica2_4RME_43,4RME,13,5.92,14,Train,117
replica3_4RME_43,4RME,13,5.92,14,Train,117
replica4_4RME_43,4RME,13,5.92,14,Train,117
replica5_4RME_43,4RME,13,5.92,14,Train,117
replica1_4RME_58,4RME,13,5.92,14,Train,117
replica2_4RME_58,4RME,13,5.92,14,Train,117
replica3_4RME_58,4RME,13,5.92,14,Train,117
replica4_4RME_58,4RME,13,5.92,14,Train,117
replica5_4RME_58,4RME,13,5.92,14,Train,117
replica1_4RME_72,4RME,13,5.92,14,Train,117
replica2_4RME_72,4RME,13,5.92,14,Train,117
replica3_4RME_72,4RME,13,5.92,14,Train,117
replica4_4RME_72,4RME,13,5.92,14,Train,117
replica5_4RME_72,4RME,13,5.92,14,Train,117
replica1_4RME_86,4RME,13,5.92,14,Train,117
replica2_4RME_86,4RME,13,5.92,14,Train,117
replica3_4RME_86,4RME,13,5.92,14,Train,117
replica4_4RME_86,4RME,13,5.92,14,Train,117
replica5_4RME_86,4RME,13,5.92,14,Train,117
replica1_4RME_100,4RME,13,5.92,14,Train,117
replica2_4RME_100,4RME,13,5.92,14,Train,117
replica3_4RME_100,4RME,13,5.92,14,Train,117
replica4_4RME_100,4RME,13,5.92,14,Train,117
replica5_4RME_100,4RME,13,5.92,14,Train,117
replica1_4RXZ_1,4RXZ,12,6.74,77,Train,198
replica2_4RXZ_1,4RXZ,12,6.74,77,Train,198
replica3_4RXZ_1,4RXZ,12,6.74,77,Train,198
replica4_4RXZ_1,4RXZ,12,6.74,77,Train,198
replica5_4RXZ_1,4RXZ,12,6.74,77,Train,198
replica1_4RXZ_34,4RXZ,12,6.74,77,Train,198
replica2_4RXZ_34,4RXZ,12,6.74,77,Train,198
replica3_4RXZ_34,4RXZ,12,6.74,77,Train,198
replica4_4RXZ_34,4RXZ,12,6.74,77,Train,198
replica5_4RXZ_34,4RXZ,12,6.74,77,Train,198
replica1_4RXZ_67,4RXZ,12,6.74,77,Train,198
replica2_4RXZ_67,4RXZ,12,6.74,77,Train,198
replica3_4RXZ_67,4RXZ,12,6.74,77,Train,198
replica4_4RXZ_67,4RXZ,12,6.74,77,Train,198
replica5_4RXZ_67,4RXZ,12,6.74,77,Train,198
replica1_4RXZ_100,4RXZ,12,6.74,77,Train,198
replica2_4RXZ_100,4RXZ,12,6.74,77,Train,198
replica3_4RXZ_100,4RXZ,12,6.74,77,Train,198
replica4_4RXZ_100,4RXZ,12,6.74,77,Train,198
replica5_4RXZ_100,4RXZ,12,6.74,77,Train,198
replica1_4TK1_1,4TK1,11,3.72,146,Train,199
replica2_4TK1_1,4TK1,11,3.72,146,Train,199
replica3_4TK1_1,4TK1,11,3.72,146,Train,199
replica4_4TK1_1,4TK1,11,3.72,146,Train,199
replica5_4TK1_1,4TK1,11,3.72,146,Train,199
replica1_4TK1_26,4TK1,11,3.72,146,Train,199
replica2_4TK1_26,4TK1,11,3.72,146,Train,199
replica3_4TK1_26,4TK1,11,3.72,146,Train,199
replica4_4TK1_26,4TK1,11,3.72,146,Train,199
replica5_4TK1_26,4TK1,11,3.72,146,Train,199
replica1_4TK1_51,4TK1,11,3.72,146,Train,199
replica2_4TK1_51,4TK1,11,3.72,146,Train,199
replica3_4TK1_51,4TK1,11,3.72,146,Train,199
replica4_4TK1_51,4TK1,11,3.72,146,Train,199
replica5_4TK1_51,4TK1,11,3.72,146,Train,199
replica1_4TK1_75,4TK1,11,3.72,146,Train,199
replica2_4TK1_75,4TK1,11,3.72,146,Train,199
replica3_4TK1_75,4TK1,11,3.72,146,Train,199
replica4_4TK1_75,4TK1,11,3.72,146,Train,199
replica5_4TK1_75,4TK1,11,3.72,146,Train,199
replica1_4TK1_100,4TK1,11,3.72,146,Train,199
replica2_4TK1_100,4TK1,11,3.72,146,Train,199
replica3_4TK1_100,4TK1,11,3.72,146,Train,199
replica4_4TK1_100,4TK1,11,3.72,146,Train,199
replica5_4TK1_100,4TK1,11,3.72,146,Train,199
replica1_4TK3_1,4TK3,11,5.1,147,Test,
replica2_4TK3_1,4TK3,11,5.1,147,Test,
replica3_4TK3_1,4TK3,11,5.1,147,Test,
replica4_4TK3_1,4TK3,11,5.1,147,Test,
replica5_4TK3_1,4TK3,11,5.1,147,Test,
replica1_4TK3_26,4TK3,11,5.1,147,Test,
replica2_4TK3_26,4TK3,11,5.1,147,Test,
replica3_4TK3_26,4TK3,11,5.1,147,Test,
replica4_4TK3_26,4TK3,11,5.1,147,Test,
replica5_4TK3_26,4TK3,11,5.1,147,Test,
replica1_4TK3_51,4TK3,11,5.1,147,Test,
replica2_4TK3_51,4TK3,11,5.1,147,Test,
replica3_4TK3_51,4TK3,11,5.1,147,Test,
replica4_4TK3_51,4TK3,11,5.1,147,Test,
replica5_4TK3_51,4TK3,11,5.1,147,Test,
replica1_4TK3_75,4TK3,11,5.1,147,Test,
replica2_4TK3_75,4TK3,11,5.1,147,Test,
replica3_4TK3_75,4TK3,11,5.1,147,Test,
replica4_4TK3_75,4TK3,11,5.1,147,Test,
replica5_4TK3_75,4TK3,11,5.1,147,Test,
replica1_4TK3_100,4TK3,11,5.1,147,Test,
replica2_4TK3_100,4TK3,11,5.1,147,Test,
replica3_4TK3_100,4TK3,11,5.1,147,Test,
replica4_4TK3_100,4TK3,11,5.1,147,Test,
replica5_4TK3_100,4TK3,11,5.1,147,Test,
replica1_4U0B_1,4U0B,15,4.3,119,Train,200
replica2_4U0B_1,4U0B,15,4.3,119,Train,200
replica3_4U0B_1,4U0B,15,4.3,119,Train,200
replica4_4U0B_1,4U0B,15,4.3,119,Train,200
replica5_4U0B_1,4U0B,15,4.3,119,Train,200
replica1_4U0B_15,4U0B,15,4.3,119,Train,200
replica2_4U0B_15,4U0B,15,4.3,119,Train,200
replica3_4U0B_15,4U0B,15,4.3,119,Train,200
replica4_4U0B_15,4U0B,15,4.3,119,Train,200
replica5_4U0B_15,4U0B,15,4.3,119,Train,200
replica1_4U0B_29,4U0B,15,4.3,119,Train,200
replica2_4U0B_29,4U0B,15,4.3,119,Train,200
replica3_4U0B_29,4U0B,15,4.3,119,Train,200
replica4_4U0B_29,4U0B,15,4.3,119,Train,200
replica5_4U0B_29,4U0B,15,4.3,119,Train,200
replica1_4U0B_43,4U0B,15,4.3,119,Train,200
replica2_4U0B_43,4U0B,15,4.3,119,Train,200
replica3_4U0B_43,4U0B,15,4.3,119,Train,200
replica4_4U0B_43,4U0B,15,4.3,119,Train,200
replica5_4U0B_43,4U0B,15,4.3,119,Train,200
replica1_4U0B_58,4U0B,15,4.3,119,Train,200
replica2_4U0B_58,4U0B,15,4.3,119,Train,200
replica3_4U0B_58,4U0B,15,4.3,119,Train,200
replica4_4U0B_58,4U0B,15,4.3,119,Train,200
replica5_4U0B_58,4U0B,15,4.3,119,Train,200
replica1_4U0B_72,4U0B,15,4.3,119,Train,200
replica2_4U0B_72,4U0B,15,4.3,119,Train,200
replica3_4U0B_72,4U0B,15,4.3,119,Train,200
replica4_4U0B_72,4U0B,15,4.3,119,Train,200
replica5_4U0B_72,4U0B,15,4.3,119,Train,200
replica1_4U0B_86,4U0B,15,4.3,119,Train,200
replica2_4U0B_86,4U0B,15,4.3,119,Train,200
replica3_4U0B_86,4U0B,15,4.3,119,Train,200
replica4_4U0B_86,4U0B,15,4.3,119,Train,200
replica5_4U0B_86,4U0B,15,4.3,119,Train,200
replica1_4U0B_100,4U0B,15,4.3,119,Train,200
replica2_4U0B_100,4U0B,15,4.3,119,Train,200
replica3_4U0B_100,4U0B,15,4.3,119,Train,200
replica4_4U0B_100,4U0B,15,4.3,119,Train,200
replica5_4U0B_100,4U0B,15,4.3,119,Train,200
replica1_4U7T_1,4U7T,12,5.67,148,Train,201
replica2_4U7T_1,4U7T,12,5.67,148,Train,201
replica3_4U7T_1,4U7T,12,5.67,148,Train,201
replica4_4U7T_1,4U7T,12,5.67,148,Train,201
replica5_4U7T_1,4U7T,12,5.67,148,Train,201
replica1_4U7T_8,4U7T,12,5.67,148,Train,201
replica2_4U7T_8,4U7T,12,5.67,148,Train,201
replica3_4U7T_8,4U7T,12,5.67,148,Train,201
replica4_4U7T_8,4U7T,12,5.67,148,Train,201
replica5_4U7T_8,4U7T,12,5.67,148,Train,201
replica1_4U7T_14,4U7T,12,5.67,148,Train,201
replica2_4U7T_14,4U7T,12,5.67,148,Train,201
replica3_4U7T_14,4U7T,12,5.67,148,Train,201
replica4_4U7T_14,4U7T,12,5.67,148,Train,201
replica5_4U7T_14,4U7T,12,5.67,148,Train,201
replica1_4U7T_21,4U7T,12,5.67,148,Train,201
replica2_4U7T_21,4U7T,12,5.67,148,Train,201
replica3_4U7T_21,4U7T,12,5.67,148,Train,201
replica4_4U7T_21,4U7T,12,5.67,148,Train,201
replica5_4U7T_21,4U7T,12,5.67,148,Train,201
replica2_4U7T_27,4U7T,12,5.67,148,Train,201
replica3_4U7T_27,4U7T,12,5.67,148,Train,201
replica4_4U7T_27,4U7T,12,5.67,148,Train,201
replica5_4U7T_27,4U7T,12,5.67,148,Train,201
replica1_4U7T_34,4U7T,12,5.67,148,Train,201
replica2_4U7T_34,4U7T,12,5.67,148,Train,201
replica3_4U7T_34,4U7T,12,5.67,148,Train,201
replica4_4U7T_34,4U7T,12,5.67,148,Train,201
replica5_4U7T_34,4U7T,12,5.67,148,Train,201
replica1_4U7T_41,4U7T,12,5.67,148,Train,201
replica2_4U7T_41,4U7T,12,5.67,148,Train,201
replica4_4U7T_41,4U7T,12,5.67,148,Train,201
replica5_4U7T_41,4U7T,12,5.67,148,Train,201
replica1_4U7T_47,4U7T,12,5.67,148,Train,201
replica2_4U7T_47,4U7T,12,5.67,148,Train,201
replica4_4U7T_47,4U7T,12,5.67,148,Train,201
replica5_4U7T_47,4U7T,12,5.67,148,Train,201
replica1_4U7T_54,4U7T,12,5.67,148,Train,201
replica2_4U7T_54,4U7T,12,5.67,148,Train,201
replica4_4U7T_54,4U7T,12,5.67,148,Train,201
replica5_4U7T_54,4U7T,12,5.67,148,Train,201
replica1_4U7T_60,4U7T,12,5.67,148,Train,201
replica2_4U7T_60,4U7T,12,5.67,148,Train,201
replica4_4U7T_60,4U7T,12,5.67,148,Train,201
replica5_4U7T_60,4U7T,12,5.67,148,Train,201
replica1_4U7T_67,4U7T,12,5.67,148,Train,201
replica2_4U7T_67,4U7T,12,5.67,148,Train,201
replica4_4U7T_67,4U7T,12,5.67,148,Train,201
replica5_4U7T_67,4U7T,12,5.67,148,Train,201
replica1_4U7T_74,4U7T,12,5.67,148,Train,201
replica2_4U7T_74,4U7T,12,5.67,148,Train,201
replica4_4U7T_74,4U7T,12,5.67,148,Train,201
replica5_4U7T_74,4U7T,12,5.67,148,Train,201
replica1_4U7T_80,4U7T,12,5.67,148,Train,201
replica2_4U7T_80,4U7T,12,5.67,148,Train,201
replica4_4U7T_80,4U7T,12,5.67,148,Train,201
replica5_4U7T_80,4U7T,12,5.67,148,Train,201
replica1_4U7T_87,4U7T,12,5.67,148,Train,201
replica2_4U7T_87,4U7T,12,5.67,148,Train,201
replica4_4U7T_87,4U7T,12,5.67,148,Train,201
replica5_4U7T_87,4U7T,12,5.67,148,Train,201
replica1_4U7T_93,4U7T,12,5.67,148,Train,201
replica2_4U7T_93,4U7T,12,5.67,148,Train,201
replica4_4U7T_93,4U7T,12,5.67,148,Train,201
replica1_4U7T_100,4U7T,12,5.67,148,Train,201
replica2_4U7T_100,4U7T,12,5.67,148,Train,201
replica4_4U7T_100,4U7T,12,5.67,148,Train,201
replica1_4UM9_1,4UM9,13,8.07,149,Train,202
replica2_4UM9_1,4UM9,13,8.07,149,Train,202
replica3_4UM9_1,4UM9,13,8.07,149,Train,202
replica4_4UM9_1,4UM9,13,8.07,149,Train,202
replica5_4UM9_1,4UM9,13,8.07,149,Train,202
replica1_4UM9_8,4UM9,13,8.07,149,Train,202
replica2_4UM9_8,4UM9,13,8.07,149,Train,202
replica3_4UM9_8,4UM9,13,8.07,149,Train,202
replica4_4UM9_8,4UM9,13,8.07,149,Train,202
replica5_4UM9_8,4UM9,13,8.07,149,Train,202
replica1_4UM9_14,4UM9,13,8.07,149,Train,202
replica2_4UM9_14,4UM9,13,8.07,149,Train,202
replica3_4UM9_14,4UM9,13,8.07,149,Train,202
replica4_4UM9_14,4UM9,13,8.07,149,Train,202
replica5_4UM9_14,4UM9,13,8.07,149,Train,202
replica1_4UM9_21,4UM9,13,8.07,149,Train,202
replica2_4UM9_21,4UM9,13,8.07,149,Train,202
replica3_4UM9_21,4UM9,13,8.07,149,Train,202
replica4_4UM9_21,4UM9,13,8.07,149,Train,202
replica5_4UM9_21,4UM9,13,8.07,149,Train,202
replica1_4UM9_27,4UM9,13,8.07,149,Train,202
replica2_4UM9_27,4UM9,13,8.07,149,Train,202
replica3_4UM9_27,4UM9,13,8.07,149,Train,202
replica4_4UM9_27,4UM9,13,8.07,149,Train,202
replica5_4UM9_27,4UM9,13,8.07,149,Train,202
replica1_4UM9_34,4UM9,13,8.07,149,Train,202
replica2_4UM9_34,4UM9,13,8.07,149,Train,202
replica3_4UM9_34,4UM9,13,8.07,149,Train,202
replica4_4UM9_34,4UM9,13,8.07,149,Train,202
replica5_4UM9_34,4UM9,13,8.07,149,Train,202
replica1_4UM9_41,4UM9,13,8.07,149,Train,202
replica2_4UM9_41,4UM9,13,8.07,149,Train,202
replica3_4UM9_41,4UM9,13,8.07,149,Train,202
replica4_4UM9_41,4UM9,13,8.07,149,Train,202
replica5_4UM9_41,4UM9,13,8.07,149,Train,202
replica1_4UM9_47,4UM9,13,8.07,149,Train,202
replica2_4UM9_47,4UM9,13,8.07,149,Train,202
replica3_4UM9_47,4UM9,13,8.07,149,Train,202
replica4_4UM9_47,4UM9,13,8.07,149,Train,202
replica5_4UM9_47,4UM9,13,8.07,149,Train,202
replica1_4UM9_54,4UM9,13,8.07,149,Train,202
replica2_4UM9_54,4UM9,13,8.07,149,Train,202
replica3_4UM9_54,4UM9,13,8.07,149,Train,202
replica4_4UM9_54,4UM9,13,8.07,149,Train,202
replica5_4UM9_54,4UM9,13,8.07,149,Train,202
replica1_4UM9_60,4UM9,13,8.07,149,Train,202
replica2_4UM9_60,4UM9,13,8.07,149,Train,202
replica3_4UM9_60,4UM9,13,8.07,149,Train,202
replica4_4UM9_60,4UM9,13,8.07,149,Train,202
replica5_4UM9_60,4UM9,13,8.07,149,Train,202
replica1_4UM9_67,4UM9,13,8.07,149,Train,202
replica2_4UM9_67,4UM9,13,8.07,149,Train,202
replica3_4UM9_67,4UM9,13,8.07,149,Train,202
replica4_4UM9_67,4UM9,13,8.07,149,Train,202
replica5_4UM9_67,4UM9,13,8.07,149,Train,202
replica1_4UM9_74,4UM9,13,8.07,149,Train,202
replica2_4UM9_74,4UM9,13,8.07,149,Train,202
replica3_4UM9_74,4UM9,13,8.07,149,Train,202
replica4_4UM9_74,4UM9,13,8.07,149,Train,202
replica5_4UM9_74,4UM9,13,8.07,149,Train,202
replica1_4UM9_80,4UM9,13,8.07,149,Train,202
replica2_4UM9_80,4UM9,13,8.07,149,Train,202
replica3_4UM9_80,4UM9,13,8.07,149,Train,202
replica4_4UM9_80,4UM9,13,8.07,149,Train,202
replica5_4UM9_80,4UM9,13,8.07,149,Train,202
replica1_4UM9_87,4UM9,13,8.07,149,Train,202
replica2_4UM9_87,4UM9,13,8.07,149,Train,202
replica3_4UM9_87,4UM9,13,8.07,149,Train,202
replica4_4UM9_87,4UM9,13,8.07,149,Train,202
replica5_4UM9_87,4UM9,13,8.07,149,Train,202
replica1_4UM9_93,4UM9,13,8.07,149,Train,202
replica2_4UM9_93,4UM9,13,8.07,149,Train,202
replica3_4UM9_93,4UM9,13,8.07,149,Train,202
replica4_4UM9_93,4UM9,13,8.07,149,Train,202
replica5_4UM9_93,4UM9,13,8.07,149,Train,202
replica1_4UM9_100,4UM9,13,8.07,149,Train,202
replica2_4UM9_100,4UM9,13,8.07,149,Train,202
replica3_4UM9_100,4UM9,13,8.07,149,Train,202
replica4_4UM9_100,4UM9,13,8.07,149,Train,202
replica5_4UM9_100,4UM9,13,8.07,149,Train,202
replica1_4UX9_1,4UX9,12,5.1,74,Train,203
replica2_4UX9_1,4UX9,12,5.1,74,Train,203
replica3_4UX9_1,4UX9,12,5.1,74,Train,203
replica4_4UX9_1,4UX9,12,5.1,74,Train,203
replica5_4UX9_1,4UX9,12,5.1,74,Train,203
replica1_4UX9_34,4UX9,12,5.1,74,Train,203
replica2_4UX9_34,4UX9,12,5.1,74,Train,203
replica3_4UX9_34,4UX9,12,5.1,74,Train,203
replica4_4UX9_34,4UX9,12,5.1,74,Train,203
replica5_4UX9_34,4UX9,12,5.1,74,Train,203
replica1_4UX9_67,4UX9,12,5.1,74,Train,203
replica2_4UX9_67,4UX9,12,5.1,74,Train,203
replica3_4UX9_67,4UX9,12,5.1,74,Train,203
replica4_4UX9_67,4UX9,12,5.1,74,Train,203
replica5_4UX9_67,4UX9,12,5.1,74,Train,203
replica1_4UX9_100,4UX9,12,5.1,74,Train,203
replica2_4UX9_100,4UX9,12,5.1,74,Train,203
replica3_4UX9_100,4UX9,12,5.1,74,Train,203
replica4_4UX9_100,4UX9,12,5.1,74,Train,203
replica5_4UX9_100,4UX9,12,5.1,74,Train,203
replica1_4W50_1,4W50,12,5.85,150,Train,204
replica2_4W50_1,4W50,12,5.85,150,Train,204
replica3_4W50_1,4W50,12,5.85,150,Train,204
replica4_4W50_1,4W50,12,5.85,150,Train,204
replica5_4W50_1,4W50,12,5.85,150,Train,204
replica1_4W50_8,4W50,12,5.85,150,Train,204
replica2_4W50_8,4W50,12,5.85,150,Train,204
replica3_4W50_8,4W50,12,5.85,150,Train,204
replica4_4W50_8,4W50,12,5.85,150,Train,204
replica5_4W50_8,4W50,12,5.85,150,Train,204
replica1_4W50_14,4W50,12,5.85,150,Train,204
replica2_4W50_14,4W50,12,5.85,150,Train,204
replica3_4W50_14,4W50,12,5.85,150,Train,204
replica4_4W50_14,4W50,12,5.85,150,Train,204
replica5_4W50_14,4W50,12,5.85,150,Train,204
replica1_4W50_21,4W50,12,5.85,150,Train,204
replica2_4W50_21,4W50,12,5.85,150,Train,204
replica3_4W50_21,4W50,12,5.85,150,Train,204
replica4_4W50_21,4W50,12,5.85,150,Train,204
replica5_4W50_21,4W50,12,5.85,150,Train,204
replica1_4W50_27,4W50,12,5.85,150,Train,204
replica2_4W50_27,4W50,12,5.85,150,Train,204
replica3_4W50_27,4W50,12,5.85,150,Train,204
replica4_4W50_27,4W50,12,5.85,150,Train,204
replica5_4W50_27,4W50,12,5.85,150,Train,204
replica1_4W50_34,4W50,12,5.85,150,Train,204
replica2_4W50_34,4W50,12,5.85,150,Train,204
replica3_4W50_34,4W50,12,5.85,150,Train,204
replica4_4W50_34,4W50,12,5.85,150,Train,204
replica5_4W50_34,4W50,12,5.85,150,Train,204
replica1_4W50_41,4W50,12,5.85,150,Train,204
replica2_4W50_41,4W50,12,5.85,150,Train,204
replica3_4W50_41,4W50,12,5.85,150,Train,204
replica4_4W50_41,4W50,12,5.85,150,Train,204
replica5_4W50_41,4W50,12,5.85,150,Train,204
replica1_4W50_47,4W50,12,5.85,150,Train,204
replica2_4W50_47,4W50,12,5.85,150,Train,204
replica3_4W50_47,4W50,12,5.85,150,Train,204
replica4_4W50_47,4W50,12,5.85,150,Train,204
replica5_4W50_47,4W50,12,5.85,150,Train,204
replica1_4W50_54,4W50,12,5.85,150,Train,204
replica2_4W50_54,4W50,12,5.85,150,Train,204
replica3_4W50_54,4W50,12,5.85,150,Train,204
replica4_4W50_54,4W50,12,5.85,150,Train,204
replica5_4W50_54,4W50,12,5.85,150,Train,204
replica1_4W50_60,4W50,12,5.85,150,Train,204
replica2_4W50_60,4W50,12,5.85,150,Train,204
replica3_4W50_60,4W50,12,5.85,150,Train,204
replica4_4W50_60,4W50,12,5.85,150,Train,204
replica5_4W50_60,4W50,12,5.85,150,Train,204
replica1_4W50_67,4W50,12,5.85,150,Train,204
replica2_4W50_67,4W50,12,5.85,150,Train,204
replica3_4W50_67,4W50,12,5.85,150,Train,204
replica4_4W50_67,4W50,12,5.85,150,Train,204
replica5_4W50_67,4W50,12,5.85,150,Train,204
replica1_4W50_74,4W50,12,5.85,150,Train,204
replica2_4W50_74,4W50,12,5.85,150,Train,204
replica3_4W50_74,4W50,12,5.85,150,Train,204
replica4_4W50_74,4W50,12,5.85,150,Train,204
replica5_4W50_74,4W50,12,5.85,150,Train,204
replica1_4W50_80,4W50,12,5.85,150,Train,204
replica2_4W50_80,4W50,12,5.85,150,Train,204
replica3_4W50_80,4W50,12,5.85,150,Train,204
replica4_4W50_80,4W50,12,5.85,150,Train,204
replica5_4W50_80,4W50,12,5.85,150,Train,204
replica1_4W50_87,4W50,12,5.85,150,Train,204
replica2_4W50_87,4W50,12,5.85,150,Train,204
replica3_4W50_87,4W50,12,5.85,150,Train,204
replica4_4W50_87,4W50,12,5.85,150,Train,204
replica5_4W50_87,4W50,12,5.85,150,Train,204
replica1_4W50_93,4W50,12,5.85,150,Train,204
replica2_4W50_93,4W50,12,5.85,150,Train,204
replica3_4W50_93,4W50,12,5.85,150,Train,204
replica4_4W50_93,4W50,12,5.85,150,Train,204
replica5_4W50_93,4W50,12,5.85,150,Train,204
replica1_4W50_100,4W50,12,5.85,150,Train,204
replica2_4W50_100,4W50,12,5.85,150,Train,204
replica3_4W50_100,4W50,12,5.85,150,Train,204
replica4_4W50_100,4W50,12,5.85,150,Train,204
replica5_4W50_100,4W50,12,5.85,150,Train,204
replica1_4WHT_1,4WHT,12,8.1,151,Train,205
replica2_4WHT_1,4WHT,12,8.1,151,Train,205
replica3_4WHT_1,4WHT,12,8.1,151,Train,205
replica4_4WHT_1,4WHT,12,8.1,151,Train,205
replica5_4WHT_1,4WHT,12,8.1,151,Train,205
replica1_4WHT_15,4WHT,12,8.1,151,Train,205
replica2_4WHT_15,4WHT,12,8.1,151,Train,205
replica3_4WHT_15,4WHT,12,8.1,151,Train,205
replica4_4WHT_15,4WHT,12,8.1,151,Train,205
replica5_4WHT_15,4WHT,12,8.1,151,Train,205
replica1_4WHT_29,4WHT,12,8.1,151,Train,205
replica2_4WHT_29,4WHT,12,8.1,151,Train,205
replica3_4WHT_29,4WHT,12,8.1,151,Train,205
replica4_4WHT_29,4WHT,12,8.1,151,Train,205
replica5_4WHT_29,4WHT,12,8.1,151,Train,205
replica1_4WHT_43,4WHT,12,8.1,151,Train,205
replica2_4WHT_43,4WHT,12,8.1,151,Train,205
replica3_4WHT_43,4WHT,12,8.1,151,Train,205
replica4_4WHT_43,4WHT,12,8.1,151,Train,205
replica5_4WHT_43,4WHT,12,8.1,151,Train,205
replica1_4WHT_58,4WHT,12,8.1,151,Train,205
replica2_4WHT_58,4WHT,12,8.1,151,Train,205
replica3_4WHT_58,4WHT,12,8.1,151,Train,205
replica4_4WHT_58,4WHT,12,8.1,151,Train,205
replica5_4WHT_58,4WHT,12,8.1,151,Train,205
replica1_4WHT_72,4WHT,12,8.1,151,Train,205
replica2_4WHT_72,4WHT,12,8.1,151,Train,205
replica3_4WHT_72,4WHT,12,8.1,151,Train,205
replica4_4WHT_72,4WHT,12,8.1,151,Train,205
replica5_4WHT_72,4WHT,12,8.1,151,Train,205
replica1_4WHT_86,4WHT,12,8.1,151,Train,205
replica2_4WHT_86,4WHT,12,8.1,151,Train,205
replica3_4WHT_86,4WHT,12,8.1,151,Train,205
replica4_4WHT_86,4WHT,12,8.1,151,Train,205
replica5_4WHT_86,4WHT,12,8.1,151,Train,205
replica1_4WHT_100,4WHT,12,8.1,151,Train,205
replica2_4WHT_100,4WHT,12,8.1,151,Train,205
replica3_4WHT_100,4WHT,12,8.1,151,Train,205
replica4_4WHT_100,4WHT,12,8.1,151,Train,205
replica5_4WHT_100,4WHT,12,8.1,151,Train,205
replica1_4WHY_1,4WHY,12,8.1,151,Train,205
replica2_4WHY_1,4WHY,12,8.1,151,Train,205
replica3_4WHY_1,4WHY,12,8.1,151,Train,205
replica4_4WHY_1,4WHY,12,8.1,151,Train,205
replica5_4WHY_1,4WHY,12,8.1,151,Train,205
replica1_4WHY_15,4WHY,12,8.1,151,Train,205
replica2_4WHY_15,4WHY,12,8.1,151,Train,205
replica3_4WHY_15,4WHY,12,8.1,151,Train,205
replica4_4WHY_15,4WHY,12,8.1,151,Train,205
replica5_4WHY_15,4WHY,12,8.1,151,Train,205
replica1_4WHY_29,4WHY,12,8.1,151,Train,205
replica2_4WHY_29,4WHY,12,8.1,151,Train,205
replica3_4WHY_29,4WHY,12,8.1,151,Train,205
replica4_4WHY_29,4WHY,12,8.1,151,Train,205
replica5_4WHY_29,4WHY,12,8.1,151,Train,205
replica1_4WHY_43,4WHY,12,8.1,151,Train,205
replica2_4WHY_43,4WHY,12,8.1,151,Train,205
replica3_4WHY_43,4WHY,12,8.1,151,Train,205
replica4_4WHY_43,4WHY,12,8.1,151,Train,205
replica5_4WHY_43,4WHY,12,8.1,151,Train,205
replica1_4WHY_58,4WHY,12,8.1,151,Train,205
replica2_4WHY_58,4WHY,12,8.1,151,Train,205
replica3_4WHY_58,4WHY,12,8.1,151,Train,205
replica4_4WHY_58,4WHY,12,8.1,151,Train,205
replica5_4WHY_58,4WHY,12,8.1,151,Train,205
replica1_4WHY_72,4WHY,12,8.1,151,Train,205
replica2_4WHY_72,4WHY,12,8.1,151,Train,205
replica3_4WHY_72,4WHY,12,8.1,151,Train,205
replica4_4WHY_72,4WHY,12,8.1,151,Train,205
replica5_4WHY_72,4WHY,12,8.1,151,Train,205
replica1_4WHY_86,4WHY,12,8.1,151,Train,205
replica2_4WHY_86,4WHY,12,8.1,151,Train,205
replica3_4WHY_86,4WHY,12,8.1,151,Train,205
replica4_4WHY_86,4WHY,12,8.1,151,Train,205
replica5_4WHY_86,4WHY,12,8.1,151,Train,205
replica1_4WHY_100,4WHY,12,8.1,151,Train,205
replica2_4WHY_100,4WHY,12,8.1,151,Train,205
replica3_4WHY_100,4WHY,12,8.1,151,Train,205
replica4_4WHY_100,4WHY,12,8.1,151,Train,205
replica5_4WHY_100,4WHY,12,8.1,151,Train,205
replica1_4WK2_1,4WK2,6,6.94,152,Train,206
replica2_4WK2_1,4WK2,6,6.94,152,Train,206
replica3_4WK2_1,4WK2,6,6.94,152,Train,206
replica4_4WK2_1,4WK2,6,6.94,152,Train,206
replica5_4WK2_1,4WK2,6,6.94,152,Train,206
replica1_4WK2_8,4WK2,6,6.94,152,Train,206
replica2_4WK2_8,4WK2,6,6.94,152,Train,206
replica3_4WK2_8,4WK2,6,6.94,152,Train,206
replica4_4WK2_8,4WK2,6,6.94,152,Train,206
replica5_4WK2_8,4WK2,6,6.94,152,Train,206
replica1_4WK2_14,4WK2,6,6.94,152,Train,206
replica2_4WK2_14,4WK2,6,6.94,152,Train,206
replica3_4WK2_14,4WK2,6,6.94,152,Train,206
replica4_4WK2_14,4WK2,6,6.94,152,Train,206
replica5_4WK2_14,4WK2,6,6.94,152,Train,206
replica1_4WK2_21,4WK2,6,6.94,152,Train,206
replica2_4WK2_21,4WK2,6,6.94,152,Train,206
replica3_4WK2_21,4WK2,6,6.94,152,Train,206
replica4_4WK2_21,4WK2,6,6.94,152,Train,206
replica5_4WK2_21,4WK2,6,6.94,152,Train,206
replica1_4WK2_27,4WK2,6,6.94,152,Train,206
replica2_4WK2_27,4WK2,6,6.94,152,Train,206
replica3_4WK2_27,4WK2,6,6.94,152,Train,206
replica4_4WK2_27,4WK2,6,6.94,152,Train,206
replica5_4WK2_27,4WK2,6,6.94,152,Train,206
replica1_4WK2_34,4WK2,6,6.94,152,Train,206
replica2_4WK2_34,4WK2,6,6.94,152,Train,206
replica3_4WK2_34,4WK2,6,6.94,152,Train,206
replica4_4WK2_34,4WK2,6,6.94,152,Train,206
replica5_4WK2_34,4WK2,6,6.94,152,Train,206
replica1_4WK2_41,4WK2,6,6.94,152,Train,206
replica2_4WK2_41,4WK2,6,6.94,152,Train,206
replica3_4WK2_41,4WK2,6,6.94,152,Train,206
replica4_4WK2_41,4WK2,6,6.94,152,Train,206
replica5_4WK2_41,4WK2,6,6.94,152,Train,206
replica1_4WK2_47,4WK2,6,6.94,152,Train,206
replica2_4WK2_47,4WK2,6,6.94,152,Train,206
replica3_4WK2_47,4WK2,6,6.94,152,Train,206
replica4_4WK2_47,4WK2,6,6.94,152,Train,206
replica5_4WK2_47,4WK2,6,6.94,152,Train,206
replica1_4WK2_54,4WK2,6,6.94,152,Train,206
replica2_4WK2_54,4WK2,6,6.94,152,Train,206
replica3_4WK2_54,4WK2,6,6.94,152,Train,206
replica4_4WK2_54,4WK2,6,6.94,152,Train,206
replica5_4WK2_54,4WK2,6,6.94,152,Train,206
replica1_4WK2_60,4WK2,6,6.94,152,Train,206
replica2_4WK2_60,4WK2,6,6.94,152,Train,206
replica3_4WK2_60,4WK2,6,6.94,152,Train,206
replica4_4WK2_60,4WK2,6,6.94,152,Train,206
replica5_4WK2_60,4WK2,6,6.94,152,Train,206
replica1_4WK2_67,4WK2,6,6.94,152,Train,206
replica2_4WK2_67,4WK2,6,6.94,152,Train,206
replica3_4WK2_67,4WK2,6,6.94,152,Train,206
replica4_4WK2_67,4WK2,6,6.94,152,Train,206
replica5_4WK2_67,4WK2,6,6.94,152,Train,206
replica1_4WK2_74,4WK2,6,6.94,152,Train,206
replica2_4WK2_74,4WK2,6,6.94,152,Train,206
replica3_4WK2_74,4WK2,6,6.94,152,Train,206
replica4_4WK2_74,4WK2,6,6.94,152,Train,206
replica5_4WK2_74,4WK2,6,6.94,152,Train,206
replica1_4WK2_80,4WK2,6,6.94,152,Train,206
replica2_4WK2_80,4WK2,6,6.94,152,Train,206
replica3_4WK2_80,4WK2,6,6.94,152,Train,206
replica4_4WK2_80,4WK2,6,6.94,152,Train,206
replica5_4WK2_80,4WK2,6,6.94,152,Train,206
replica1_4WK2_87,4WK2,6,6.94,152,Train,206
replica2_4WK2_87,4WK2,6,6.94,152,Train,206
replica3_4WK2_87,4WK2,6,6.94,152,Train,206
replica4_4WK2_87,4WK2,6,6.94,152,Train,206
replica5_4WK2_87,4WK2,6,6.94,152,Train,206
replica1_4WK2_93,4WK2,6,6.94,152,Train,206
replica2_4WK2_93,4WK2,6,6.94,152,Train,206
replica3_4WK2_93,4WK2,6,6.94,152,Train,206
replica4_4WK2_93,4WK2,6,6.94,152,Train,206
replica5_4WK2_93,4WK2,6,6.94,152,Train,206
replica1_4WK2_100,4WK2,6,6.94,152,Train,206
replica2_4WK2_100,4WK2,6,6.94,152,Train,206
replica3_4WK2_100,4WK2,6,6.94,152,Train,206
replica4_4WK2_100,4WK2,6,6.94,152,Train,206
replica5_4WK2_100,4WK2,6,6.94,152,Train,206
replica1_4WPH_1,4WPH,11,5.8,153,Train,207
replica2_4WPH_1,4WPH,11,5.8,153,Train,207
replica3_4WPH_1,4WPH,11,5.8,153,Train,207
replica4_4WPH_1,4WPH,11,5.8,153,Train,207
replica5_4WPH_1,4WPH,11,5.8,153,Train,207
replica1_4WPH_8,4WPH,11,5.8,153,Train,207
replica2_4WPH_8,4WPH,11,5.8,153,Train,207
replica3_4WPH_8,4WPH,11,5.8,153,Train,207
replica4_4WPH_8,4WPH,11,5.8,153,Train,207
replica5_4WPH_8,4WPH,11,5.8,153,Train,207
replica1_4WPH_14,4WPH,11,5.8,153,Train,207
replica2_4WPH_14,4WPH,11,5.8,153,Train,207
replica3_4WPH_14,4WPH,11,5.8,153,Train,207
replica4_4WPH_14,4WPH,11,5.8,153,Train,207
replica5_4WPH_14,4WPH,11,5.8,153,Train,207
replica1_4WPH_21,4WPH,11,5.8,153,Train,207
replica2_4WPH_21,4WPH,11,5.8,153,Train,207
replica3_4WPH_21,4WPH,11,5.8,153,Train,207
replica4_4WPH_21,4WPH,11,5.8,153,Train,207
replica5_4WPH_21,4WPH,11,5.8,153,Train,207
replica1_4WPH_27,4WPH,11,5.8,153,Train,207
replica2_4WPH_27,4WPH,11,5.8,153,Train,207
replica3_4WPH_27,4WPH,11,5.8,153,Train,207
replica4_4WPH_27,4WPH,11,5.8,153,Train,207
replica5_4WPH_27,4WPH,11,5.8,153,Train,207
replica1_4WPH_34,4WPH,11,5.8,153,Train,207
replica2_4WPH_34,4WPH,11,5.8,153,Train,207
replica3_4WPH_34,4WPH,11,5.8,153,Train,207
replica4_4WPH_34,4WPH,11,5.8,153,Train,207
replica5_4WPH_34,4WPH,11,5.8,153,Train,207
replica1_4WPH_41,4WPH,11,5.8,153,Train,207
replica2_4WPH_41,4WPH,11,5.8,153,Train,207
replica3_4WPH_41,4WPH,11,5.8,153,Train,207
replica4_4WPH_41,4WPH,11,5.8,153,Train,207
replica5_4WPH_41,4WPH,11,5.8,153,Train,207
replica1_4WPH_47,4WPH,11,5.8,153,Train,207
replica2_4WPH_47,4WPH,11,5.8,153,Train,207
replica3_4WPH_47,4WPH,11,5.8,153,Train,207
replica4_4WPH_47,4WPH,11,5.8,153,Train,207
replica5_4WPH_47,4WPH,11,5.8,153,Train,207
replica1_4WPH_54,4WPH,11,5.8,153,Train,207
replica2_4WPH_54,4WPH,11,5.8,153,Train,207
replica3_4WPH_54,4WPH,11,5.8,153,Train,207
replica4_4WPH_54,4WPH,11,5.8,153,Train,207
replica5_4WPH_54,4WPH,11,5.8,153,Train,207
replica1_4WPH_60,4WPH,11,5.8,153,Train,207
replica2_4WPH_60,4WPH,11,5.8,153,Train,207
replica3_4WPH_60,4WPH,11,5.8,153,Train,207
replica4_4WPH_60,4WPH,11,5.8,153,Train,207
replica5_4WPH_60,4WPH,11,5.8,153,Train,207
replica1_4WPH_67,4WPH,11,5.8,153,Train,207
replica2_4WPH_67,4WPH,11,5.8,153,Train,207
replica3_4WPH_67,4WPH,11,5.8,153,Train,207
replica4_4WPH_67,4WPH,11,5.8,153,Train,207
replica5_4WPH_67,4WPH,11,5.8,153,Train,207
replica1_4WPH_74,4WPH,11,5.8,153,Train,207
replica2_4WPH_74,4WPH,11,5.8,153,Train,207
replica3_4WPH_74,4WPH,11,5.8,153,Train,207
replica4_4WPH_74,4WPH,11,5.8,153,Train,207
replica5_4WPH_74,4WPH,11,5.8,153,Train,207
replica1_4WPH_80,4WPH,11,5.8,153,Train,207
replica2_4WPH_80,4WPH,11,5.8,153,Train,207
replica3_4WPH_80,4WPH,11,5.8,153,Train,207
replica4_4WPH_80,4WPH,11,5.8,153,Train,207
replica5_4WPH_80,4WPH,11,5.8,153,Train,207
replica1_4WPH_87,4WPH,11,5.8,153,Train,207
replica2_4WPH_87,4WPH,11,5.8,153,Train,207
replica3_4WPH_87,4WPH,11,5.8,153,Train,207
replica4_4WPH_87,4WPH,11,5.8,153,Train,207
replica5_4WPH_87,4WPH,11,5.8,153,Train,207
replica1_4WPH_93,4WPH,11,5.8,153,Train,207
replica2_4WPH_93,4WPH,11,5.8,153,Train,207
replica3_4WPH_93,4WPH,11,5.8,153,Train,207
replica4_4WPH_93,4WPH,11,5.8,153,Train,207
replica5_4WPH_93,4WPH,11,5.8,153,Train,207
replica1_4WPH_100,4WPH,11,5.8,153,Train,207
replica2_4WPH_100,4WPH,11,5.8,153,Train,207
replica3_4WPH_100,4WPH,11,5.8,153,Train,207
replica4_4WPH_100,4WPH,11,5.8,153,Train,207
replica5_4WPH_100,4WPH,11,5.8,153,Train,207
replica1_4X1Q_1,4X1Q,10,5.3,154,Train,208
replica2_4X1Q_1,4X1Q,10,5.3,154,Train,208
replica3_4X1Q_1,4X1Q,10,5.3,154,Train,208
replica4_4X1Q_1,4X1Q,10,5.3,154,Train,208
replica5_4X1Q_1,4X1Q,10,5.3,154,Train,208
replica1_4X1Q_26,4X1Q,10,5.3,154,Train,208
replica2_4X1Q_26,4X1Q,10,5.3,154,Train,208
replica3_4X1Q_26,4X1Q,10,5.3,154,Train,208
replica4_4X1Q_26,4X1Q,10,5.3,154,Train,208
replica5_4X1Q_26,4X1Q,10,5.3,154,Train,208
replica1_4X1Q_51,4X1Q,10,5.3,154,Train,208
replica2_4X1Q_51,4X1Q,10,5.3,154,Train,208
replica3_4X1Q_51,4X1Q,10,5.3,154,Train,208
replica4_4X1Q_51,4X1Q,10,5.3,154,Train,208
replica5_4X1Q_51,4X1Q,10,5.3,154,Train,208
replica1_4X1Q_75,4X1Q,10,5.3,154,Train,208
replica2_4X1Q_75,4X1Q,10,5.3,154,Train,208
replica3_4X1Q_75,4X1Q,10,5.3,154,Train,208
replica4_4X1Q_75,4X1Q,10,5.3,154,Train,208
replica5_4X1Q_75,4X1Q,10,5.3,154,Train,208
replica1_4X1Q_100,4X1Q,10,5.3,154,Train,208
replica2_4X1Q_100,4X1Q,10,5.3,154,Train,208
replica3_4X1Q_100,4X1Q,10,5.3,154,Train,208
replica4_4X1Q_100,4X1Q,10,5.3,154,Train,208
replica5_4X1Q_100,4X1Q,10,5.3,154,Train,208
replica1_4X3H_1,4X3H,9,4.23,155,Test,
replica2_4X3H_1,4X3H,9,4.23,155,Test,
replica3_4X3H_1,4X3H,9,4.23,155,Test,
replica4_4X3H_1,4X3H,9,4.23,155,Test,
replica5_4X3H_1,4X3H,9,4.23,155,Test,
replica1_4X3H_15,4X3H,9,4.23,155,Test,
replica2_4X3H_15,4X3H,9,4.23,155,Test,
replica3_4X3H_15,4X3H,9,4.23,155,Test,
replica4_4X3H_15,4X3H,9,4.23,155,Test,
replica5_4X3H_15,4X3H,9,4.23,155,Test,
replica1_4X3H_29,4X3H,9,4.23,155,Test,
replica2_4X3H_29,4X3H,9,4.23,155,Test,
replica3_4X3H_29,4X3H,9,4.23,155,Test,
replica4_4X3H_29,4X3H,9,4.23,155,Test,
replica5_4X3H_29,4X3H,9,4.23,155,Test,
replica1_4X3H_43,4X3H,9,4.23,155,Test,
replica2_4X3H_43,4X3H,9,4.23,155,Test,
replica3_4X3H_43,4X3H,9,4.23,155,Test,
replica4_4X3H_43,4X3H,9,4.23,155,Test,
replica5_4X3H_43,4X3H,9,4.23,155,Test,
replica1_4X3H_58,4X3H,9,4.23,155,Test,
replica2_4X3H_58,4X3H,9,4.23,155,Test,
replica3_4X3H_58,4X3H,9,4.23,155,Test,
replica4_4X3H_58,4X3H,9,4.23,155,Test,
replica5_4X3H_58,4X3H,9,4.23,155,Test,
replica1_4X3H_72,4X3H,9,4.23,155,Test,
replica2_4X3H_72,4X3H,9,4.23,155,Test,
replica3_4X3H_72,4X3H,9,4.23,155,Test,
replica4_4X3H_72,4X3H,9,4.23,155,Test,
replica5_4X3H_72,4X3H,9,4.23,155,Test,
replica1_4X3H_86,4X3H,9,4.23,155,Test,
replica2_4X3H_86,4X3H,9,4.23,155,Test,
replica3_4X3H_86,4X3H,9,4.23,155,Test,
replica4_4X3H_86,4X3H,9,4.23,155,Test,
replica5_4X3H_86,4X3H,9,4.23,155,Test,
replica1_4X3H_100,4X3H,9,4.23,155,Test,
replica2_4X3H_100,4X3H,9,4.23,155,Test,
replica3_4X3H_100,4X3H,9,4.23,155,Test,
replica4_4X3H_100,4X3H,9,4.23,155,Test,
replica5_4X3H_100,4X3H,9,4.23,155,Test,
replica1_4X3I_1,4X3I,7,3.17,156,Train,209
replica2_4X3I_1,4X3I,7,3.17,156,Train,209
replica3_4X3I_1,4X3I,7,3.17,156,Train,209
replica4_4X3I_1,4X3I,7,3.17,156,Train,209
replica5_4X3I_1,4X3I,7,3.17,156,Train,209
replica1_4X3I_15,4X3I,7,3.17,156,Train,209
replica2_4X3I_15,4X3I,7,3.17,156,Train,209
replica3_4X3I_15,4X3I,7,3.17,156,Train,209
replica4_4X3I_15,4X3I,7,3.17,156,Train,209
replica5_4X3I_15,4X3I,7,3.17,156,Train,209
replica1_4X3I_29,4X3I,7,3.17,156,Train,209
replica2_4X3I_29,4X3I,7,3.17,156,Train,209
replica3_4X3I_29,4X3I,7,3.17,156,Train,209
replica4_4X3I_29,4X3I,7,3.17,156,Train,209
replica5_4X3I_29,4X3I,7,3.17,156,Train,209
replica1_4X3I_43,4X3I,7,3.17,156,Train,209
replica2_4X3I_43,4X3I,7,3.17,156,Train,209
replica3_4X3I_43,4X3I,7,3.17,156,Train,209
replica4_4X3I_43,4X3I,7,3.17,156,Train,209
replica5_4X3I_43,4X3I,7,3.17,156,Train,209
replica1_4X3I_58,4X3I,7,3.17,156,Train,209
replica2_4X3I_58,4X3I,7,3.17,156,Train,209
replica3_4X3I_58,4X3I,7,3.17,156,Train,209
replica4_4X3I_58,4X3I,7,3.17,156,Train,209
replica5_4X3I_58,4X3I,7,3.17,156,Train,209
replica1_4X3I_72,4X3I,7,3.17,156,Train,209
replica2_4X3I_72,4X3I,7,3.17,156,Train,209
replica3_4X3I_72,4X3I,7,3.17,156,Train,209
replica4_4X3I_72,4X3I,7,3.17,156,Train,209
replica5_4X3I_72,4X3I,7,3.17,156,Train,209
replica1_4X3I_86,4X3I,7,3.17,156,Train,209
replica2_4X3I_86,4X3I,7,3.17,156,Train,209
replica3_4X3I_86,4X3I,7,3.17,156,Train,209
replica4_4X3I_86,4X3I,7,3.17,156,Train,209
replica5_4X3I_86,4X3I,7,3.17,156,Train,209
replica1_4X3I_100,4X3I,7,3.17,156,Train,209
replica2_4X3I_100,4X3I,7,3.17,156,Train,209
replica3_4X3I_100,4X3I,7,3.17,156,Train,209
replica4_4X3I_100,4X3I,7,3.17,156,Train,209
replica5_4X3I_100,4X3I,7,3.17,156,Train,209
replica1_4X8P_1,4X8P,12,5.48,157,Train,210
replica2_4X8P_1,4X8P,12,5.48,157,Train,210
replica3_4X8P_1,4X8P,12,5.48,157,Train,210
replica4_4X8P_1,4X8P,12,5.48,157,Train,210
replica5_4X8P_1,4X8P,12,5.48,157,Train,210
replica1_4X8P_8,4X8P,12,5.48,157,Train,210
replica2_4X8P_8,4X8P,12,5.48,157,Train,210
replica3_4X8P_8,4X8P,12,5.48,157,Train,210
replica4_4X8P_8,4X8P,12,5.48,157,Train,210
replica5_4X8P_8,4X8P,12,5.48,157,Train,210
replica1_4X8P_14,4X8P,12,5.48,157,Train,210
replica2_4X8P_14,4X8P,12,5.48,157,Train,210
replica3_4X8P_14,4X8P,12,5.48,157,Train,210
replica4_4X8P_14,4X8P,12,5.48,157,Train,210
replica5_4X8P_14,4X8P,12,5.48,157,Train,210
replica1_4X8P_21,4X8P,12,5.48,157,Train,210
replica2_4X8P_21,4X8P,12,5.48,157,Train,210
replica3_4X8P_21,4X8P,12,5.48,157,Train,210
replica4_4X8P_21,4X8P,12,5.48,157,Train,210
replica5_4X8P_21,4X8P,12,5.48,157,Train,210
replica1_4X8P_27,4X8P,12,5.48,157,Train,210
replica2_4X8P_27,4X8P,12,5.48,157,Train,210
replica3_4X8P_27,4X8P,12,5.48,157,Train,210
replica4_4X8P_27,4X8P,12,5.48,157,Train,210
replica5_4X8P_27,4X8P,12,5.48,157,Train,210
replica1_4X8P_34,4X8P,12,5.48,157,Train,210
replica2_4X8P_34,4X8P,12,5.48,157,Train,210
replica3_4X8P_34,4X8P,12,5.48,157,Train,210
replica4_4X8P_34,4X8P,12,5.48,157,Train,210
replica5_4X8P_34,4X8P,12,5.48,157,Train,210
replica1_4X8P_41,4X8P,12,5.48,157,Train,210
replica2_4X8P_41,4X8P,12,5.48,157,Train,210
replica3_4X8P_41,4X8P,12,5.48,157,Train,210
replica4_4X8P_41,4X8P,12,5.48,157,Train,210
replica5_4X8P_41,4X8P,12,5.48,157,Train,210
replica1_4X8P_47,4X8P,12,5.48,157,Train,210
replica2_4X8P_47,4X8P,12,5.48,157,Train,210
replica3_4X8P_47,4X8P,12,5.48,157,Train,210
replica4_4X8P_47,4X8P,12,5.48,157,Train,210
replica5_4X8P_47,4X8P,12,5.48,157,Train,210
replica1_4X8P_54,4X8P,12,5.48,157,Train,210
replica2_4X8P_54,4X8P,12,5.48,157,Train,210
replica3_4X8P_54,4X8P,12,5.48,157,Train,210
replica4_4X8P_54,4X8P,12,5.48,157,Train,210
replica5_4X8P_54,4X8P,12,5.48,157,Train,210
replica1_4X8P_60,4X8P,12,5.48,157,Train,210
replica2_4X8P_60,4X8P,12,5.48,157,Train,210
replica3_4X8P_60,4X8P,12,5.48,157,Train,210
replica4_4X8P_60,4X8P,12,5.48,157,Train,210
replica5_4X8P_60,4X8P,12,5.48,157,Train,210
replica1_4X8P_67,4X8P,12,5.48,157,Train,210
replica2_4X8P_67,4X8P,12,5.48,157,Train,210
replica3_4X8P_67,4X8P,12,5.48,157,Train,210
replica4_4X8P_67,4X8P,12,5.48,157,Train,210
replica5_4X8P_67,4X8P,12,5.48,157,Train,210
replica1_4X8P_74,4X8P,12,5.48,157,Train,210
replica2_4X8P_74,4X8P,12,5.48,157,Train,210
replica3_4X8P_74,4X8P,12,5.48,157,Train,210
replica4_4X8P_74,4X8P,12,5.48,157,Train,210
replica5_4X8P_74,4X8P,12,5.48,157,Train,210
replica1_4X8P_80,4X8P,12,5.48,157,Train,210
replica2_4X8P_80,4X8P,12,5.48,157,Train,210
replica3_4X8P_80,4X8P,12,5.48,157,Train,210
replica4_4X8P_80,4X8P,12,5.48,157,Train,210
replica5_4X8P_80,4X8P,12,5.48,157,Train,210
replica1_4X8P_87,4X8P,12,5.48,157,Train,210
replica2_4X8P_87,4X8P,12,5.48,157,Train,210
replica3_4X8P_87,4X8P,12,5.48,157,Train,210
replica4_4X8P_87,4X8P,12,5.48,157,Train,210
replica5_4X8P_87,4X8P,12,5.48,157,Train,210
replica1_4X8P_93,4X8P,12,5.48,157,Train,210
replica2_4X8P_93,4X8P,12,5.48,157,Train,210
replica3_4X8P_93,4X8P,12,5.48,157,Train,210
replica4_4X8P_93,4X8P,12,5.48,157,Train,210
replica5_4X8P_93,4X8P,12,5.48,157,Train,210
replica1_4X8P_100,4X8P,12,5.48,157,Train,210
replica2_4X8P_100,4X8P,12,5.48,157,Train,210
replica3_4X8P_100,4X8P,12,5.48,157,Train,210
replica4_4X8P_100,4X8P,12,5.48,157,Train,210
replica5_4X8P_100,4X8P,12,5.48,157,Train,210
replica1_4XC2_1,4XC2,11,5.37,158,Test,
replica2_4XC2_1,4XC2,11,5.37,158,Test,
replica3_4XC2_1,4XC2,11,5.37,158,Test,
replica4_4XC2_1,4XC2,11,5.37,158,Test,
replica5_4XC2_1,4XC2,11,5.37,158,Test,
replica1_4XC2_15,4XC2,11,5.37,158,Test,
replica2_4XC2_15,4XC2,11,5.37,158,Test,
replica3_4XC2_15,4XC2,11,5.37,158,Test,
replica4_4XC2_15,4XC2,11,5.37,158,Test,
replica5_4XC2_15,4XC2,11,5.37,158,Test,
replica1_4XC2_29,4XC2,11,5.37,158,Test,
replica2_4XC2_29,4XC2,11,5.37,158,Test,
replica3_4XC2_29,4XC2,11,5.37,158,Test,
replica4_4XC2_29,4XC2,11,5.37,158,Test,
replica5_4XC2_29,4XC2,11,5.37,158,Test,
replica1_4XC2_43,4XC2,11,5.37,158,Test,
replica2_4XC2_43,4XC2,11,5.37,158,Test,
replica3_4XC2_43,4XC2,11,5.37,158,Test,
replica4_4XC2_43,4XC2,11,5.37,158,Test,
replica5_4XC2_43,4XC2,11,5.37,158,Test,
replica1_4XC2_58,4XC2,11,5.37,158,Test,
replica2_4XC2_58,4XC2,11,5.37,158,Test,
replica3_4XC2_58,4XC2,11,5.37,158,Test,
replica4_4XC2_58,4XC2,11,5.37,158,Test,
replica5_4XC2_58,4XC2,11,5.37,158,Test,
replica1_4XC2_72,4XC2,11,5.37,158,Test,
replica2_4XC2_72,4XC2,11,5.37,158,Test,
replica3_4XC2_72,4XC2,11,5.37,158,Test,
replica4_4XC2_72,4XC2,11,5.37,158,Test,
replica5_4XC2_72,4XC2,11,5.37,158,Test,
replica1_4XC2_86,4XC2,11,5.37,158,Test,
replica2_4XC2_86,4XC2,11,5.37,158,Test,
replica3_4XC2_86,4XC2,11,5.37,158,Test,
replica4_4XC2_86,4XC2,11,5.37,158,Test,
replica5_4XC2_86,4XC2,11,5.37,158,Test,
replica1_4XC2_100,4XC2,11,5.37,158,Test,
replica2_4XC2_100,4XC2,11,5.37,158,Test,
replica3_4XC2_100,4XC2,11,5.37,158,Test,
replica4_4XC2_100,4XC2,11,5.37,158,Test,
replica5_4XC2_100,4XC2,11,5.37,158,Test,
replica1_4Y7R_1,4Y7R,8,5.03,103,Train,211
replica2_4Y7R_1,4Y7R,8,5.03,103,Train,211
replica3_4Y7R_1,4Y7R,8,5.03,103,Train,211
replica4_4Y7R_1,4Y7R,8,5.03,103,Train,211
replica5_4Y7R_1,4Y7R,8,5.03,103,Train,211
replica1_4YJE_1,4YJE,11,4.84,159,Train,212
replica2_4YJE_1,4YJE,11,4.84,159,Train,212
replica3_4YJE_1,4YJE,11,4.84,159,Train,212
replica4_4YJE_1,4YJE,11,4.84,159,Train,212
replica5_4YJE_1,4YJE,11,4.84,159,Train,212
replica1_4YJE_26,4YJE,11,4.84,159,Train,212
replica2_4YJE_26,4YJE,11,4.84,159,Train,212
replica3_4YJE_26,4YJE,11,4.84,159,Train,212
replica4_4YJE_26,4YJE,11,4.84,159,Train,212
replica5_4YJE_26,4YJE,11,4.84,159,Train,212
replica1_4YJE_51,4YJE,11,4.84,159,Train,212
replica2_4YJE_51,4YJE,11,4.84,159,Train,212
replica3_4YJE_51,4YJE,11,4.84,159,Train,212
replica4_4YJE_51,4YJE,11,4.84,159,Train,212
replica5_4YJE_51,4YJE,11,4.84,159,Train,212
replica1_4YJE_75,4YJE,11,4.84,159,Train,212
replica2_4YJE_75,4YJE,11,4.84,159,Train,212
replica3_4YJE_75,4YJE,11,4.84,159,Train,212
replica4_4YJE_75,4YJE,11,4.84,159,Train,212
replica5_4YJE_75,4YJE,11,4.84,159,Train,212
replica1_4YJE_100,4YJE,11,4.84,159,Train,212
replica2_4YJE_100,4YJE,11,4.84,159,Train,212
replica3_4YJE_100,4YJE,11,4.84,159,Train,212
replica4_4YJE_100,4YJE,11,4.84,159,Train,212
replica5_4YJE_100,4YJE,11,4.84,159,Train,212
replica1_4YJL_1,4YJL,13,5.96,160,Train,213
replica2_4YJL_1,4YJL,13,5.96,160,Train,213
replica3_4YJL_1,4YJL,13,5.96,160,Train,213
replica4_4YJL_1,4YJL,13,5.96,160,Train,213
replica5_4YJL_1,4YJL,13,5.96,160,Train,213
replica1_4YJL_26,4YJL,13,5.96,160,Train,213
replica2_4YJL_26,4YJL,13,5.96,160,Train,213
replica3_4YJL_26,4YJL,13,5.96,160,Train,213
replica4_4YJL_26,4YJL,13,5.96,160,Train,213
replica5_4YJL_26,4YJL,13,5.96,160,Train,213
replica1_4YJL_51,4YJL,13,5.96,160,Train,213
replica2_4YJL_51,4YJL,13,5.96,160,Train,213
replica3_4YJL_51,4YJL,13,5.96,160,Train,213
replica4_4YJL_51,4YJL,13,5.96,160,Train,213
replica5_4YJL_51,4YJL,13,5.96,160,Train,213
replica1_4YJL_75,4YJL,13,5.96,160,Train,213
replica2_4YJL_75,4YJL,13,5.96,160,Train,213
replica3_4YJL_75,4YJL,13,5.96,160,Train,213
replica4_4YJL_75,4YJL,13,5.96,160,Train,213
replica5_4YJL_75,4YJL,13,5.96,160,Train,213
replica1_4YJL_100,4YJL,13,5.96,160,Train,213
replica2_4YJL_100,4YJL,13,5.96,160,Train,213
replica3_4YJL_100,4YJL,13,5.96,160,Train,213
replica4_4YJL_100,4YJL,13,5.96,160,Train,213
replica5_4YJL_100,4YJL,13,5.96,160,Train,213
replica1_4YK6_1,4YK6,11,5.7,159,Train,214
replica2_4YK6_1,4YK6,11,5.7,159,Train,214
replica3_4YK6_1,4YK6,11,5.7,159,Train,214
replica4_4YK6_1,4YK6,11,5.7,159,Train,214
replica5_4YK6_1,4YK6,11,5.7,159,Train,214
replica1_4YK6_26,4YK6,11,5.7,159,Train,214
replica2_4YK6_26,4YK6,11,5.7,159,Train,214
replica3_4YK6_26,4YK6,11,5.7,159,Train,214
replica4_4YK6_26,4YK6,11,5.7,159,Train,214
replica5_4YK6_26,4YK6,11,5.7,159,Train,214
replica1_4YK6_51,4YK6,11,5.7,159,Train,214
replica2_4YK6_51,4YK6,11,5.7,159,Train,214
replica3_4YK6_51,4YK6,11,5.7,159,Train,214
replica4_4YK6_51,4YK6,11,5.7,159,Train,214
replica5_4YK6_51,4YK6,11,5.7,159,Train,214
replica1_4YK6_75,4YK6,11,5.7,159,Train,214
replica2_4YK6_75,4YK6,11,5.7,159,Train,214
replica3_4YK6_75,4YK6,11,5.7,159,Train,214
replica4_4YK6_75,4YK6,11,5.7,159,Train,214
replica5_4YK6_75,4YK6,11,5.7,159,Train,214
replica1_4YK6_100,4YK6,11,5.7,159,Train,214
replica2_4YK6_100,4YK6,11,5.7,159,Train,214
replica3_4YK6_100,4YK6,11,5.7,159,Train,214
replica4_4YK6_100,4YK6,11,5.7,159,Train,214
replica5_4YK6_100,4YK6,11,5.7,159,Train,214
replica1_4YNL_1,4YNL,6,4.62,161,Train,215
replica2_4YNL_1,4YNL,6,4.62,161,Train,215
replica3_4YNL_1,4YNL,6,4.62,161,Train,215
replica4_4YNL_1,4YNL,6,4.62,161,Train,215
replica5_4YNL_1,4YNL,6,4.62,161,Train,215
replica1_4YNL_8,4YNL,6,4.62,161,Train,215
replica2_4YNL_8,4YNL,6,4.62,161,Train,215
replica3_4YNL_8,4YNL,6,4.62,161,Train,215
replica4_4YNL_8,4YNL,6,4.62,161,Train,215
replica5_4YNL_8,4YNL,6,4.62,161,Train,215
replica1_4YNL_14,4YNL,6,4.62,161,Train,215
replica2_4YNL_14,4YNL,6,4.62,161,Train,215
replica3_4YNL_14,4YNL,6,4.62,161,Train,215
replica4_4YNL_14,4YNL,6,4.62,161,Train,215
replica5_4YNL_14,4YNL,6,4.62,161,Train,215
replica1_4YNL_21,4YNL,6,4.62,161,Train,215
replica2_4YNL_21,4YNL,6,4.62,161,Train,215
replica3_4YNL_21,4YNL,6,4.62,161,Train,215
replica4_4YNL_21,4YNL,6,4.62,161,Train,215
replica5_4YNL_21,4YNL,6,4.62,161,Train,215
replica1_4YNL_27,4YNL,6,4.62,161,Train,215
replica2_4YNL_27,4YNL,6,4.62,161,Train,215
replica3_4YNL_27,4YNL,6,4.62,161,Train,215
replica4_4YNL_27,4YNL,6,4.62,161,Train,215
replica5_4YNL_27,4YNL,6,4.62,161,Train,215
replica1_4YNL_34,4YNL,6,4.62,161,Train,215
replica2_4YNL_34,4YNL,6,4.62,161,Train,215
replica3_4YNL_34,4YNL,6,4.62,161,Train,215
replica4_4YNL_34,4YNL,6,4.62,161,Train,215
replica5_4YNL_34,4YNL,6,4.62,161,Train,215
replica1_4YNL_41,4YNL,6,4.62,161,Train,215
replica2_4YNL_41,4YNL,6,4.62,161,Train,215
replica3_4YNL_41,4YNL,6,4.62,161,Train,215
replica4_4YNL_41,4YNL,6,4.62,161,Train,215
replica5_4YNL_41,4YNL,6,4.62,161,Train,215
replica1_4YNL_47,4YNL,6,4.62,161,Train,215
replica2_4YNL_47,4YNL,6,4.62,161,Train,215
replica3_4YNL_47,4YNL,6,4.62,161,Train,215
replica4_4YNL_47,4YNL,6,4.62,161,Train,215
replica5_4YNL_47,4YNL,6,4.62,161,Train,215
replica1_4YNL_54,4YNL,6,4.62,161,Train,215
replica2_4YNL_54,4YNL,6,4.62,161,Train,215
replica3_4YNL_54,4YNL,6,4.62,161,Train,215
replica4_4YNL_54,4YNL,6,4.62,161,Train,215
replica5_4YNL_54,4YNL,6,4.62,161,Train,215
replica1_4YNL_60,4YNL,6,4.62,161,Train,215
replica2_4YNL_60,4YNL,6,4.62,161,Train,215
replica3_4YNL_60,4YNL,6,4.62,161,Train,215
replica4_4YNL_60,4YNL,6,4.62,161,Train,215
replica5_4YNL_60,4YNL,6,4.62,161,Train,215
replica1_4YNL_67,4YNL,6,4.62,161,Train,215
replica2_4YNL_67,4YNL,6,4.62,161,Train,215
replica3_4YNL_67,4YNL,6,4.62,161,Train,215
replica4_4YNL_67,4YNL,6,4.62,161,Train,215
replica5_4YNL_67,4YNL,6,4.62,161,Train,215
replica1_4YNL_74,4YNL,6,4.62,161,Train,215
replica2_4YNL_74,4YNL,6,4.62,161,Train,215
replica3_4YNL_74,4YNL,6,4.62,161,Train,215
replica4_4YNL_74,4YNL,6,4.62,161,Train,215
replica5_4YNL_74,4YNL,6,4.62,161,Train,215
replica1_4YNL_80,4YNL,6,4.62,161,Train,215
replica2_4YNL_80,4YNL,6,4.62,161,Train,215
replica3_4YNL_80,4YNL,6,4.62,161,Train,215
replica4_4YNL_80,4YNL,6,4.62,161,Train,215
replica5_4YNL_80,4YNL,6,4.62,161,Train,215
replica1_4YNL_87,4YNL,6,4.62,161,Train,215
replica2_4YNL_87,4YNL,6,4.62,161,Train,215
replica3_4YNL_87,4YNL,6,4.62,161,Train,215
replica4_4YNL_87,4YNL,6,4.62,161,Train,215
replica5_4YNL_87,4YNL,6,4.62,161,Train,215
replica1_4YNL_93,4YNL,6,4.62,161,Train,215
replica2_4YNL_93,4YNL,6,4.62,161,Train,215
replica3_4YNL_93,4YNL,6,4.62,161,Train,215
replica4_4YNL_93,4YNL,6,4.62,161,Train,215
replica5_4YNL_93,4YNL,6,4.62,161,Train,215
replica1_4YNL_100,4YNL,6,4.62,161,Train,215
replica2_4YNL_100,4YNL,6,4.62,161,Train,215
replica3_4YNL_100,4YNL,6,4.62,161,Train,215
replica4_4YNL_100,4YNL,6,4.62,161,Train,215
replica5_4YNL_100,4YNL,6,4.62,161,Train,215
replica1_4YOZ_1,4YOZ,9,6.8,13,Train,216
replica2_4YOZ_1,4YOZ,9,6.8,13,Train,216
replica3_4YOZ_1,4YOZ,9,6.8,13,Train,216
replica4_4YOZ_1,4YOZ,9,6.8,13,Train,216
replica5_4YOZ_1,4YOZ,9,6.8,13,Train,216
replica1_4YOZ_8,4YOZ,9,6.8,13,Train,216
replica2_4YOZ_8,4YOZ,9,6.8,13,Train,216
replica3_4YOZ_8,4YOZ,9,6.8,13,Train,216
replica4_4YOZ_8,4YOZ,9,6.8,13,Train,216
replica5_4YOZ_8,4YOZ,9,6.8,13,Train,216
replica1_4YOZ_14,4YOZ,9,6.8,13,Train,216
replica2_4YOZ_14,4YOZ,9,6.8,13,Train,216
replica3_4YOZ_14,4YOZ,9,6.8,13,Train,216
replica4_4YOZ_14,4YOZ,9,6.8,13,Train,216
replica5_4YOZ_14,4YOZ,9,6.8,13,Train,216
replica1_4YOZ_21,4YOZ,9,6.8,13,Train,216
replica2_4YOZ_21,4YOZ,9,6.8,13,Train,216
replica3_4YOZ_21,4YOZ,9,6.8,13,Train,216
replica4_4YOZ_21,4YOZ,9,6.8,13,Train,216
replica5_4YOZ_21,4YOZ,9,6.8,13,Train,216
replica1_4YOZ_27,4YOZ,9,6.8,13,Train,216
replica2_4YOZ_27,4YOZ,9,6.8,13,Train,216
replica3_4YOZ_27,4YOZ,9,6.8,13,Train,216
replica4_4YOZ_27,4YOZ,9,6.8,13,Train,216
replica5_4YOZ_27,4YOZ,9,6.8,13,Train,216
replica1_4YOZ_34,4YOZ,9,6.8,13,Train,216
replica2_4YOZ_34,4YOZ,9,6.8,13,Train,216
replica3_4YOZ_34,4YOZ,9,6.8,13,Train,216
replica4_4YOZ_34,4YOZ,9,6.8,13,Train,216
replica5_4YOZ_34,4YOZ,9,6.8,13,Train,216
replica1_4YOZ_41,4YOZ,9,6.8,13,Train,216
replica2_4YOZ_41,4YOZ,9,6.8,13,Train,216
replica3_4YOZ_41,4YOZ,9,6.8,13,Train,216
replica4_4YOZ_41,4YOZ,9,6.8,13,Train,216
replica5_4YOZ_41,4YOZ,9,6.8,13,Train,216
replica1_4YOZ_47,4YOZ,9,6.8,13,Train,216
replica2_4YOZ_47,4YOZ,9,6.8,13,Train,216
replica3_4YOZ_47,4YOZ,9,6.8,13,Train,216
replica4_4YOZ_47,4YOZ,9,6.8,13,Train,216
replica5_4YOZ_47,4YOZ,9,6.8,13,Train,216
replica1_4YOZ_54,4YOZ,9,6.8,13,Train,216
replica2_4YOZ_54,4YOZ,9,6.8,13,Train,216
replica3_4YOZ_54,4YOZ,9,6.8,13,Train,216
replica4_4YOZ_54,4YOZ,9,6.8,13,Train,216
replica5_4YOZ_54,4YOZ,9,6.8,13,Train,216
replica1_4YOZ_60,4YOZ,9,6.8,13,Train,216
replica2_4YOZ_60,4YOZ,9,6.8,13,Train,216
replica3_4YOZ_60,4YOZ,9,6.8,13,Train,216
replica4_4YOZ_60,4YOZ,9,6.8,13,Train,216
replica5_4YOZ_60,4YOZ,9,6.8,13,Train,216
replica1_4YOZ_67,4YOZ,9,6.8,13,Train,216
replica2_4YOZ_67,4YOZ,9,6.8,13,Train,216
replica3_4YOZ_67,4YOZ,9,6.8,13,Train,216
replica4_4YOZ_67,4YOZ,9,6.8,13,Train,216
replica5_4YOZ_67,4YOZ,9,6.8,13,Train,216
replica1_4YOZ_74,4YOZ,9,6.8,13,Train,216
replica2_4YOZ_74,4YOZ,9,6.8,13,Train,216
replica3_4YOZ_74,4YOZ,9,6.8,13,Train,216
replica4_4YOZ_74,4YOZ,9,6.8,13,Train,216
replica5_4YOZ_74,4YOZ,9,6.8,13,Train,216
replica1_4YOZ_80,4YOZ,9,6.8,13,Train,216
replica2_4YOZ_80,4YOZ,9,6.8,13,Train,216
replica3_4YOZ_80,4YOZ,9,6.8,13,Train,216
replica4_4YOZ_80,4YOZ,9,6.8,13,Train,216
replica5_4YOZ_80,4YOZ,9,6.8,13,Train,216
replica1_4YOZ_87,4YOZ,9,6.8,13,Train,216
replica2_4YOZ_87,4YOZ,9,6.8,13,Train,216
replica3_4YOZ_87,4YOZ,9,6.8,13,Train,216
replica4_4YOZ_87,4YOZ,9,6.8,13,Train,216
replica5_4YOZ_87,4YOZ,9,6.8,13,Train,216
replica1_4YOZ_93,4YOZ,9,6.8,13,Train,216
replica2_4YOZ_93,4YOZ,9,6.8,13,Train,216
replica3_4YOZ_93,4YOZ,9,6.8,13,Train,216
replica4_4YOZ_93,4YOZ,9,6.8,13,Train,216
replica5_4YOZ_93,4YOZ,9,6.8,13,Train,216
replica1_4YOZ_100,4YOZ,9,6.8,13,Train,216
replica2_4YOZ_100,4YOZ,9,6.8,13,Train,216
replica3_4YOZ_100,4YOZ,9,6.8,13,Train,216
replica4_4YOZ_100,4YOZ,9,6.8,13,Train,216
replica5_4YOZ_100,4YOZ,9,6.8,13,Train,216
replica1_4YSI_1,4YSI,8,5.7,47,Test,
replica2_4YSI_1,4YSI,8,5.7,47,Test,
replica3_4YSI_1,4YSI,8,5.7,47,Test,
replica4_4YSI_1,4YSI,8,5.7,47,Test,
replica5_4YSI_1,4YSI,8,5.7,47,Test,
replica1_4YSI_26,4YSI,8,5.7,47,Test,
replica2_4YSI_26,4YSI,8,5.7,47,Test,
replica3_4YSI_26,4YSI,8,5.7,47,Test,
replica4_4YSI_26,4YSI,8,5.7,47,Test,
replica5_4YSI_26,4YSI,8,5.7,47,Test,
replica1_4YSI_51,4YSI,8,5.7,47,Test,
replica2_4YSI_51,4YSI,8,5.7,47,Test,
replica3_4YSI_51,4YSI,8,5.7,47,Test,
replica4_4YSI_51,4YSI,8,5.7,47,Test,
replica5_4YSI_51,4YSI,8,5.7,47,Test,
replica1_4YSI_75,4YSI,8,5.7,47,Test,
replica2_4YSI_75,4YSI,8,5.7,47,Test,
replica3_4YSI_75,4YSI,8,5.7,47,Test,
replica4_4YSI_75,4YSI,8,5.7,47,Test,
replica5_4YSI_75,4YSI,8,5.7,47,Test,
replica1_4YSI_100,4YSI,8,5.7,47,Test,
replica2_4YSI_100,4YSI,8,5.7,47,Test,
replica3_4YSI_100,4YSI,8,5.7,47,Test,
replica4_4YSI_100,4YSI,8,5.7,47,Test,
replica5_4YSI_100,4YSI,8,5.7,47,Test,
replica1_4Z2O_1,4Z2O,12,4.51,162,Train,217
replica2_4Z2O_1,4Z2O,12,4.51,162,Train,217
replica3_4Z2O_1,4Z2O,12,4.51,162,Train,217
replica4_4Z2O_1,4Z2O,12,4.51,162,Train,217
replica5_4Z2O_1,4Z2O,12,4.51,162,Train,217
replica1_4Z2O_15,4Z2O,12,4.51,162,Train,217
replica2_4Z2O_15,4Z2O,12,4.51,162,Train,217
replica3_4Z2O_15,4Z2O,12,4.51,162,Train,217
replica4_4Z2O_15,4Z2O,12,4.51,162,Train,217
replica5_4Z2O_15,4Z2O,12,4.51,162,Train,217
replica1_4Z2O_29,4Z2O,12,4.51,162,Train,217
replica2_4Z2O_29,4Z2O,12,4.51,162,Train,217
replica3_4Z2O_29,4Z2O,12,4.51,162,Train,217
replica4_4Z2O_29,4Z2O,12,4.51,162,Train,217
replica5_4Z2O_29,4Z2O,12,4.51,162,Train,217
replica1_4Z2O_43,4Z2O,12,4.51,162,Train,217
replica2_4Z2O_43,4Z2O,12,4.51,162,Train,217
replica3_4Z2O_43,4Z2O,12,4.51,162,Train,217
replica4_4Z2O_43,4Z2O,12,4.51,162,Train,217
replica5_4Z2O_43,4Z2O,12,4.51,162,Train,217
replica1_4Z2O_58,4Z2O,12,4.51,162,Train,217
replica2_4Z2O_58,4Z2O,12,4.51,162,Train,217
replica3_4Z2O_58,4Z2O,12,4.51,162,Train,217
replica4_4Z2O_58,4Z2O,12,4.51,162,Train,217
replica5_4Z2O_58,4Z2O,12,4.51,162,Train,217
replica1_4Z2O_72,4Z2O,12,4.51,162,Train,217
replica2_4Z2O_72,4Z2O,12,4.51,162,Train,217
replica3_4Z2O_72,4Z2O,12,4.51,162,Train,217
replica4_4Z2O_72,4Z2O,12,4.51,162,Train,217
replica5_4Z2O_72,4Z2O,12,4.51,162,Train,217
replica1_4Z2O_86,4Z2O,12,4.51,162,Train,217
replica2_4Z2O_86,4Z2O,12,4.51,162,Train,217
replica3_4Z2O_86,4Z2O,12,4.51,162,Train,217
replica4_4Z2O_86,4Z2O,12,4.51,162,Train,217
replica5_4Z2O_86,4Z2O,12,4.51,162,Train,217
replica1_4Z2O_100,4Z2O,12,4.51,162,Train,217
replica2_4Z2O_100,4Z2O,12,4.51,162,Train,217
replica3_4Z2O_100,4Z2O,12,4.51,162,Train,217
replica4_4Z2O_100,4Z2O,12,4.51,162,Train,217
replica5_4Z2O_100,4Z2O,12,4.51,162,Train,217
replica1_4Z2P_1,4Z2P,12,4.6,162,Train,218
replica2_4Z2P_1,4Z2P,12,4.6,162,Train,218
replica3_4Z2P_1,4Z2P,12,4.6,162,Train,218
replica4_4Z2P_1,4Z2P,12,4.6,162,Train,218
replica5_4Z2P_1,4Z2P,12,4.6,162,Train,218
replica1_4Z2P_15,4Z2P,12,4.6,162,Train,218
replica2_4Z2P_15,4Z2P,12,4.6,162,Train,218
replica3_4Z2P_15,4Z2P,12,4.6,162,Train,218
replica4_4Z2P_15,4Z2P,12,4.6,162,Train,218
replica5_4Z2P_15,4Z2P,12,4.6,162,Train,218
replica1_4Z2P_29,4Z2P,12,4.6,162,Train,218
replica2_4Z2P_29,4Z2P,12,4.6,162,Train,218
replica3_4Z2P_29,4Z2P,12,4.6,162,Train,218
replica4_4Z2P_29,4Z2P,12,4.6,162,Train,218
replica5_4Z2P_29,4Z2P,12,4.6,162,Train,218
replica1_4Z2P_43,4Z2P,12,4.6,162,Train,218
replica2_4Z2P_43,4Z2P,12,4.6,162,Train,218
replica3_4Z2P_43,4Z2P,12,4.6,162,Train,218
replica4_4Z2P_43,4Z2P,12,4.6,162,Train,218
replica5_4Z2P_43,4Z2P,12,4.6,162,Train,218
replica1_4Z2P_58,4Z2P,12,4.6,162,Train,218
replica2_4Z2P_58,4Z2P,12,4.6,162,Train,218
replica3_4Z2P_58,4Z2P,12,4.6,162,Train,218
replica4_4Z2P_58,4Z2P,12,4.6,162,Train,218
replica5_4Z2P_58,4Z2P,12,4.6,162,Train,218
replica1_4Z2P_72,4Z2P,12,4.6,162,Train,218
replica2_4Z2P_72,4Z2P,12,4.6,162,Train,218
replica3_4Z2P_72,4Z2P,12,4.6,162,Train,218
replica4_4Z2P_72,4Z2P,12,4.6,162,Train,218
replica5_4Z2P_72,4Z2P,12,4.6,162,Train,218
replica1_4Z2P_86,4Z2P,12,4.6,162,Train,218
replica2_4Z2P_86,4Z2P,12,4.6,162,Train,218
replica3_4Z2P_86,4Z2P,12,4.6,162,Train,218
replica4_4Z2P_86,4Z2P,12,4.6,162,Train,218
replica5_4Z2P_86,4Z2P,12,4.6,162,Train,218
replica1_4Z2P_100,4Z2P,12,4.6,162,Train,218
replica2_4Z2P_100,4Z2P,12,4.6,162,Train,218
replica3_4Z2P_100,4Z2P,12,4.6,162,Train,218
replica4_4Z2P_100,4Z2P,12,4.6,162,Train,218
replica5_4Z2P_100,4Z2P,12,4.6,162,Train,218
replica1_4Z68_1,4Z68,12,6.49,163,Train,219
replica2_4Z68_1,4Z68,12,6.49,163,Train,219
replica3_4Z68_1,4Z68,12,6.49,163,Train,219
replica4_4Z68_1,4Z68,12,6.49,163,Train,219
replica5_4Z68_1,4Z68,12,6.49,163,Train,219
replica1_4Z68_8,4Z68,12,6.49,163,Train,219
replica2_4Z68_8,4Z68,12,6.49,163,Train,219
replica3_4Z68_8,4Z68,12,6.49,163,Train,219
replica4_4Z68_8,4Z68,12,6.49,163,Train,219
replica5_4Z68_8,4Z68,12,6.49,163,Train,219
replica1_4Z68_14,4Z68,12,6.49,163,Train,219
replica2_4Z68_14,4Z68,12,6.49,163,Train,219
replica3_4Z68_14,4Z68,12,6.49,163,Train,219
replica4_4Z68_14,4Z68,12,6.49,163,Train,219
replica5_4Z68_14,4Z68,12,6.49,163,Train,219
replica1_4Z68_21,4Z68,12,6.49,163,Train,219
replica2_4Z68_21,4Z68,12,6.49,163,Train,219
replica3_4Z68_21,4Z68,12,6.49,163,Train,219
replica4_4Z68_21,4Z68,12,6.49,163,Train,219
replica5_4Z68_21,4Z68,12,6.49,163,Train,219
replica1_4Z68_27,4Z68,12,6.49,163,Train,219
replica2_4Z68_27,4Z68,12,6.49,163,Train,219
replica3_4Z68_27,4Z68,12,6.49,163,Train,219
replica4_4Z68_27,4Z68,12,6.49,163,Train,219
replica5_4Z68_27,4Z68,12,6.49,163,Train,219
replica1_4Z68_34,4Z68,12,6.49,163,Train,219
replica2_4Z68_34,4Z68,12,6.49,163,Train,219
replica3_4Z68_34,4Z68,12,6.49,163,Train,219
replica4_4Z68_34,4Z68,12,6.49,163,Train,219
replica5_4Z68_34,4Z68,12,6.49,163,Train,219
replica1_4Z68_41,4Z68,12,6.49,163,Train,219
replica2_4Z68_41,4Z68,12,6.49,163,Train,219
replica3_4Z68_41,4Z68,12,6.49,163,Train,219
replica4_4Z68_41,4Z68,12,6.49,163,Train,219
replica5_4Z68_41,4Z68,12,6.49,163,Train,219
replica1_4Z68_47,4Z68,12,6.49,163,Train,219
replica2_4Z68_47,4Z68,12,6.49,163,Train,219
replica3_4Z68_47,4Z68,12,6.49,163,Train,219
replica4_4Z68_47,4Z68,12,6.49,163,Train,219
replica5_4Z68_47,4Z68,12,6.49,163,Train,219
replica1_4Z68_54,4Z68,12,6.49,163,Train,219
replica2_4Z68_54,4Z68,12,6.49,163,Train,219
replica3_4Z68_54,4Z68,12,6.49,163,Train,219
replica4_4Z68_54,4Z68,12,6.49,163,Train,219
replica5_4Z68_54,4Z68,12,6.49,163,Train,219
replica1_4Z68_60,4Z68,12,6.49,163,Train,219
replica2_4Z68_60,4Z68,12,6.49,163,Train,219
replica3_4Z68_60,4Z68,12,6.49,163,Train,219
replica4_4Z68_60,4Z68,12,6.49,163,Train,219
replica5_4Z68_60,4Z68,12,6.49,163,Train,219
replica1_4Z68_67,4Z68,12,6.49,163,Train,219
replica2_4Z68_67,4Z68,12,6.49,163,Train,219
replica3_4Z68_67,4Z68,12,6.49,163,Train,219
replica4_4Z68_67,4Z68,12,6.49,163,Train,219
replica5_4Z68_67,4Z68,12,6.49,163,Train,219
replica1_4Z68_74,4Z68,12,6.49,163,Train,219
replica2_4Z68_74,4Z68,12,6.49,163,Train,219
replica3_4Z68_74,4Z68,12,6.49,163,Train,219
replica4_4Z68_74,4Z68,12,6.49,163,Train,219
replica5_4Z68_74,4Z68,12,6.49,163,Train,219
replica1_4Z68_80,4Z68,12,6.49,163,Train,219
replica2_4Z68_80,4Z68,12,6.49,163,Train,219
replica3_4Z68_80,4Z68,12,6.49,163,Train,219
replica4_4Z68_80,4Z68,12,6.49,163,Train,219
replica5_4Z68_80,4Z68,12,6.49,163,Train,219
replica1_4Z68_87,4Z68,12,6.49,163,Train,219
replica2_4Z68_87,4Z68,12,6.49,163,Train,219
replica3_4Z68_87,4Z68,12,6.49,163,Train,219
replica4_4Z68_87,4Z68,12,6.49,163,Train,219
replica5_4Z68_87,4Z68,12,6.49,163,Train,219
replica1_4Z68_93,4Z68,12,6.49,163,Train,219
replica2_4Z68_93,4Z68,12,6.49,163,Train,219
replica3_4Z68_93,4Z68,12,6.49,163,Train,219
replica4_4Z68_93,4Z68,12,6.49,163,Train,219
replica5_4Z68_93,4Z68,12,6.49,163,Train,219
replica1_4Z68_100,4Z68,12,6.49,163,Train,219
replica2_4Z68_100,4Z68,12,6.49,163,Train,219
replica3_4Z68_100,4Z68,12,6.49,163,Train,219
replica4_4Z68_100,4Z68,12,6.49,163,Train,219
replica5_4Z68_100,4Z68,12,6.49,163,Train,219
replica1_4Z7N_1,4Z7N,4,5.04,164,Test,
replica2_4Z7N_1,4Z7N,4,5.04,164,Test,
replica3_4Z7N_1,4Z7N,4,5.04,164,Test,
replica5_4Z7N_1,4Z7N,4,5.04,164,Test,
replica1_4Z7N_15,4Z7N,4,5.04,164,Test,
replica4_4Z7N_15,4Z7N,4,5.04,164,Test,
replica5_4Z7N_15,4Z7N,4,5.04,164,Test,
replica2_4Z7N_29,4Z7N,4,5.04,164,Test,
replica5_4Z7N_29,4Z7N,4,5.04,164,Test,
replica3_4Z7N_43,4Z7N,4,5.04,164,Test,
replica3_4Z7N_58,4Z7N,4,5.04,164,Test,
replica4_4Z7N_58,4Z7N,4,5.04,164,Test,
replica1_4Z7N_72,4Z7N,4,5.04,164,Test,
replica2_4Z7N_72,4Z7N,4,5.04,164,Test,
replica4_4Z7N_72,4Z7N,4,5.04,164,Test,
replica1_4Z7N_86,4Z7N,4,5.04,164,Test,
replica2_4Z7N_86,4Z7N,4,5.04,164,Test,
replica3_4Z7N_86,4Z7N,4,5.04,164,Test,
replica4_4Z7N_86,4Z7N,4,5.04,164,Test,
replica1_4Z7N_100,4Z7N,4,5.04,164,Test,
replica2_4Z7N_100,4Z7N,4,5.04,164,Test,
replica3_4Z7N_100,4Z7N,4,5.04,164,Test,
replica4_4Z7N_100,4Z7N,4,5.04,164,Test,
replica1_4Z7O_1,4Z7O,4,5.04,164,Test,
replica2_4Z7O_1,4Z7O,4,5.04,164,Test,
replica3_4Z7O_1,4Z7O,4,5.04,164,Test,
replica5_4Z7O_1,4Z7O,4,5.04,164,Test,
replica1_4Z7O_15,4Z7O,4,5.04,164,Test,
replica2_4Z7O_15,4Z7O,4,5.04,164,Test,
replica3_4Z7O_15,4Z7O,4,5.04,164,Test,
replica5_4Z7O_15,4Z7O,4,5.04,164,Test,
replica1_4Z7O_29,4Z7O,4,5.04,164,Test,
replica3_4Z7O_29,4Z7O,4,5.04,164,Test,
replica5_4Z7O_29,4Z7O,4,5.04,164,Test,
replica1_4Z7O_43,4Z7O,4,5.04,164,Test,
replica3_4Z7O_43,4Z7O,4,5.04,164,Test,
replica5_4Z7O_43,4Z7O,4,5.04,164,Test,
replica1_4Z7O_58,4Z7O,4,5.04,164,Test,
replica3_4Z7O_58,4Z7O,4,5.04,164,Test,
replica5_4Z7O_58,4Z7O,4,5.04,164,Test,
replica1_4Z7O_72,4Z7O,4,5.04,164,Test,
replica3_4Z7O_72,4Z7O,4,5.04,164,Test,
replica5_4Z7O_72,4Z7O,4,5.04,164,Test,
replica1_4Z7O_86,4Z7O,4,5.04,164,Test,
replica3_4Z7O_86,4Z7O,4,5.04,164,Test,
replica5_4Z7O_86,4Z7O,4,5.04,164,Test,
replica1_4Z7O_100,4Z7O,4,5.04,164,Test,
replica5_4Z7O_100,4Z7O,4,5.04,164,Test,
replica1_4ZHL_1,4ZHL,10,6.47,165,Train,220
replica2_4ZHL_1,4ZHL,10,6.47,165,Train,220
replica3_4ZHL_1,4ZHL,10,6.47,165,Train,220
replica4_4ZHL_1,4ZHL,10,6.47,165,Train,220
replica5_4ZHL_1,4ZHL,10,6.47,165,Train,220
replica1_4ZHL_26,4ZHL,10,6.47,165,Train,220
replica2_4ZHL_26,4ZHL,10,6.47,165,Train,220
replica3_4ZHL_26,4ZHL,10,6.47,165,Train,220
replica4_4ZHL_26,4ZHL,10,6.47,165,Train,220
replica5_4ZHL_26,4ZHL,10,6.47,165,Train,220
replica1_4ZHL_51,4ZHL,10,6.47,165,Train,220
replica2_4ZHL_51,4ZHL,10,6.47,165,Train,220
replica3_4ZHL_51,4ZHL,10,6.47,165,Train,220
replica4_4ZHL_51,4ZHL,10,6.47,165,Train,220
replica5_4ZHL_51,4ZHL,10,6.47,165,Train,220
replica1_4ZHL_75,4ZHL,10,6.47,165,Train,220
replica2_4ZHL_75,4ZHL,10,6.47,165,Train,220
replica3_4ZHL_75,4ZHL,10,6.47,165,Train,220
replica4_4ZHL_75,4ZHL,10,6.47,165,Train,220
replica5_4ZHL_75,4ZHL,10,6.47,165,Train,220
replica1_4ZHL_100,4ZHL,10,6.47,165,Train,220
replica2_4ZHL_100,4ZHL,10,6.47,165,Train,220
replica3_4ZHL_100,4ZHL,10,6.47,165,Train,220
replica4_4ZHL_100,4ZHL,10,6.47,165,Train,220
replica5_4ZHL_100,4ZHL,10,6.47,165,Train,220
replica1_4ZNX_1,4ZNX,12,6.62,5,Test,
replica2_4ZNX_1,4ZNX,12,6.62,5,Test,
replica3_4ZNX_1,4ZNX,12,6.62,5,Test,
replica4_4ZNX_1,4ZNX,12,6.62,5,Test,
replica5_4ZNX_1,4ZNX,12,6.62,5,Test,
replica1_4ZNX_8,4ZNX,12,6.62,5,Test,
replica2_4ZNX_8,4ZNX,12,6.62,5,Test,
replica3_4ZNX_8,4ZNX,12,6.62,5,Test,
replica4_4ZNX_8,4ZNX,12,6.62,5,Test,
replica5_4ZNX_8,4ZNX,12,6.62,5,Test,
replica1_4ZNX_14,4ZNX,12,6.62,5,Test,
replica2_4ZNX_14,4ZNX,12,6.62,5,Test,
replica3_4ZNX_14,4ZNX,12,6.62,5,Test,
replica4_4ZNX_14,4ZNX,12,6.62,5,Test,
replica5_4ZNX_14,4ZNX,12,6.62,5,Test,
replica1_4ZNX_21,4ZNX,12,6.62,5,Test,
replica2_4ZNX_21,4ZNX,12,6.62,5,Test,
replica3_4ZNX_21,4ZNX,12,6.62,5,Test,
replica4_4ZNX_21,4ZNX,12,6.62,5,Test,
replica5_4ZNX_21,4ZNX,12,6.62,5,Test,
replica1_4ZNX_27,4ZNX,12,6.62,5,Test,
replica2_4ZNX_27,4ZNX,12,6.62,5,Test,
replica3_4ZNX_27,4ZNX,12,6.62,5,Test,
replica4_4ZNX_27,4ZNX,12,6.62,5,Test,
replica5_4ZNX_27,4ZNX,12,6.62,5,Test,
replica1_4ZNX_34,4ZNX,12,6.62,5,Test,
replica2_4ZNX_34,4ZNX,12,6.62,5,Test,
replica3_4ZNX_34,4ZNX,12,6.62,5,Test,
replica4_4ZNX_34,4ZNX,12,6.62,5,Test,
replica5_4ZNX_34,4ZNX,12,6.62,5,Test,
replica1_4ZNX_41,4ZNX,12,6.62,5,Test,
replica2_4ZNX_41,4ZNX,12,6.62,5,Test,
replica3_4ZNX_41,4ZNX,12,6.62,5,Test,
replica4_4ZNX_41,4ZNX,12,6.62,5,Test,
replica5_4ZNX_41,4ZNX,12,6.62,5,Test,
replica1_4ZNX_47,4ZNX,12,6.62,5,Test,
replica2_4ZNX_47,4ZNX,12,6.62,5,Test,
replica3_4ZNX_47,4ZNX,12,6.62,5,Test,
replica4_4ZNX_47,4ZNX,12,6.62,5,Test,
replica5_4ZNX_47,4ZNX,12,6.62,5,Test,
replica1_4ZNX_54,4ZNX,12,6.62,5,Test,
replica2_4ZNX_54,4ZNX,12,6.62,5,Test,
replica3_4ZNX_54,4ZNX,12,6.62,5,Test,
replica4_4ZNX_54,4ZNX,12,6.62,5,Test,
replica5_4ZNX_54,4ZNX,12,6.62,5,Test,
replica1_4ZNX_60,4ZNX,12,6.62,5,Test,
replica2_4ZNX_60,4ZNX,12,6.62,5,Test,
replica3_4ZNX_60,4ZNX,12,6.62,5,Test,
replica4_4ZNX_60,4ZNX,12,6.62,5,Test,
replica5_4ZNX_60,4ZNX,12,6.62,5,Test,
replica1_4ZNX_67,4ZNX,12,6.62,5,Test,
replica2_4ZNX_67,4ZNX,12,6.62,5,Test,
replica3_4ZNX_67,4ZNX,12,6.62,5,Test,
replica4_4ZNX_67,4ZNX,12,6.62,5,Test,
replica5_4ZNX_67,4ZNX,12,6.62,5,Test,
replica1_4ZNX_74,4ZNX,12,6.62,5,Test,
replica2_4ZNX_74,4ZNX,12,6.62,5,Test,
replica3_4ZNX_74,4ZNX,12,6.62,5,Test,
replica4_4ZNX_74,4ZNX,12,6.62,5,Test,
replica5_4ZNX_74,4ZNX,12,6.62,5,Test,
replica1_4ZNX_80,4ZNX,12,6.62,5,Test,
replica2_4ZNX_80,4ZNX,12,6.62,5,Test,
replica3_4ZNX_80,4ZNX,12,6.62,5,Test,
replica4_4ZNX_80,4ZNX,12,6.62,5,Test,
replica5_4ZNX_80,4ZNX,12,6.62,5,Test,
replica1_4ZNX_87,4ZNX,12,6.62,5,Test,
replica2_4ZNX_87,4ZNX,12,6.62,5,Test,
replica3_4ZNX_87,4ZNX,12,6.62,5,Test,
replica4_4ZNX_87,4ZNX,12,6.62,5,Test,
replica5_4ZNX_87,4ZNX,12,6.62,5,Test,
replica1_4ZNX_93,4ZNX,12,6.62,5,Test,
replica2_4ZNX_93,4ZNX,12,6.62,5,Test,
replica3_4ZNX_93,4ZNX,12,6.62,5,Test,
replica4_4ZNX_93,4ZNX,12,6.62,5,Test,
replica5_4ZNX_93,4ZNX,12,6.62,5,Test,
replica1_4ZNX_100,4ZNX,12,6.62,5,Test,
replica2_4ZNX_100,4ZNX,12,6.62,5,Test,
replica3_4ZNX_100,4ZNX,12,6.62,5,Test,
replica4_4ZNX_100,4ZNX,12,6.62,5,Test,
replica5_4ZNX_100,4ZNX,12,6.62,5,Test,
replica1_5A2J_1,5A2J,6,5.85,166,Train,221
replica2_5A2J_1,5A2J,6,5.85,166,Train,221
replica3_5A2J_1,5A2J,6,5.85,166,Train,221
replica4_5A2J_1,5A2J,6,5.85,166,Train,221
replica5_5A2J_1,5A2J,6,5.85,166,Train,221
replica1_5A2J_8,5A2J,6,5.85,166,Train,221
replica2_5A2J_8,5A2J,6,5.85,166,Train,221
replica3_5A2J_8,5A2J,6,5.85,166,Train,221
replica4_5A2J_8,5A2J,6,5.85,166,Train,221
replica5_5A2J_8,5A2J,6,5.85,166,Train,221
replica1_5A2J_14,5A2J,6,5.85,166,Train,221
replica2_5A2J_14,5A2J,6,5.85,166,Train,221
replica3_5A2J_14,5A2J,6,5.85,166,Train,221
replica4_5A2J_14,5A2J,6,5.85,166,Train,221
replica5_5A2J_14,5A2J,6,5.85,166,Train,221
replica1_5A2J_21,5A2J,6,5.85,166,Train,221
replica2_5A2J_21,5A2J,6,5.85,166,Train,221
replica3_5A2J_21,5A2J,6,5.85,166,Train,221
replica4_5A2J_21,5A2J,6,5.85,166,Train,221
replica5_5A2J_21,5A2J,6,5.85,166,Train,221
replica1_5A2J_27,5A2J,6,5.85,166,Train,221
replica2_5A2J_27,5A2J,6,5.85,166,Train,221
replica3_5A2J_27,5A2J,6,5.85,166,Train,221
replica4_5A2J_27,5A2J,6,5.85,166,Train,221
replica5_5A2J_27,5A2J,6,5.85,166,Train,221
replica1_5A2J_34,5A2J,6,5.85,166,Train,221
replica2_5A2J_34,5A2J,6,5.85,166,Train,221
replica3_5A2J_34,5A2J,6,5.85,166,Train,221
replica4_5A2J_34,5A2J,6,5.85,166,Train,221
replica5_5A2J_34,5A2J,6,5.85,166,Train,221
replica1_5A2J_41,5A2J,6,5.85,166,Train,221
replica2_5A2J_41,5A2J,6,5.85,166,Train,221
replica3_5A2J_41,5A2J,6,5.85,166,Train,221
replica4_5A2J_41,5A2J,6,5.85,166,Train,221
replica5_5A2J_41,5A2J,6,5.85,166,Train,221
replica1_5A2J_47,5A2J,6,5.85,166,Train,221
replica2_5A2J_47,5A2J,6,5.85,166,Train,221
replica3_5A2J_47,5A2J,6,5.85,166,Train,221
replica4_5A2J_47,5A2J,6,5.85,166,Train,221
replica5_5A2J_47,5A2J,6,5.85,166,Train,221
replica1_5A2J_54,5A2J,6,5.85,166,Train,221
replica2_5A2J_54,5A2J,6,5.85,166,Train,221
replica3_5A2J_54,5A2J,6,5.85,166,Train,221
replica4_5A2J_54,5A2J,6,5.85,166,Train,221
replica5_5A2J_54,5A2J,6,5.85,166,Train,221
replica1_5A2J_60,5A2J,6,5.85,166,Train,221
replica2_5A2J_60,5A2J,6,5.85,166,Train,221
replica3_5A2J_60,5A2J,6,5.85,166,Train,221
replica4_5A2J_60,5A2J,6,5.85,166,Train,221
replica5_5A2J_60,5A2J,6,5.85,166,Train,221
replica1_5A2J_67,5A2J,6,5.85,166,Train,221
replica2_5A2J_67,5A2J,6,5.85,166,Train,221
replica3_5A2J_67,5A2J,6,5.85,166,Train,221
replica5_5A2J_67,5A2J,6,5.85,166,Train,221
replica1_5A2J_74,5A2J,6,5.85,166,Train,221
replica2_5A2J_74,5A2J,6,5.85,166,Train,221
replica3_5A2J_74,5A2J,6,5.85,166,Train,221
replica5_5A2J_74,5A2J,6,5.85,166,Train,221
replica1_5A2J_80,5A2J,6,5.85,166,Train,221
replica2_5A2J_80,5A2J,6,5.85,166,Train,221
replica3_5A2J_80,5A2J,6,5.85,166,Train,221
replica5_5A2J_80,5A2J,6,5.85,166,Train,221
replica1_5A2J_87,5A2J,6,5.85,166,Train,221
replica2_5A2J_87,5A2J,6,5.85,166,Train,221
replica3_5A2J_87,5A2J,6,5.85,166,Train,221
replica5_5A2J_87,5A2J,6,5.85,166,Train,221
replica1_5A2J_93,5A2J,6,5.85,166,Train,221
replica2_5A2J_93,5A2J,6,5.85,166,Train,221
replica3_5A2J_93,5A2J,6,5.85,166,Train,221
replica5_5A2J_93,5A2J,6,5.85,166,Train,221
replica1_5A2J_100,5A2J,6,5.85,166,Train,221
replica2_5A2J_100,5A2J,6,5.85,166,Train,221
replica3_5A2J_100,5A2J,6,5.85,166,Train,221
replica5_5A2J_100,5A2J,6,5.85,166,Train,221
replica1_5AEI_1,5AEI,10,8.96,167,Test,
replica2_5AEI_1,5AEI,10,8.96,167,Test,
replica3_5AEI_1,5AEI,10,8.96,167,Test,
replica4_5AEI_1,5AEI,10,8.96,167,Test,
replica5_5AEI_1,5AEI,10,8.96,167,Test,
replica1_5AEI_8,5AEI,10,8.96,167,Test,
replica2_5AEI_8,5AEI,10,8.96,167,Test,
replica3_5AEI_8,5AEI,10,8.96,167,Test,
replica4_5AEI_8,5AEI,10,8.96,167,Test,
replica5_5AEI_8,5AEI,10,8.96,167,Test,
replica1_5AEI_14,5AEI,10,8.96,167,Test,
replica2_5AEI_14,5AEI,10,8.96,167,Test,
replica3_5AEI_14,5AEI,10,8.96,167,Test,
replica4_5AEI_14,5AEI,10,8.96,167,Test,
replica5_5AEI_14,5AEI,10,8.96,167,Test,
replica1_5AEI_21,5AEI,10,8.96,167,Test,
replica2_5AEI_21,5AEI,10,8.96,167,Test,
replica3_5AEI_21,5AEI,10,8.96,167,Test,
replica4_5AEI_21,5AEI,10,8.96,167,Test,
replica5_5AEI_21,5AEI,10,8.96,167,Test,
replica1_5AEI_27,5AEI,10,8.96,167,Test,
replica2_5AEI_27,5AEI,10,8.96,167,Test,
replica3_5AEI_27,5AEI,10,8.96,167,Test,
replica4_5AEI_27,5AEI,10,8.96,167,Test,
replica5_5AEI_27,5AEI,10,8.96,167,Test,
replica1_5AEI_34,5AEI,10,8.96,167,Test,
replica2_5AEI_34,5AEI,10,8.96,167,Test,
replica3_5AEI_34,5AEI,10,8.96,167,Test,
replica4_5AEI_34,5AEI,10,8.96,167,Test,
replica5_5AEI_34,5AEI,10,8.96,167,Test,
replica1_5AEI_41,5AEI,10,8.96,167,Test,
replica2_5AEI_41,5AEI,10,8.96,167,Test,
replica3_5AEI_41,5AEI,10,8.96,167,Test,
replica4_5AEI_41,5AEI,10,8.96,167,Test,
replica5_5AEI_41,5AEI,10,8.96,167,Test,
replica1_5AEI_47,5AEI,10,8.96,167,Test,
replica2_5AEI_47,5AEI,10,8.96,167,Test,
replica3_5AEI_47,5AEI,10,8.96,167,Test,
replica4_5AEI_47,5AEI,10,8.96,167,Test,
replica5_5AEI_47,5AEI,10,8.96,167,Test,
replica1_5AEI_54,5AEI,10,8.96,167,Test,
replica2_5AEI_54,5AEI,10,8.96,167,Test,
replica3_5AEI_54,5AEI,10,8.96,167,Test,
replica4_5AEI_54,5AEI,10,8.96,167,Test,
replica5_5AEI_54,5AEI,10,8.96,167,Test,
replica1_5AEI_60,5AEI,10,8.96,167,Test,
replica2_5AEI_60,5AEI,10,8.96,167,Test,
replica3_5AEI_60,5AEI,10,8.96,167,Test,
replica4_5AEI_60,5AEI,10,8.96,167,Test,
replica5_5AEI_60,5AEI,10,8.96,167,Test,
replica1_5AEI_67,5AEI,10,8.96,167,Test,
replica2_5AEI_67,5AEI,10,8.96,167,Test,
replica3_5AEI_67,5AEI,10,8.96,167,Test,
replica4_5AEI_67,5AEI,10,8.96,167,Test,
replica5_5AEI_67,5AEI,10,8.96,167,Test,
replica1_5AEI_74,5AEI,10,8.96,167,Test,
replica2_5AEI_74,5AEI,10,8.96,167,Test,
replica3_5AEI_74,5AEI,10,8.96,167,Test,
replica4_5AEI_74,5AEI,10,8.96,167,Test,
replica5_5AEI_74,5AEI,10,8.96,167,Test,
replica1_5AEI_80,5AEI,10,8.96,167,Test,
replica2_5AEI_80,5AEI,10,8.96,167,Test,
replica3_5AEI_80,5AEI,10,8.96,167,Test,
replica4_5AEI_80,5AEI,10,8.96,167,Test,
replica5_5AEI_80,5AEI,10,8.96,167,Test,
replica1_5AEI_87,5AEI,10,8.96,167,Test,
replica2_5AEI_87,5AEI,10,8.96,167,Test,
replica3_5AEI_87,5AEI,10,8.96,167,Test,
replica4_5AEI_87,5AEI,10,8.96,167,Test,
replica5_5AEI_87,5AEI,10,8.96,167,Test,
replica1_5AEI_93,5AEI,10,8.96,167,Test,
replica2_5AEI_93,5AEI,10,8.96,167,Test,
replica3_5AEI_93,5AEI,10,8.96,167,Test,
replica4_5AEI_93,5AEI,10,8.96,167,Test,
replica5_5AEI_93,5AEI,10,8.96,167,Test,
replica1_5AEI_100,5AEI,10,8.96,167,Test,
replica2_5AEI_100,5AEI,10,8.96,167,Test,
replica3_5AEI_100,5AEI,10,8.96,167,Test,
replica4_5AEI_100,5AEI,10,8.96,167,Test,
replica5_5AEI_100,5AEI,10,8.96,167,Test,
replica1_5AER_1,5AER,14,4.4,168,Train,222
replica2_5AER_1,5AER,14,4.4,168,Train,222
replica3_5AER_1,5AER,14,4.4,168,Train,222
replica4_5AER_1,5AER,14,4.4,168,Train,222
replica5_5AER_1,5AER,14,4.4,168,Train,222
replica1_5AER_8,5AER,14,4.4,168,Train,222
replica2_5AER_8,5AER,14,4.4,168,Train,222
replica3_5AER_8,5AER,14,4.4,168,Train,222
replica4_5AER_8,5AER,14,4.4,168,Train,222
replica5_5AER_8,5AER,14,4.4,168,Train,222
replica1_5AER_14,5AER,14,4.4,168,Train,222
replica2_5AER_14,5AER,14,4.4,168,Train,222
replica3_5AER_14,5AER,14,4.4,168,Train,222
replica4_5AER_14,5AER,14,4.4,168,Train,222
replica5_5AER_14,5AER,14,4.4,168,Train,222
replica1_5AER_21,5AER,14,4.4,168,Train,222
replica2_5AER_21,5AER,14,4.4,168,Train,222
replica3_5AER_21,5AER,14,4.4,168,Train,222
replica4_5AER_21,5AER,14,4.4,168,Train,222
replica5_5AER_21,5AER,14,4.4,168,Train,222
replica1_5AER_27,5AER,14,4.4,168,Train,222
replica2_5AER_27,5AER,14,4.4,168,Train,222
replica3_5AER_27,5AER,14,4.4,168,Train,222
replica4_5AER_27,5AER,14,4.4,168,Train,222
replica5_5AER_27,5AER,14,4.4,168,Train,222
replica1_5AER_34,5AER,14,4.4,168,Train,222
replica2_5AER_34,5AER,14,4.4,168,Train,222
replica3_5AER_34,5AER,14,4.4,168,Train,222
replica4_5AER_34,5AER,14,4.4,168,Train,222
replica5_5AER_34,5AER,14,4.4,168,Train,222
replica1_5AER_41,5AER,14,4.4,168,Train,222
replica2_5AER_41,5AER,14,4.4,168,Train,222
replica3_5AER_41,5AER,14,4.4,168,Train,222
replica4_5AER_41,5AER,14,4.4,168,Train,222
replica5_5AER_41,5AER,14,4.4,168,Train,222
replica1_5AER_47,5AER,14,4.4,168,Train,222
replica2_5AER_47,5AER,14,4.4,168,Train,222
replica3_5AER_47,5AER,14,4.4,168,Train,222
replica4_5AER_47,5AER,14,4.4,168,Train,222
replica5_5AER_47,5AER,14,4.4,168,Train,222
replica1_5AER_54,5AER,14,4.4,168,Train,222
replica2_5AER_54,5AER,14,4.4,168,Train,222
replica3_5AER_54,5AER,14,4.4,168,Train,222
replica4_5AER_54,5AER,14,4.4,168,Train,222
replica5_5AER_54,5AER,14,4.4,168,Train,222
replica1_5AER_60,5AER,14,4.4,168,Train,222
replica2_5AER_60,5AER,14,4.4,168,Train,222
replica3_5AER_60,5AER,14,4.4,168,Train,222
replica4_5AER_60,5AER,14,4.4,168,Train,222
replica5_5AER_60,5AER,14,4.4,168,Train,222
replica1_5AER_67,5AER,14,4.4,168,Train,222
replica2_5AER_67,5AER,14,4.4,168,Train,222
replica3_5AER_67,5AER,14,4.4,168,Train,222
replica4_5AER_67,5AER,14,4.4,168,Train,222
replica5_5AER_67,5AER,14,4.4,168,Train,222
replica1_5AER_74,5AER,14,4.4,168,Train,222
replica2_5AER_74,5AER,14,4.4,168,Train,222
replica3_5AER_74,5AER,14,4.4,168,Train,222
replica4_5AER_74,5AER,14,4.4,168,Train,222
replica5_5AER_74,5AER,14,4.4,168,Train,222
replica1_5AER_80,5AER,14,4.4,168,Train,222
replica2_5AER_80,5AER,14,4.4,168,Train,222
replica3_5AER_80,5AER,14,4.4,168,Train,222
replica4_5AER_80,5AER,14,4.4,168,Train,222
replica5_5AER_80,5AER,14,4.4,168,Train,222
replica1_5AER_87,5AER,14,4.4,168,Train,222
replica2_5AER_87,5AER,14,4.4,168,Train,222
replica3_5AER_87,5AER,14,4.4,168,Train,222
replica4_5AER_87,5AER,14,4.4,168,Train,222
replica5_5AER_87,5AER,14,4.4,168,Train,222
replica1_5AER_93,5AER,14,4.4,168,Train,222
replica2_5AER_93,5AER,14,4.4,168,Train,222
replica3_5AER_93,5AER,14,4.4,168,Train,222
replica4_5AER_93,5AER,14,4.4,168,Train,222
replica5_5AER_93,5AER,14,4.4,168,Train,222
replica1_5AER_100,5AER,14,4.4,168,Train,222
replica2_5AER_100,5AER,14,4.4,168,Train,222
replica3_5AER_100,5AER,14,4.4,168,Train,222
replica4_5AER_100,5AER,14,4.4,168,Train,222
replica5_5AER_100,5AER,14,4.4,168,Train,222
replica1_5AWT_1,5AWT,11,4.52,169,Train,223
replica2_5AWT_1,5AWT,11,4.52,169,Train,223
replica3_5AWT_1,5AWT,11,4.52,169,Train,223
replica4_5AWT_1,5AWT,11,4.52,169,Train,223
replica5_5AWT_1,5AWT,11,4.52,169,Train,223
replica1_5AWT_15,5AWT,11,4.52,169,Train,223
replica2_5AWT_15,5AWT,11,4.52,169,Train,223
replica3_5AWT_15,5AWT,11,4.52,169,Train,223
replica4_5AWT_15,5AWT,11,4.52,169,Train,223
replica5_5AWT_15,5AWT,11,4.52,169,Train,223
replica1_5AWT_29,5AWT,11,4.52,169,Train,223
replica2_5AWT_29,5AWT,11,4.52,169,Train,223
replica3_5AWT_29,5AWT,11,4.52,169,Train,223
replica4_5AWT_29,5AWT,11,4.52,169,Train,223
replica5_5AWT_29,5AWT,11,4.52,169,Train,223
replica1_5AWT_43,5AWT,11,4.52,169,Train,223
replica2_5AWT_43,5AWT,11,4.52,169,Train,223
replica3_5AWT_43,5AWT,11,4.52,169,Train,223
replica4_5AWT_43,5AWT,11,4.52,169,Train,223
replica5_5AWT_43,5AWT,11,4.52,169,Train,223
replica1_5AWT_58,5AWT,11,4.52,169,Train,223
replica2_5AWT_58,5AWT,11,4.52,169,Train,223
replica3_5AWT_58,5AWT,11,4.52,169,Train,223
replica4_5AWT_58,5AWT,11,4.52,169,Train,223
replica5_5AWT_58,5AWT,11,4.52,169,Train,223
replica1_5AWT_72,5AWT,11,4.52,169,Train,223
replica2_5AWT_72,5AWT,11,4.52,169,Train,223
replica3_5AWT_72,5AWT,11,4.52,169,Train,223
replica4_5AWT_72,5AWT,11,4.52,169,Train,223
replica5_5AWT_72,5AWT,11,4.52,169,Train,223
replica1_5AWT_86,5AWT,11,4.52,169,Train,223
replica2_5AWT_86,5AWT,11,4.52,169,Train,223
replica3_5AWT_86,5AWT,11,4.52,169,Train,223
replica4_5AWT_86,5AWT,11,4.52,169,Train,223
replica5_5AWT_86,5AWT,11,4.52,169,Train,223
replica1_5AWT_100,5AWT,11,4.52,169,Train,223
replica2_5AWT_100,5AWT,11,4.52,169,Train,223
replica3_5AWT_100,5AWT,11,4.52,169,Train,223
replica4_5AWT_100,5AWT,11,4.52,169,Train,223
replica5_5AWT_100,5AWT,11,4.52,169,Train,223
replica1_5AWU_1,5AWU,11,4.65,169,Train,223
replica2_5AWU_1,5AWU,11,4.65,169,Train,223
replica3_5AWU_1,5AWU,11,4.65,169,Train,223
replica4_5AWU_1,5AWU,11,4.65,169,Train,223
replica5_5AWU_1,5AWU,11,4.65,169,Train,223
replica1_5AWU_15,5AWU,11,4.65,169,Train,223
replica2_5AWU_15,5AWU,11,4.65,169,Train,223
replica3_5AWU_15,5AWU,11,4.65,169,Train,223
replica4_5AWU_15,5AWU,11,4.65,169,Train,223
replica5_5AWU_15,5AWU,11,4.65,169,Train,223
replica1_5AWU_29,5AWU,11,4.65,169,Train,223
replica2_5AWU_29,5AWU,11,4.65,169,Train,223
replica3_5AWU_29,5AWU,11,4.65,169,Train,223
replica4_5AWU_29,5AWU,11,4.65,169,Train,223
replica5_5AWU_29,5AWU,11,4.65,169,Train,223
replica1_5AWU_43,5AWU,11,4.65,169,Train,223
replica2_5AWU_43,5AWU,11,4.65,169,Train,223
replica3_5AWU_43,5AWU,11,4.65,169,Train,223
replica4_5AWU_43,5AWU,11,4.65,169,Train,223
replica5_5AWU_43,5AWU,11,4.65,169,Train,223
replica1_5AWU_58,5AWU,11,4.65,169,Train,223
replica2_5AWU_58,5AWU,11,4.65,169,Train,223
replica3_5AWU_58,5AWU,11,4.65,169,Train,223
replica4_5AWU_58,5AWU,11,4.65,169,Train,223
replica5_5AWU_58,5AWU,11,4.65,169,Train,223
replica1_5AWU_72,5AWU,11,4.65,169,Train,223
replica2_5AWU_72,5AWU,11,4.65,169,Train,223
replica3_5AWU_72,5AWU,11,4.65,169,Train,223
replica4_5AWU_72,5AWU,11,4.65,169,Train,223
replica5_5AWU_72,5AWU,11,4.65,169,Train,223
replica1_5AWU_86,5AWU,11,4.65,169,Train,223
replica2_5AWU_86,5AWU,11,4.65,169,Train,223
replica3_5AWU_86,5AWU,11,4.65,169,Train,223
replica4_5AWU_86,5AWU,11,4.65,169,Train,223
replica5_5AWU_86,5AWU,11,4.65,169,Train,223
replica1_5AWU_100,5AWU,11,4.65,169,Train,223
replica2_5AWU_100,5AWU,11,4.65,169,Train,223
replica3_5AWU_100,5AWU,11,4.65,169,Train,223
replica4_5AWU_100,5AWU,11,4.65,169,Train,223
replica5_5AWU_100,5AWU,11,4.65,169,Train,223
replica1_5AZF_1,5AZF,4,4.44,170,Test,
replica2_5AZF_1,5AZF,4,4.44,170,Test,
replica3_5AZF_1,5AZF,4,4.44,170,Test,
replica4_5AZF_1,5AZF,4,4.44,170,Test,
replica5_5AZF_1,5AZF,4,4.44,170,Test,
replica1_5AZF_8,5AZF,4,4.44,170,Test,
replica2_5AZF_8,5AZF,4,4.44,170,Test,
replica3_5AZF_8,5AZF,4,4.44,170,Test,
replica4_5AZF_8,5AZF,4,4.44,170,Test,
replica5_5AZF_8,5AZF,4,4.44,170,Test,
replica1_5AZF_14,5AZF,4,4.44,170,Test,
replica2_5AZF_14,5AZF,4,4.44,170,Test,
replica3_5AZF_14,5AZF,4,4.44,170,Test,
replica4_5AZF_14,5AZF,4,4.44,170,Test,
replica5_5AZF_14,5AZF,4,4.44,170,Test,
replica1_5AZF_21,5AZF,4,4.44,170,Test,
replica2_5AZF_21,5AZF,4,4.44,170,Test,
replica3_5AZF_21,5AZF,4,4.44,170,Test,
replica4_5AZF_21,5AZF,4,4.44,170,Test,
replica5_5AZF_21,5AZF,4,4.44,170,Test,
replica1_5AZF_27,5AZF,4,4.44,170,Test,
replica2_5AZF_27,5AZF,4,4.44,170,Test,
replica3_5AZF_27,5AZF,4,4.44,170,Test,
replica4_5AZF_27,5AZF,4,4.44,170,Test,
replica5_5AZF_27,5AZF,4,4.44,170,Test,
replica1_5AZF_34,5AZF,4,4.44,170,Test,
replica2_5AZF_34,5AZF,4,4.44,170,Test,
replica3_5AZF_34,5AZF,4,4.44,170,Test,
replica4_5AZF_34,5AZF,4,4.44,170,Test,
replica5_5AZF_34,5AZF,4,4.44,170,Test,
replica1_5AZF_41,5AZF,4,4.44,170,Test,
replica2_5AZF_41,5AZF,4,4.44,170,Test,
replica3_5AZF_41,5AZF,4,4.44,170,Test,
replica4_5AZF_41,5AZF,4,4.44,170,Test,
replica5_5AZF_41,5AZF,4,4.44,170,Test,
replica1_5AZF_47,5AZF,4,4.44,170,Test,
replica2_5AZF_47,5AZF,4,4.44,170,Test,
replica3_5AZF_47,5AZF,4,4.44,170,Test,
replica4_5AZF_47,5AZF,4,4.44,170,Test,
replica5_5AZF_47,5AZF,4,4.44,170,Test,
replica1_5AZF_54,5AZF,4,4.44,170,Test,
replica2_5AZF_54,5AZF,4,4.44,170,Test,
replica3_5AZF_54,5AZF,4,4.44,170,Test,
replica4_5AZF_54,5AZF,4,4.44,170,Test,
replica5_5AZF_54,5AZF,4,4.44,170,Test,
replica1_5AZF_60,5AZF,4,4.44,170,Test,
replica2_5AZF_60,5AZF,4,4.44,170,Test,
replica3_5AZF_60,5AZF,4,4.44,170,Test,
replica4_5AZF_60,5AZF,4,4.44,170,Test,
replica5_5AZF_60,5AZF,4,4.44,170,Test,
replica1_5AZF_67,5AZF,4,4.44,170,Test,
replica2_5AZF_67,5AZF,4,4.44,170,Test,
replica3_5AZF_67,5AZF,4,4.44,170,Test,
replica4_5AZF_67,5AZF,4,4.44,170,Test,
replica5_5AZF_67,5AZF,4,4.44,170,Test,
replica1_5AZF_74,5AZF,4,4.44,170,Test,
replica2_5AZF_74,5AZF,4,4.44,170,Test,
replica3_5AZF_74,5AZF,4,4.44,170,Test,
replica4_5AZF_74,5AZF,4,4.44,170,Test,
replica5_5AZF_74,5AZF,4,4.44,170,Test,
replica1_5AZF_80,5AZF,4,4.44,170,Test,
replica2_5AZF_80,5AZF,4,4.44,170,Test,
replica3_5AZF_80,5AZF,4,4.44,170,Test,
replica4_5AZF_80,5AZF,4,4.44,170,Test,
replica5_5AZF_80,5AZF,4,4.44,170,Test,
replica1_5AZF_87,5AZF,4,4.44,170,Test,
replica2_5AZF_87,5AZF,4,4.44,170,Test,
replica3_5AZF_87,5AZF,4,4.44,170,Test,
replica4_5AZF_87,5AZF,4,4.44,170,Test,
replica5_5AZF_87,5AZF,4,4.44,170,Test,
replica1_5AZF_93,5AZF,4,4.44,170,Test,
replica2_5AZF_93,5AZF,4,4.44,170,Test,
replica3_5AZF_93,5AZF,4,4.44,170,Test,
replica4_5AZF_93,5AZF,4,4.44,170,Test,
replica5_5AZF_93,5AZF,4,4.44,170,Test,
replica1_5AZF_100,5AZF,4,4.44,170,Test,
replica2_5AZF_100,5AZF,4,4.44,170,Test,
replica3_5AZF_100,5AZF,4,4.44,170,Test,
replica4_5AZF_100,5AZF,4,4.44,170,Test,
replica5_5AZF_100,5AZF,4,4.44,170,Test,
replica1_5B56_1,5B56,12,4.54,171,Train,224
replica2_5B56_1,5B56,12,4.54,171,Train,224
replica3_5B56_1,5B56,12,4.54,171,Train,224
replica4_5B56_1,5B56,12,4.54,171,Train,224
replica5_5B56_1,5B56,12,4.54,171,Train,224
replica1_5B56_26,5B56,12,4.54,171,Train,224
replica2_5B56_26,5B56,12,4.54,171,Train,224
replica3_5B56_26,5B56,12,4.54,171,Train,224
replica4_5B56_26,5B56,12,4.54,171,Train,224
replica5_5B56_26,5B56,12,4.54,171,Train,224
replica1_5B56_51,5B56,12,4.54,171,Train,224
replica2_5B56_51,5B56,12,4.54,171,Train,224
replica3_5B56_51,5B56,12,4.54,171,Train,224
replica4_5B56_51,5B56,12,4.54,171,Train,224
replica5_5B56_51,5B56,12,4.54,171,Train,224
replica1_5B56_75,5B56,12,4.54,171,Train,224
replica2_5B56_75,5B56,12,4.54,171,Train,224
replica3_5B56_75,5B56,12,4.54,171,Train,224
replica4_5B56_75,5B56,12,4.54,171,Train,224
replica5_5B56_75,5B56,12,4.54,171,Train,224
replica1_5B56_100,5B56,12,4.54,171,Train,224
replica2_5B56_100,5B56,12,4.54,171,Train,224
replica3_5B56_100,5B56,12,4.54,171,Train,224
replica4_5B56_100,5B56,12,4.54,171,Train,224
replica5_5B56_100,5B56,12,4.54,171,Train,224
replica1_5B6C_1,5B6C,11,3.66,172,Train,225
replica2_5B6C_1,5B6C,11,3.66,172,Train,225
replica3_5B6C_1,5B6C,11,3.66,172,Train,225
replica4_5B6C_1,5B6C,11,3.66,172,Train,225
replica5_5B6C_1,5B6C,11,3.66,172,Train,225
replica1_5B6C_15,5B6C,11,3.66,172,Train,225
replica2_5B6C_15,5B6C,11,3.66,172,Train,225
replica3_5B6C_15,5B6C,11,3.66,172,Train,225
replica4_5B6C_15,5B6C,11,3.66,172,Train,225
replica5_5B6C_15,5B6C,11,3.66,172,Train,225
replica1_5B6C_29,5B6C,11,3.66,172,Train,225
replica2_5B6C_29,5B6C,11,3.66,172,Train,225
replica3_5B6C_29,5B6C,11,3.66,172,Train,225
replica4_5B6C_29,5B6C,11,3.66,172,Train,225
replica5_5B6C_29,5B6C,11,3.66,172,Train,225
replica1_5B6C_43,5B6C,11,3.66,172,Train,225
replica2_5B6C_43,5B6C,11,3.66,172,Train,225
replica3_5B6C_43,5B6C,11,3.66,172,Train,225
replica4_5B6C_43,5B6C,11,3.66,172,Train,225
replica5_5B6C_43,5B6C,11,3.66,172,Train,225
replica1_5B6C_58,5B6C,11,3.66,172,Train,225
replica2_5B6C_58,5B6C,11,3.66,172,Train,225
replica3_5B6C_58,5B6C,11,3.66,172,Train,225
replica4_5B6C_58,5B6C,11,3.66,172,Train,225
replica5_5B6C_58,5B6C,11,3.66,172,Train,225
replica1_5B6C_72,5B6C,11,3.66,172,Train,225
replica2_5B6C_72,5B6C,11,3.66,172,Train,225
replica3_5B6C_72,5B6C,11,3.66,172,Train,225
replica4_5B6C_72,5B6C,11,3.66,172,Train,225
replica5_5B6C_72,5B6C,11,3.66,172,Train,225
replica1_5B6C_86,5B6C,11,3.66,172,Train,225
replica2_5B6C_86,5B6C,11,3.66,172,Train,225
replica3_5B6C_86,5B6C,11,3.66,172,Train,225
replica4_5B6C_86,5B6C,11,3.66,172,Train,225
replica5_5B6C_86,5B6C,11,3.66,172,Train,225
replica1_5B6C_100,5B6C,11,3.66,172,Train,225
replica2_5B6C_100,5B6C,11,3.66,172,Train,225
replica3_5B6C_100,5B6C,11,3.66,172,Train,225
replica4_5B6C_100,5B6C,11,3.66,172,Train,225
replica5_5B6C_100,5B6C,11,3.66,172,Train,225
replica1_5BRZ_1,5BRZ,9,8.15,12,Train,226
replica2_5BRZ_1,5BRZ,9,8.15,12,Train,226
replica3_5BRZ_1,5BRZ,9,8.15,12,Train,226
replica4_5BRZ_1,5BRZ,9,8.15,12,Train,226
replica5_5BRZ_1,5BRZ,9,8.15,12,Train,226
replica1_5BRZ_15,5BRZ,9,8.15,12,Train,226
replica2_5BRZ_15,5BRZ,9,8.15,12,Train,226
replica3_5BRZ_15,5BRZ,9,8.15,12,Train,226
replica4_5BRZ_15,5BRZ,9,8.15,12,Train,226
replica5_5BRZ_15,5BRZ,9,8.15,12,Train,226
replica1_5BRZ_29,5BRZ,9,8.15,12,Train,226
replica2_5BRZ_29,5BRZ,9,8.15,12,Train,226
replica3_5BRZ_29,5BRZ,9,8.15,12,Train,226
replica4_5BRZ_29,5BRZ,9,8.15,12,Train,226
replica5_5BRZ_29,5BRZ,9,8.15,12,Train,226
replica1_5BRZ_43,5BRZ,9,8.15,12,Train,226
replica2_5BRZ_43,5BRZ,9,8.15,12,Train,226
replica3_5BRZ_43,5BRZ,9,8.15,12,Train,226
replica4_5BRZ_43,5BRZ,9,8.15,12,Train,226
replica5_5BRZ_43,5BRZ,9,8.15,12,Train,226
replica1_5BRZ_58,5BRZ,9,8.15,12,Train,226
replica2_5BRZ_58,5BRZ,9,8.15,12,Train,226
replica3_5BRZ_58,5BRZ,9,8.15,12,Train,226
replica4_5BRZ_58,5BRZ,9,8.15,12,Train,226
replica5_5BRZ_58,5BRZ,9,8.15,12,Train,226
replica1_5BRZ_72,5BRZ,9,8.15,12,Train,226
replica2_5BRZ_72,5BRZ,9,8.15,12,Train,226
replica3_5BRZ_72,5BRZ,9,8.15,12,Train,226
replica4_5BRZ_72,5BRZ,9,8.15,12,Train,226
replica5_5BRZ_72,5BRZ,9,8.15,12,Train,226
replica1_5BRZ_86,5BRZ,9,8.15,12,Train,226
replica2_5BRZ_86,5BRZ,9,8.15,12,Train,226
replica3_5BRZ_86,5BRZ,9,8.15,12,Train,226
replica4_5BRZ_86,5BRZ,9,8.15,12,Train,226
replica5_5BRZ_86,5BRZ,9,8.15,12,Train,226
replica1_5BRZ_100,5BRZ,9,8.15,12,Train,226
replica2_5BRZ_100,5BRZ,9,8.15,12,Train,226
replica3_5BRZ_100,5BRZ,9,8.15,12,Train,226
replica4_5BRZ_100,5BRZ,9,8.15,12,Train,226
replica5_5BRZ_100,5BRZ,9,8.15,12,Train,226
replica1_5BS0_1,5BS0,9,7.12,12,Train,227
replica2_5BS0_1,5BS0,9,7.12,12,Train,227
replica3_5BS0_1,5BS0,9,7.12,12,Train,227
replica4_5BS0_1,5BS0,9,7.12,12,Train,227
replica5_5BS0_1,5BS0,9,7.12,12,Train,227
replica1_5BS0_15,5BS0,9,7.12,12,Train,227
replica2_5BS0_15,5BS0,9,7.12,12,Train,227
replica3_5BS0_15,5BS0,9,7.12,12,Train,227
replica4_5BS0_15,5BS0,9,7.12,12,Train,227
replica5_5BS0_15,5BS0,9,7.12,12,Train,227
replica1_5BS0_29,5BS0,9,7.12,12,Train,227
replica2_5BS0_29,5BS0,9,7.12,12,Train,227
replica3_5BS0_29,5BS0,9,7.12,12,Train,227
replica4_5BS0_29,5BS0,9,7.12,12,Train,227
replica5_5BS0_29,5BS0,9,7.12,12,Train,227
replica1_5BS0_43,5BS0,9,7.12,12,Train,227
replica2_5BS0_43,5BS0,9,7.12,12,Train,227
replica3_5BS0_43,5BS0,9,7.12,12,Train,227
replica4_5BS0_43,5BS0,9,7.12,12,Train,227
replica5_5BS0_43,5BS0,9,7.12,12,Train,227
replica1_5BS0_58,5BS0,9,7.12,12,Train,227
replica2_5BS0_58,5BS0,9,7.12,12,Train,227
replica3_5BS0_58,5BS0,9,7.12,12,Train,227
replica4_5BS0_58,5BS0,9,7.12,12,Train,227
replica5_5BS0_58,5BS0,9,7.12,12,Train,227
replica1_5BS0_72,5BS0,9,7.12,12,Train,227
replica2_5BS0_72,5BS0,9,7.12,12,Train,227
replica3_5BS0_72,5BS0,9,7.12,12,Train,227
replica4_5BS0_72,5BS0,9,7.12,12,Train,227
replica5_5BS0_72,5BS0,9,7.12,12,Train,227
replica1_5BS0_86,5BS0,9,7.12,12,Train,227
replica2_5BS0_86,5BS0,9,7.12,12,Train,227
replica3_5BS0_86,5BS0,9,7.12,12,Train,227
replica4_5BS0_86,5BS0,9,7.12,12,Train,227
replica5_5BS0_86,5BS0,9,7.12,12,Train,227
replica1_5BS0_100,5BS0,9,7.12,12,Train,227
replica2_5BS0_100,5BS0,9,7.12,12,Train,227
replica3_5BS0_100,5BS0,9,7.12,12,Train,227
replica4_5BS0_100,5BS0,9,7.12,12,Train,227
replica5_5BS0_100,5BS0,9,7.12,12,Train,227
replica1_5CSZ_1,5CSZ,11,7.77,78,Train,228
replica2_5CSZ_1,5CSZ,11,7.77,78,Train,228
replica3_5CSZ_1,5CSZ,11,7.77,78,Train,228
replica4_5CSZ_1,5CSZ,11,7.77,78,Train,228
replica5_5CSZ_1,5CSZ,11,7.77,78,Train,228
replica1_5CSZ_8,5CSZ,11,7.77,78,Train,228
replica2_5CSZ_8,5CSZ,11,7.77,78,Train,228
replica3_5CSZ_8,5CSZ,11,7.77,78,Train,228
replica4_5CSZ_8,5CSZ,11,7.77,78,Train,228
replica5_5CSZ_8,5CSZ,11,7.77,78,Train,228
replica1_5CSZ_14,5CSZ,11,7.77,78,Train,228
replica2_5CSZ_14,5CSZ,11,7.77,78,Train,228
replica3_5CSZ_14,5CSZ,11,7.77,78,Train,228
replica4_5CSZ_14,5CSZ,11,7.77,78,Train,228
replica5_5CSZ_14,5CSZ,11,7.77,78,Train,228
replica1_5CSZ_21,5CSZ,11,7.77,78,Train,228
replica2_5CSZ_21,5CSZ,11,7.77,78,Train,228
replica3_5CSZ_21,5CSZ,11,7.77,78,Train,228
replica4_5CSZ_21,5CSZ,11,7.77,78,Train,228
replica5_5CSZ_21,5CSZ,11,7.77,78,Train,228
replica1_5CSZ_27,5CSZ,11,7.77,78,Train,228
replica2_5CSZ_27,5CSZ,11,7.77,78,Train,228
replica3_5CSZ_27,5CSZ,11,7.77,78,Train,228
replica4_5CSZ_27,5CSZ,11,7.77,78,Train,228
replica5_5CSZ_27,5CSZ,11,7.77,78,Train,228
replica1_5CSZ_34,5CSZ,11,7.77,78,Train,228
replica2_5CSZ_34,5CSZ,11,7.77,78,Train,228
replica3_5CSZ_34,5CSZ,11,7.77,78,Train,228
replica4_5CSZ_34,5CSZ,11,7.77,78,Train,228
replica5_5CSZ_34,5CSZ,11,7.77,78,Train,228
replica1_5CSZ_41,5CSZ,11,7.77,78,Train,228
replica2_5CSZ_41,5CSZ,11,7.77,78,Train,228
replica3_5CSZ_41,5CSZ,11,7.77,78,Train,228
replica4_5CSZ_41,5CSZ,11,7.77,78,Train,228
replica5_5CSZ_41,5CSZ,11,7.77,78,Train,228
replica1_5CSZ_47,5CSZ,11,7.77,78,Train,228
replica2_5CSZ_47,5CSZ,11,7.77,78,Train,228
replica3_5CSZ_47,5CSZ,11,7.77,78,Train,228
replica4_5CSZ_47,5CSZ,11,7.77,78,Train,228
replica5_5CSZ_47,5CSZ,11,7.77,78,Train,228
replica1_5CSZ_54,5CSZ,11,7.77,78,Train,228
replica2_5CSZ_54,5CSZ,11,7.77,78,Train,228
replica3_5CSZ_54,5CSZ,11,7.77,78,Train,228
replica4_5CSZ_54,5CSZ,11,7.77,78,Train,228
replica5_5CSZ_54,5CSZ,11,7.77,78,Train,228
replica1_5CSZ_60,5CSZ,11,7.77,78,Train,228
replica2_5CSZ_60,5CSZ,11,7.77,78,Train,228
replica3_5CSZ_60,5CSZ,11,7.77,78,Train,228
replica4_5CSZ_60,5CSZ,11,7.77,78,Train,228
replica5_5CSZ_60,5CSZ,11,7.77,78,Train,228
replica1_5CSZ_67,5CSZ,11,7.77,78,Train,228
replica2_5CSZ_67,5CSZ,11,7.77,78,Train,228
replica3_5CSZ_67,5CSZ,11,7.77,78,Train,228
replica4_5CSZ_67,5CSZ,11,7.77,78,Train,228
replica5_5CSZ_67,5CSZ,11,7.77,78,Train,228
replica1_5CSZ_74,5CSZ,11,7.77,78,Train,228
replica2_5CSZ_74,5CSZ,11,7.77,78,Train,228
replica3_5CSZ_74,5CSZ,11,7.77,78,Train,228
replica4_5CSZ_74,5CSZ,11,7.77,78,Train,228
replica5_5CSZ_74,5CSZ,11,7.77,78,Train,228
replica1_5CSZ_80,5CSZ,11,7.77,78,Train,228
replica2_5CSZ_80,5CSZ,11,7.77,78,Train,228
replica3_5CSZ_80,5CSZ,11,7.77,78,Train,228
replica4_5CSZ_80,5CSZ,11,7.77,78,Train,228
replica5_5CSZ_80,5CSZ,11,7.77,78,Train,228
replica1_5CSZ_87,5CSZ,11,7.77,78,Train,228
replica2_5CSZ_87,5CSZ,11,7.77,78,Train,228
replica3_5CSZ_87,5CSZ,11,7.77,78,Train,228
replica4_5CSZ_87,5CSZ,11,7.77,78,Train,228
replica5_5CSZ_87,5CSZ,11,7.77,78,Train,228
replica1_5CSZ_93,5CSZ,11,7.77,78,Train,228
replica2_5CSZ_93,5CSZ,11,7.77,78,Train,228
replica3_5CSZ_93,5CSZ,11,7.77,78,Train,228
replica4_5CSZ_93,5CSZ,11,7.77,78,Train,228
replica5_5CSZ_93,5CSZ,11,7.77,78,Train,228
replica1_5CSZ_100,5CSZ,11,7.77,78,Train,228
replica2_5CSZ_100,5CSZ,11,7.77,78,Train,228
replica3_5CSZ_100,5CSZ,11,7.77,78,Train,228
replica4_5CSZ_100,5CSZ,11,7.77,78,Train,228
replica5_5CSZ_100,5CSZ,11,7.77,78,Train,228
replica1_5D0J_1,5D0J,9,5.31,173,Train,229
replica2_5D0J_1,5D0J,9,5.31,173,Train,229
replica3_5D0J_1,5D0J,9,5.31,173,Train,229
replica4_5D0J_1,5D0J,9,5.31,173,Train,229
replica5_5D0J_1,5D0J,9,5.31,173,Train,229
replica1_5D0J_8,5D0J,9,5.31,173,Train,229
replica2_5D0J_8,5D0J,9,5.31,173,Train,229
replica3_5D0J_8,5D0J,9,5.31,173,Train,229
replica4_5D0J_8,5D0J,9,5.31,173,Train,229
replica5_5D0J_8,5D0J,9,5.31,173,Train,229
replica1_5D0J_14,5D0J,9,5.31,173,Train,229
replica2_5D0J_14,5D0J,9,5.31,173,Train,229
replica3_5D0J_14,5D0J,9,5.31,173,Train,229
replica4_5D0J_14,5D0J,9,5.31,173,Train,229
replica5_5D0J_14,5D0J,9,5.31,173,Train,229
replica1_5D0J_21,5D0J,9,5.31,173,Train,229
replica2_5D0J_21,5D0J,9,5.31,173,Train,229
replica3_5D0J_21,5D0J,9,5.31,173,Train,229
replica4_5D0J_21,5D0J,9,5.31,173,Train,229
replica5_5D0J_21,5D0J,9,5.31,173,Train,229
replica1_5D0J_27,5D0J,9,5.31,173,Train,229
replica2_5D0J_27,5D0J,9,5.31,173,Train,229
replica3_5D0J_27,5D0J,9,5.31,173,Train,229
replica4_5D0J_27,5D0J,9,5.31,173,Train,229
replica5_5D0J_27,5D0J,9,5.31,173,Train,229
replica1_5D0J_34,5D0J,9,5.31,173,Train,229
replica2_5D0J_34,5D0J,9,5.31,173,Train,229
replica3_5D0J_34,5D0J,9,5.31,173,Train,229
replica4_5D0J_34,5D0J,9,5.31,173,Train,229
replica5_5D0J_34,5D0J,9,5.31,173,Train,229
replica1_5D0J_41,5D0J,9,5.31,173,Train,229
replica2_5D0J_41,5D0J,9,5.31,173,Train,229
replica3_5D0J_41,5D0J,9,5.31,173,Train,229
replica4_5D0J_41,5D0J,9,5.31,173,Train,229
replica5_5D0J_41,5D0J,9,5.31,173,Train,229
replica1_5D0J_47,5D0J,9,5.31,173,Train,229
replica2_5D0J_47,5D0J,9,5.31,173,Train,229
replica3_5D0J_47,5D0J,9,5.31,173,Train,229
replica4_5D0J_47,5D0J,9,5.31,173,Train,229
replica5_5D0J_47,5D0J,9,5.31,173,Train,229
replica1_5D0J_54,5D0J,9,5.31,173,Train,229
replica2_5D0J_54,5D0J,9,5.31,173,Train,229
replica3_5D0J_54,5D0J,9,5.31,173,Train,229
replica4_5D0J_54,5D0J,9,5.31,173,Train,229
replica5_5D0J_54,5D0J,9,5.31,173,Train,229
replica1_5D0J_60,5D0J,9,5.31,173,Train,229
replica2_5D0J_60,5D0J,9,5.31,173,Train,229
replica3_5D0J_60,5D0J,9,5.31,173,Train,229
replica4_5D0J_60,5D0J,9,5.31,173,Train,229
replica5_5D0J_60,5D0J,9,5.31,173,Train,229
replica1_5D0J_67,5D0J,9,5.31,173,Train,229
replica2_5D0J_67,5D0J,9,5.31,173,Train,229
replica3_5D0J_67,5D0J,9,5.31,173,Train,229
replica4_5D0J_67,5D0J,9,5.31,173,Train,229
replica5_5D0J_67,5D0J,9,5.31,173,Train,229
replica1_5D0J_74,5D0J,9,5.31,173,Train,229
replica2_5D0J_74,5D0J,9,5.31,173,Train,229
replica3_5D0J_74,5D0J,9,5.31,173,Train,229
replica4_5D0J_74,5D0J,9,5.31,173,Train,229
replica5_5D0J_74,5D0J,9,5.31,173,Train,229
replica1_5D0J_80,5D0J,9,5.31,173,Train,229
replica2_5D0J_80,5D0J,9,5.31,173,Train,229
replica3_5D0J_80,5D0J,9,5.31,173,Train,229
replica4_5D0J_80,5D0J,9,5.31,173,Train,229
replica5_5D0J_80,5D0J,9,5.31,173,Train,229
replica1_5D0J_87,5D0J,9,5.31,173,Train,229
replica2_5D0J_87,5D0J,9,5.31,173,Train,229
replica3_5D0J_87,5D0J,9,5.31,173,Train,229
replica4_5D0J_87,5D0J,9,5.31,173,Train,229
replica5_5D0J_87,5D0J,9,5.31,173,Train,229
replica1_5D0J_93,5D0J,9,5.31,173,Train,229
replica2_5D0J_93,5D0J,9,5.31,173,Train,229
replica3_5D0J_93,5D0J,9,5.31,173,Train,229
replica4_5D0J_93,5D0J,9,5.31,173,Train,229
replica5_5D0J_93,5D0J,9,5.31,173,Train,229
replica1_5D0J_100,5D0J,9,5.31,173,Train,229
replica2_5D0J_100,5D0J,9,5.31,173,Train,229
replica3_5D0J_100,5D0J,9,5.31,173,Train,229
replica4_5D0J_100,5D0J,9,5.31,173,Train,229
replica5_5D0J_100,5D0J,9,5.31,173,Train,229
replica1_5DAH_1,5DAH,11,5.3,174,Test,
replica2_5DAH_1,5DAH,11,5.3,174,Test,
replica3_5DAH_1,5DAH,11,5.3,174,Test,
replica4_5DAH_1,5DAH,11,5.3,174,Test,
replica5_5DAH_1,5DAH,11,5.3,174,Test,
replica1_5DAH_8,5DAH,11,5.3,174,Test,
replica2_5DAH_8,5DAH,11,5.3,174,Test,
replica3_5DAH_8,5DAH,11,5.3,174,Test,
replica4_5DAH_8,5DAH,11,5.3,174,Test,
replica5_5DAH_8,5DAH,11,5.3,174,Test,
replica1_5DAH_14,5DAH,11,5.3,174,Test,
replica2_5DAH_14,5DAH,11,5.3,174,Test,
replica3_5DAH_14,5DAH,11,5.3,174,Test,
replica4_5DAH_14,5DAH,11,5.3,174,Test,
replica5_5DAH_14,5DAH,11,5.3,174,Test,
replica1_5DAH_21,5DAH,11,5.3,174,Test,
replica2_5DAH_21,5DAH,11,5.3,174,Test,
replica3_5DAH_21,5DAH,11,5.3,174,Test,
replica4_5DAH_21,5DAH,11,5.3,174,Test,
replica5_5DAH_21,5DAH,11,5.3,174,Test,
replica1_5DAH_27,5DAH,11,5.3,174,Test,
replica2_5DAH_27,5DAH,11,5.3,174,Test,
replica3_5DAH_27,5DAH,11,5.3,174,Test,
replica4_5DAH_27,5DAH,11,5.3,174,Test,
replica5_5DAH_27,5DAH,11,5.3,174,Test,
replica1_5DAH_34,5DAH,11,5.3,174,Test,
replica2_5DAH_34,5DAH,11,5.3,174,Test,
replica3_5DAH_34,5DAH,11,5.3,174,Test,
replica4_5DAH_34,5DAH,11,5.3,174,Test,
replica5_5DAH_34,5DAH,11,5.3,174,Test,
replica1_5DAH_41,5DAH,11,5.3,174,Test,
replica2_5DAH_41,5DAH,11,5.3,174,Test,
replica3_5DAH_41,5DAH,11,5.3,174,Test,
replica4_5DAH_41,5DAH,11,5.3,174,Test,
replica5_5DAH_41,5DAH,11,5.3,174,Test,
replica1_5DAH_47,5DAH,11,5.3,174,Test,
replica2_5DAH_47,5DAH,11,5.3,174,Test,
replica3_5DAH_47,5DAH,11,5.3,174,Test,
replica4_5DAH_47,5DAH,11,5.3,174,Test,
replica5_5DAH_47,5DAH,11,5.3,174,Test,
replica1_5DAH_54,5DAH,11,5.3,174,Test,
replica2_5DAH_54,5DAH,11,5.3,174,Test,
replica3_5DAH_54,5DAH,11,5.3,174,Test,
replica4_5DAH_54,5DAH,11,5.3,174,Test,
replica5_5DAH_54,5DAH,11,5.3,174,Test,
replica1_5DAH_60,5DAH,11,5.3,174,Test,
replica2_5DAH_60,5DAH,11,5.3,174,Test,
replica3_5DAH_60,5DAH,11,5.3,174,Test,
replica4_5DAH_60,5DAH,11,5.3,174,Test,
replica5_5DAH_60,5DAH,11,5.3,174,Test,
replica1_5DAH_67,5DAH,11,5.3,174,Test,
replica2_5DAH_67,5DAH,11,5.3,174,Test,
replica3_5DAH_67,5DAH,11,5.3,174,Test,
replica4_5DAH_67,5DAH,11,5.3,174,Test,
replica5_5DAH_67,5DAH,11,5.3,174,Test,
replica1_5DAH_74,5DAH,11,5.3,174,Test,
replica2_5DAH_74,5DAH,11,5.3,174,Test,
replica3_5DAH_74,5DAH,11,5.3,174,Test,
replica4_5DAH_74,5DAH,11,5.3,174,Test,
replica5_5DAH_74,5DAH,11,5.3,174,Test,
replica1_5DAH_80,5DAH,11,5.3,174,Test,
replica2_5DAH_80,5DAH,11,5.3,174,Test,
replica3_5DAH_80,5DAH,11,5.3,174,Test,
replica4_5DAH_80,5DAH,11,5.3,174,Test,
replica5_5DAH_80,5DAH,11,5.3,174,Test,
replica1_5DAH_87,5DAH,11,5.3,174,Test,
replica2_5DAH_87,5DAH,11,5.3,174,Test,
replica3_5DAH_87,5DAH,11,5.3,174,Test,
replica4_5DAH_87,5DAH,11,5.3,174,Test,
replica5_5DAH_87,5DAH,11,5.3,174,Test,
replica1_5DAH_93,5DAH,11,5.3,174,Test,
replica2_5DAH_93,5DAH,11,5.3,174,Test,
replica3_5DAH_93,5DAH,11,5.3,174,Test,
replica4_5DAH_93,5DAH,11,5.3,174,Test,
replica5_5DAH_93,5DAH,11,5.3,174,Test,
replica1_5DAH_100,5DAH,11,5.3,174,Test,
replica2_5DAH_100,5DAH,11,5.3,174,Test,
replica3_5DAH_100,5DAH,11,5.3,174,Test,
replica4_5DAH_100,5DAH,11,5.3,174,Test,
replica5_5DAH_100,5DAH,11,5.3,174,Test,
replica1_5E1D_1,5E1D,6,5.39,175,Train,230
replica2_5E1D_1,5E1D,6,5.39,175,Train,230
replica3_5E1D_1,5E1D,6,5.39,175,Train,230
replica4_5E1D_1,5E1D,6,5.39,175,Train,230
replica5_5E1D_1,5E1D,6,5.39,175,Train,230
replica1_5E1D_15,5E1D,6,5.39,175,Train,230
replica2_5E1D_15,5E1D,6,5.39,175,Train,230
replica3_5E1D_15,5E1D,6,5.39,175,Train,230
replica4_5E1D_15,5E1D,6,5.39,175,Train,230
replica5_5E1D_15,5E1D,6,5.39,175,Train,230
replica1_5E1D_29,5E1D,6,5.39,175,Train,230
replica2_5E1D_29,5E1D,6,5.39,175,Train,230
replica3_5E1D_29,5E1D,6,5.39,175,Train,230
replica4_5E1D_29,5E1D,6,5.39,175,Train,230
replica5_5E1D_29,5E1D,6,5.39,175,Train,230
replica1_5E1D_43,5E1D,6,5.39,175,Train,230
replica2_5E1D_43,5E1D,6,5.39,175,Train,230
replica3_5E1D_43,5E1D,6,5.39,175,Train,230
replica4_5E1D_43,5E1D,6,5.39,175,Train,230
replica5_5E1D_43,5E1D,6,5.39,175,Train,230
replica1_5E1D_58,5E1D,6,5.39,175,Train,230
replica2_5E1D_58,5E1D,6,5.39,175,Train,230
replica3_5E1D_58,5E1D,6,5.39,175,Train,230
replica4_5E1D_58,5E1D,6,5.39,175,Train,230
replica5_5E1D_58,5E1D,6,5.39,175,Train,230
replica1_5E1D_72,5E1D,6,5.39,175,Train,230
replica2_5E1D_72,5E1D,6,5.39,175,Train,230
replica3_5E1D_72,5E1D,6,5.39,175,Train,230
replica4_5E1D_72,5E1D,6,5.39,175,Train,230
replica5_5E1D_72,5E1D,6,5.39,175,Train,230
replica1_5E1D_86,5E1D,6,5.39,175,Train,230
replica2_5E1D_86,5E1D,6,5.39,175,Train,230
replica3_5E1D_86,5E1D,6,5.39,175,Train,230
replica4_5E1D_86,5E1D,6,5.39,175,Train,230
replica5_5E1D_86,5E1D,6,5.39,175,Train,230
replica1_5E1D_100,5E1D,6,5.39,175,Train,230
replica2_5E1D_100,5E1D,6,5.39,175,Train,230
replica3_5E1D_100,5E1D,6,5.39,175,Train,230
replica4_5E1D_100,5E1D,6,5.39,175,Train,230
replica5_5E1D_100,5E1D,6,5.39,175,Train,230
replica1_5E1O_1,5E1O,6,5.43,175,Train,230
replica2_5E1O_1,5E1O,6,5.43,175,Train,230
replica3_5E1O_1,5E1O,6,5.43,175,Train,230
replica4_5E1O_1,5E1O,6,5.43,175,Train,230
replica5_5E1O_1,5E1O,6,5.43,175,Train,230
replica1_5E1O_15,5E1O,6,5.43,175,Train,230
replica2_5E1O_15,5E1O,6,5.43,175,Train,230
replica3_5E1O_15,5E1O,6,5.43,175,Train,230
replica4_5E1O_15,5E1O,6,5.43,175,Train,230
replica5_5E1O_15,5E1O,6,5.43,175,Train,230
replica1_5E1O_29,5E1O,6,5.43,175,Train,230
replica2_5E1O_29,5E1O,6,5.43,175,Train,230
replica3_5E1O_29,5E1O,6,5.43,175,Train,230
replica4_5E1O_29,5E1O,6,5.43,175,Train,230
replica5_5E1O_29,5E1O,6,5.43,175,Train,230
replica1_5E1O_43,5E1O,6,5.43,175,Train,230
replica2_5E1O_43,5E1O,6,5.43,175,Train,230
replica3_5E1O_43,5E1O,6,5.43,175,Train,230
replica4_5E1O_43,5E1O,6,5.43,175,Train,230
replica5_5E1O_43,5E1O,6,5.43,175,Train,230
replica1_5E1O_58,5E1O,6,5.43,175,Train,230
replica2_5E1O_58,5E1O,6,5.43,175,Train,230
replica3_5E1O_58,5E1O,6,5.43,175,Train,230
replica4_5E1O_58,5E1O,6,5.43,175,Train,230
replica5_5E1O_58,5E1O,6,5.43,175,Train,230
replica1_5E1O_72,5E1O,6,5.43,175,Train,230
replica2_5E1O_72,5E1O,6,5.43,175,Train,230
replica3_5E1O_72,5E1O,6,5.43,175,Train,230
replica4_5E1O_72,5E1O,6,5.43,175,Train,230
replica5_5E1O_72,5E1O,6,5.43,175,Train,230
replica1_5E1O_86,5E1O,6,5.43,175,Train,230
replica2_5E1O_86,5E1O,6,5.43,175,Train,230
replica3_5E1O_86,5E1O,6,5.43,175,Train,230
replica4_5E1O_86,5E1O,6,5.43,175,Train,230
replica5_5E1O_86,5E1O,6,5.43,175,Train,230
replica1_5E1O_100,5E1O,6,5.43,175,Train,230
replica2_5E1O_100,5E1O,6,5.43,175,Train,230
replica3_5E1O_100,5E1O,6,5.43,175,Train,230
replica4_5E1O_100,5E1O,6,5.43,175,Train,230
replica5_5E1O_100,5E1O,6,5.43,175,Train,230
replica1_5E2Q_1,5E2Q,8,5.79,111,Test,
replica2_5E2Q_1,5E2Q,8,5.79,111,Test,
replica3_5E2Q_1,5E2Q,8,5.79,111,Test,
replica4_5E2Q_1,5E2Q,8,5.79,111,Test,
replica5_5E2Q_1,5E2Q,8,5.79,111,Test,
replica1_5E2Q_34,5E2Q,8,5.79,111,Test,
replica2_5E2Q_34,5E2Q,8,5.79,111,Test,
replica3_5E2Q_34,5E2Q,8,5.79,111,Test,
replica4_5E2Q_34,5E2Q,8,5.79,111,Test,
replica5_5E2Q_34,5E2Q,8,5.79,111,Test,
replica1_5E2Q_67,5E2Q,8,5.79,111,Test,
replica2_5E2Q_67,5E2Q,8,5.79,111,Test,
replica3_5E2Q_67,5E2Q,8,5.79,111,Test,
replica4_5E2Q_67,5E2Q,8,5.79,111,Test,
replica5_5E2Q_67,5E2Q,8,5.79,111,Test,
replica1_5E2Q_100,5E2Q,8,5.79,111,Test,
replica2_5E2Q_100,5E2Q,8,5.79,111,Test,
replica3_5E2Q_100,5E2Q,8,5.79,111,Test,
replica4_5E2Q_100,5E2Q,8,5.79,111,Test,
replica5_5E2Q_100,5E2Q,8,5.79,111,Test,
replica1_5E3A_1,5E3A,5,5.44,111,Test,
replica2_5E3A_1,5E3A,5,5.44,111,Test,
replica3_5E3A_1,5E3A,5,5.44,111,Test,
replica4_5E3A_1,5E3A,5,5.44,111,Test,
replica5_5E3A_1,5E3A,5,5.44,111,Test,
replica1_5E3A_34,5E3A,5,5.44,111,Test,
replica2_5E3A_34,5E3A,5,5.44,111,Test,
replica3_5E3A_34,5E3A,5,5.44,111,Test,
replica4_5E3A_34,5E3A,5,5.44,111,Test,
replica5_5E3A_34,5E3A,5,5.44,111,Test,
replica1_5E3A_67,5E3A,5,5.44,111,Test,
replica2_5E3A_67,5E3A,5,5.44,111,Test,
replica3_5E3A_67,5E3A,5,5.44,111,Test,
replica4_5E3A_67,5E3A,5,5.44,111,Test,
replica5_5E3A_67,5E3A,5,5.44,111,Test,
replica1_5E3A_100,5E3A,5,5.44,111,Test,
replica2_5E3A_100,5E3A,5,5.44,111,Test,
replica3_5E3A_100,5E3A,5,5.44,111,Test,
replica4_5E3A_100,5E3A,5,5.44,111,Test,
replica5_5E3A_100,5E3A,5,5.44,111,Test,
replica1_5E4W_1,5E4W,9,4.64,176,Train,231
replica2_5E4W_1,5E4W,9,4.64,176,Train,231
replica3_5E4W_1,5E4W,9,4.64,176,Train,231
replica4_5E4W_1,5E4W,9,4.64,176,Train,231
replica5_5E4W_1,5E4W,9,4.64,176,Train,231
replica1_5E4W_8,5E4W,9,4.64,176,Train,231
replica2_5E4W_8,5E4W,9,4.64,176,Train,231
replica3_5E4W_8,5E4W,9,4.64,176,Train,231
replica4_5E4W_8,5E4W,9,4.64,176,Train,231
replica5_5E4W_8,5E4W,9,4.64,176,Train,231
replica1_5E4W_14,5E4W,9,4.64,176,Train,231
replica2_5E4W_14,5E4W,9,4.64,176,Train,231
replica3_5E4W_14,5E4W,9,4.64,176,Train,231
replica4_5E4W_14,5E4W,9,4.64,176,Train,231
replica5_5E4W_14,5E4W,9,4.64,176,Train,231
replica1_5E4W_21,5E4W,9,4.64,176,Train,231
replica2_5E4W_21,5E4W,9,4.64,176,Train,231
replica3_5E4W_21,5E4W,9,4.64,176,Train,231
replica4_5E4W_21,5E4W,9,4.64,176,Train,231
replica5_5E4W_21,5E4W,9,4.64,176,Train,231
replica1_5E4W_27,5E4W,9,4.64,176,Train,231
replica2_5E4W_27,5E4W,9,4.64,176,Train,231
replica3_5E4W_27,5E4W,9,4.64,176,Train,231
replica4_5E4W_27,5E4W,9,4.64,176,Train,231
replica5_5E4W_27,5E4W,9,4.64,176,Train,231
replica1_5E4W_34,5E4W,9,4.64,176,Train,231
replica2_5E4W_34,5E4W,9,4.64,176,Train,231
replica3_5E4W_34,5E4W,9,4.64,176,Train,231
replica4_5E4W_34,5E4W,9,4.64,176,Train,231
replica5_5E4W_34,5E4W,9,4.64,176,Train,231
replica1_5E4W_41,5E4W,9,4.64,176,Train,231
replica2_5E4W_41,5E4W,9,4.64,176,Train,231
replica3_5E4W_41,5E4W,9,4.64,176,Train,231
replica4_5E4W_41,5E4W,9,4.64,176,Train,231
replica5_5E4W_41,5E4W,9,4.64,176,Train,231
replica1_5E4W_47,5E4W,9,4.64,176,Train,231
replica2_5E4W_47,5E4W,9,4.64,176,Train,231
replica3_5E4W_47,5E4W,9,4.64,176,Train,231
replica4_5E4W_47,5E4W,9,4.64,176,Train,231
replica5_5E4W_47,5E4W,9,4.64,176,Train,231
replica1_5E4W_54,5E4W,9,4.64,176,Train,231
replica2_5E4W_54,5E4W,9,4.64,176,Train,231
replica3_5E4W_54,5E4W,9,4.64,176,Train,231
replica4_5E4W_54,5E4W,9,4.64,176,Train,231
replica5_5E4W_54,5E4W,9,4.64,176,Train,231
replica1_5E4W_60,5E4W,9,4.64,176,Train,231
replica2_5E4W_60,5E4W,9,4.64,176,Train,231
replica3_5E4W_60,5E4W,9,4.64,176,Train,231
replica4_5E4W_60,5E4W,9,4.64,176,Train,231
replica5_5E4W_60,5E4W,9,4.64,176,Train,231
replica1_5E4W_67,5E4W,9,4.64,176,Train,231
replica2_5E4W_67,5E4W,9,4.64,176,Train,231
replica3_5E4W_67,5E4W,9,4.64,176,Train,231
replica4_5E4W_67,5E4W,9,4.64,176,Train,231
replica5_5E4W_67,5E4W,9,4.64,176,Train,231
replica1_5E4W_74,5E4W,9,4.64,176,Train,231
replica2_5E4W_74,5E4W,9,4.64,176,Train,231
replica3_5E4W_74,5E4W,9,4.64,176,Train,231
replica4_5E4W_74,5E4W,9,4.64,176,Train,231
replica5_5E4W_74,5E4W,9,4.64,176,Train,231
replica1_5E4W_80,5E4W,9,4.64,176,Train,231
replica2_5E4W_80,5E4W,9,4.64,176,Train,231
replica3_5E4W_80,5E4W,9,4.64,176,Train,231
replica4_5E4W_80,5E4W,9,4.64,176,Train,231
replica5_5E4W_80,5E4W,9,4.64,176,Train,231
replica1_5E4W_87,5E4W,9,4.64,176,Train,231
replica2_5E4W_87,5E4W,9,4.64,176,Train,231
replica3_5E4W_87,5E4W,9,4.64,176,Train,231
replica4_5E4W_87,5E4W,9,4.64,176,Train,231
replica5_5E4W_87,5E4W,9,4.64,176,Train,231
replica1_5E4W_93,5E4W,9,4.64,176,Train,231
replica2_5E4W_93,5E4W,9,4.64,176,Train,231
replica3_5E4W_93,5E4W,9,4.64,176,Train,231
replica4_5E4W_93,5E4W,9,4.64,176,Train,231
replica5_5E4W_93,5E4W,9,4.64,176,Train,231
replica1_5E4W_100,5E4W,9,4.64,176,Train,231
replica2_5E4W_100,5E4W,9,4.64,176,Train,231
replica3_5E4W_100,5E4W,9,4.64,176,Train,231
replica4_5E4W_100,5E4W,9,4.64,176,Train,231
replica5_5E4W_100,5E4W,9,4.64,176,Train,231
replica1_5E6O_1,5E6O,4,4.11,170,Test,
replica2_5E6O_1,5E6O,4,4.11,170,Test,
replica3_5E6O_1,5E6O,4,4.11,170,Test,
replica4_5E6O_1,5E6O,4,4.11,170,Test,
replica5_5E6O_1,5E6O,4,4.11,170,Test,
replica1_5E6O_8,5E6O,4,4.11,170,Test,
replica2_5E6O_8,5E6O,4,4.11,170,Test,
replica3_5E6O_8,5E6O,4,4.11,170,Test,
replica4_5E6O_8,5E6O,4,4.11,170,Test,
replica5_5E6O_8,5E6O,4,4.11,170,Test,
replica1_5E6O_14,5E6O,4,4.11,170,Test,
replica2_5E6O_14,5E6O,4,4.11,170,Test,
replica3_5E6O_14,5E6O,4,4.11,170,Test,
replica4_5E6O_14,5E6O,4,4.11,170,Test,
replica5_5E6O_14,5E6O,4,4.11,170,Test,
replica1_5E6O_21,5E6O,4,4.11,170,Test,
replica2_5E6O_21,5E6O,4,4.11,170,Test,
replica3_5E6O_21,5E6O,4,4.11,170,Test,
replica4_5E6O_21,5E6O,4,4.11,170,Test,
replica5_5E6O_21,5E6O,4,4.11,170,Test,
replica1_5E6O_27,5E6O,4,4.11,170,Test,
replica2_5E6O_27,5E6O,4,4.11,170,Test,
replica3_5E6O_27,5E6O,4,4.11,170,Test,
replica4_5E6O_27,5E6O,4,4.11,170,Test,
replica5_5E6O_27,5E6O,4,4.11,170,Test,
replica1_5E6O_34,5E6O,4,4.11,170,Test,
replica2_5E6O_34,5E6O,4,4.11,170,Test,
replica3_5E6O_34,5E6O,4,4.11,170,Test,
replica4_5E6O_34,5E6O,4,4.11,170,Test,
replica5_5E6O_34,5E6O,4,4.11,170,Test,
replica1_5E6O_41,5E6O,4,4.11,170,Test,
replica2_5E6O_41,5E6O,4,4.11,170,Test,
replica3_5E6O_41,5E6O,4,4.11,170,Test,
replica4_5E6O_41,5E6O,4,4.11,170,Test,
replica5_5E6O_41,5E6O,4,4.11,170,Test,
replica1_5E6O_47,5E6O,4,4.11,170,Test,
replica2_5E6O_47,5E6O,4,4.11,170,Test,
replica3_5E6O_47,5E6O,4,4.11,170,Test,
replica4_5E6O_47,5E6O,4,4.11,170,Test,
replica5_5E6O_47,5E6O,4,4.11,170,Test,
replica1_5E6O_54,5E6O,4,4.11,170,Test,
replica2_5E6O_54,5E6O,4,4.11,170,Test,
replica3_5E6O_54,5E6O,4,4.11,170,Test,
replica4_5E6O_54,5E6O,4,4.11,170,Test,
replica5_5E6O_54,5E6O,4,4.11,170,Test,
replica1_5E6O_60,5E6O,4,4.11,170,Test,
replica2_5E6O_60,5E6O,4,4.11,170,Test,
replica3_5E6O_60,5E6O,4,4.11,170,Test,
replica4_5E6O_60,5E6O,4,4.11,170,Test,
replica5_5E6O_60,5E6O,4,4.11,170,Test,
replica1_5E6O_67,5E6O,4,4.11,170,Test,
replica2_5E6O_67,5E6O,4,4.11,170,Test,
replica3_5E6O_67,5E6O,4,4.11,170,Test,
replica4_5E6O_67,5E6O,4,4.11,170,Test,
replica5_5E6O_67,5E6O,4,4.11,170,Test,
replica1_5E6O_74,5E6O,4,4.11,170,Test,
replica2_5E6O_74,5E6O,4,4.11,170,Test,
replica3_5E6O_74,5E6O,4,4.11,170,Test,
replica4_5E6O_74,5E6O,4,4.11,170,Test,
replica5_5E6O_74,5E6O,4,4.11,170,Test,
replica1_5E6O_80,5E6O,4,4.11,170,Test,
replica2_5E6O_80,5E6O,4,4.11,170,Test,
replica3_5E6O_80,5E6O,4,4.11,170,Test,
replica4_5E6O_80,5E6O,4,4.11,170,Test,
replica5_5E6O_80,5E6O,4,4.11,170,Test,
replica1_5E6O_87,5E6O,4,4.11,170,Test,
replica2_5E6O_87,5E6O,4,4.11,170,Test,
replica3_5E6O_87,5E6O,4,4.11,170,Test,
replica4_5E6O_87,5E6O,4,4.11,170,Test,
replica5_5E6O_87,5E6O,4,4.11,170,Test,
replica1_5E6O_93,5E6O,4,4.11,170,Test,
replica2_5E6O_93,5E6O,4,4.11,170,Test,
replica3_5E6O_93,5E6O,4,4.11,170,Test,
replica4_5E6O_93,5E6O,4,4.11,170,Test,
replica5_5E6O_93,5E6O,4,4.11,170,Test,
replica1_5E6O_100,5E6O,4,4.11,170,Test,
replica2_5E6O_100,5E6O,4,4.11,170,Test,
replica3_5E6O_100,5E6O,4,4.11,170,Test,
replica4_5E6O_100,5E6O,4,4.11,170,Test,
replica5_5E6O_100,5E6O,4,4.11,170,Test,
replica1_5EAY_1,5EAY,13,4.47,177,Train,232
replica2_5EAY_1,5EAY,13,4.47,177,Train,232
replica3_5EAY_1,5EAY,13,4.47,177,Train,232
replica4_5EAY_1,5EAY,13,4.47,177,Train,232
replica5_5EAY_1,5EAY,13,4.47,177,Train,232
replica1_5EAY_8,5EAY,13,4.47,177,Train,232
replica2_5EAY_8,5EAY,13,4.47,177,Train,232
replica3_5EAY_8,5EAY,13,4.47,177,Train,232
replica4_5EAY_8,5EAY,13,4.47,177,Train,232
replica5_5EAY_8,5EAY,13,4.47,177,Train,232
replica1_5EAY_14,5EAY,13,4.47,177,Train,232
replica2_5EAY_14,5EAY,13,4.47,177,Train,232
replica3_5EAY_14,5EAY,13,4.47,177,Train,232
replica4_5EAY_14,5EAY,13,4.47,177,Train,232
replica5_5EAY_14,5EAY,13,4.47,177,Train,232
replica1_5EAY_21,5EAY,13,4.47,177,Train,232
replica2_5EAY_21,5EAY,13,4.47,177,Train,232
replica3_5EAY_21,5EAY,13,4.47,177,Train,232
replica4_5EAY_21,5EAY,13,4.47,177,Train,232
replica5_5EAY_21,5EAY,13,4.47,177,Train,232
replica1_5EAY_27,5EAY,13,4.47,177,Train,232
replica2_5EAY_27,5EAY,13,4.47,177,Train,232
replica3_5EAY_27,5EAY,13,4.47,177,Train,232
replica4_5EAY_27,5EAY,13,4.47,177,Train,232
replica5_5EAY_27,5EAY,13,4.47,177,Train,232
replica1_5EAY_34,5EAY,13,4.47,177,Train,232
replica2_5EAY_34,5EAY,13,4.47,177,Train,232
replica3_5EAY_34,5EAY,13,4.47,177,Train,232
replica4_5EAY_34,5EAY,13,4.47,177,Train,232
replica5_5EAY_34,5EAY,13,4.47,177,Train,232
replica1_5EAY_41,5EAY,13,4.47,177,Train,232
replica2_5EAY_41,5EAY,13,4.47,177,Train,232
replica3_5EAY_41,5EAY,13,4.47,177,Train,232
replica4_5EAY_41,5EAY,13,4.47,177,Train,232
replica5_5EAY_41,5EAY,13,4.47,177,Train,232
replica1_5EAY_47,5EAY,13,4.47,177,Train,232
replica2_5EAY_47,5EAY,13,4.47,177,Train,232
replica3_5EAY_47,5EAY,13,4.47,177,Train,232
replica4_5EAY_47,5EAY,13,4.47,177,Train,232
replica5_5EAY_47,5EAY,13,4.47,177,Train,232
replica1_5EAY_54,5EAY,13,4.47,177,Train,232
replica2_5EAY_54,5EAY,13,4.47,177,Train,232
replica3_5EAY_54,5EAY,13,4.47,177,Train,232
replica4_5EAY_54,5EAY,13,4.47,177,Train,232
replica5_5EAY_54,5EAY,13,4.47,177,Train,232
replica1_5EAY_60,5EAY,13,4.47,177,Train,232
replica2_5EAY_60,5EAY,13,4.47,177,Train,232
replica3_5EAY_60,5EAY,13,4.47,177,Train,232
replica4_5EAY_60,5EAY,13,4.47,177,Train,232
replica5_5EAY_60,5EAY,13,4.47,177,Train,232
replica1_5EAY_67,5EAY,13,4.47,177,Train,232
replica2_5EAY_67,5EAY,13,4.47,177,Train,232
replica3_5EAY_67,5EAY,13,4.47,177,Train,232
replica4_5EAY_67,5EAY,13,4.47,177,Train,232
replica5_5EAY_67,5EAY,13,4.47,177,Train,232
replica1_5EAY_74,5EAY,13,4.47,177,Train,232
replica2_5EAY_74,5EAY,13,4.47,177,Train,232
replica3_5EAY_74,5EAY,13,4.47,177,Train,232
replica4_5EAY_74,5EAY,13,4.47,177,Train,232
replica5_5EAY_74,5EAY,13,4.47,177,Train,232
replica1_5EAY_80,5EAY,13,4.47,177,Train,232
replica2_5EAY_80,5EAY,13,4.47,177,Train,232
replica3_5EAY_80,5EAY,13,4.47,177,Train,232
replica4_5EAY_80,5EAY,13,4.47,177,Train,232
replica5_5EAY_80,5EAY,13,4.47,177,Train,232
replica1_5EAY_87,5EAY,13,4.47,177,Train,232
replica2_5EAY_87,5EAY,13,4.47,177,Train,232
replica3_5EAY_87,5EAY,13,4.47,177,Train,232
replica4_5EAY_87,5EAY,13,4.47,177,Train,232
replica5_5EAY_87,5EAY,13,4.47,177,Train,232
replica1_5EAY_93,5EAY,13,4.47,177,Train,232
replica2_5EAY_93,5EAY,13,4.47,177,Train,232
replica3_5EAY_93,5EAY,13,4.47,177,Train,232
replica4_5EAY_93,5EAY,13,4.47,177,Train,232
replica5_5EAY_93,5EAY,13,4.47,177,Train,232
replica1_5EAY_100,5EAY,13,4.47,177,Train,232
replica2_5EAY_100,5EAY,13,4.47,177,Train,232
replica3_5EAY_100,5EAY,13,4.47,177,Train,232
replica4_5EAY_100,5EAY,13,4.47,177,Train,232
replica5_5EAY_100,5EAY,13,4.47,177,Train,232
replica1_5ELQ_1,5ELQ,8,5.7,25,Train,233
replica2_5ELQ_1,5ELQ,8,5.7,25,Train,233
replica3_5ELQ_1,5ELQ,8,5.7,25,Train,233
replica4_5ELQ_1,5ELQ,8,5.7,25,Train,233
replica5_5ELQ_1,5ELQ,8,5.7,25,Train,233
replica1_5ELQ_8,5ELQ,8,5.7,25,Train,233
replica2_5ELQ_8,5ELQ,8,5.7,25,Train,233
replica3_5ELQ_8,5ELQ,8,5.7,25,Train,233
replica4_5ELQ_8,5ELQ,8,5.7,25,Train,233
replica5_5ELQ_8,5ELQ,8,5.7,25,Train,233
replica1_5ELQ_14,5ELQ,8,5.7,25,Train,233
replica2_5ELQ_14,5ELQ,8,5.7,25,Train,233
replica3_5ELQ_14,5ELQ,8,5.7,25,Train,233
replica4_5ELQ_14,5ELQ,8,5.7,25,Train,233
replica5_5ELQ_14,5ELQ,8,5.7,25,Train,233
replica1_5ELQ_21,5ELQ,8,5.7,25,Train,233
replica2_5ELQ_21,5ELQ,8,5.7,25,Train,233
replica3_5ELQ_21,5ELQ,8,5.7,25,Train,233
replica4_5ELQ_21,5ELQ,8,5.7,25,Train,233
replica5_5ELQ_21,5ELQ,8,5.7,25,Train,233
replica1_5ELQ_27,5ELQ,8,5.7,25,Train,233
replica2_5ELQ_27,5ELQ,8,5.7,25,Train,233
replica3_5ELQ_27,5ELQ,8,5.7,25,Train,233
replica4_5ELQ_27,5ELQ,8,5.7,25,Train,233
replica5_5ELQ_27,5ELQ,8,5.7,25,Train,233
replica1_5ELQ_34,5ELQ,8,5.7,25,Train,233
replica2_5ELQ_34,5ELQ,8,5.7,25,Train,233
replica3_5ELQ_34,5ELQ,8,5.7,25,Train,233
replica4_5ELQ_34,5ELQ,8,5.7,25,Train,233
replica5_5ELQ_34,5ELQ,8,5.7,25,Train,233
replica1_5ELQ_41,5ELQ,8,5.7,25,Train,233
replica2_5ELQ_41,5ELQ,8,5.7,25,Train,233
replica3_5ELQ_41,5ELQ,8,5.7,25,Train,233
replica4_5ELQ_41,5ELQ,8,5.7,25,Train,233
replica5_5ELQ_41,5ELQ,8,5.7,25,Train,233
replica1_5ELQ_47,5ELQ,8,5.7,25,Train,233
replica2_5ELQ_47,5ELQ,8,5.7,25,Train,233
replica3_5ELQ_47,5ELQ,8,5.7,25,Train,233
replica4_5ELQ_47,5ELQ,8,5.7,25,Train,233
replica5_5ELQ_47,5ELQ,8,5.7,25,Train,233
replica1_5ELQ_54,5ELQ,8,5.7,25,Train,233
replica2_5ELQ_54,5ELQ,8,5.7,25,Train,233
replica3_5ELQ_54,5ELQ,8,5.7,25,Train,233
replica4_5ELQ_54,5ELQ,8,5.7,25,Train,233
replica5_5ELQ_54,5ELQ,8,5.7,25,Train,233
replica1_5ELQ_60,5ELQ,8,5.7,25,Train,233
replica2_5ELQ_60,5ELQ,8,5.7,25,Train,233
replica3_5ELQ_60,5ELQ,8,5.7,25,Train,233
replica4_5ELQ_60,5ELQ,8,5.7,25,Train,233
replica5_5ELQ_60,5ELQ,8,5.7,25,Train,233
replica1_5ELQ_67,5ELQ,8,5.7,25,Train,233
replica2_5ELQ_67,5ELQ,8,5.7,25,Train,233
replica3_5ELQ_67,5ELQ,8,5.7,25,Train,233
replica4_5ELQ_67,5ELQ,8,5.7,25,Train,233
replica5_5ELQ_67,5ELQ,8,5.7,25,Train,233
replica1_5ELQ_74,5ELQ,8,5.7,25,Train,233
replica2_5ELQ_74,5ELQ,8,5.7,25,Train,233
replica3_5ELQ_74,5ELQ,8,5.7,25,Train,233
replica4_5ELQ_74,5ELQ,8,5.7,25,Train,233
replica5_5ELQ_74,5ELQ,8,5.7,25,Train,233
replica1_5ELQ_80,5ELQ,8,5.7,25,Train,233
replica2_5ELQ_80,5ELQ,8,5.7,25,Train,233
replica3_5ELQ_80,5ELQ,8,5.7,25,Train,233
replica4_5ELQ_80,5ELQ,8,5.7,25,Train,233
replica5_5ELQ_80,5ELQ,8,5.7,25,Train,233
replica1_5ELQ_87,5ELQ,8,5.7,25,Train,233
replica2_5ELQ_87,5ELQ,8,5.7,25,Train,233
replica3_5ELQ_87,5ELQ,8,5.7,25,Train,233
replica4_5ELQ_87,5ELQ,8,5.7,25,Train,233
replica5_5ELQ_87,5ELQ,8,5.7,25,Train,233
replica1_5ELQ_93,5ELQ,8,5.7,25,Train,233
replica2_5ELQ_93,5ELQ,8,5.7,25,Train,233
replica3_5ELQ_93,5ELQ,8,5.7,25,Train,233
replica4_5ELQ_93,5ELQ,8,5.7,25,Train,233
replica5_5ELQ_93,5ELQ,8,5.7,25,Train,233
replica1_5ELQ_100,5ELQ,8,5.7,25,Train,233
replica2_5ELQ_100,5ELQ,8,5.7,25,Train,233
replica3_5ELQ_100,5ELQ,8,5.7,25,Train,233
replica4_5ELQ_100,5ELQ,8,5.7,25,Train,233
replica5_5ELQ_100,5ELQ,8,5.7,25,Train,233
replica1_5EOC_1,5EOC,14,7.52,10,Test,
replica2_5EOC_1,5EOC,14,7.52,10,Test,
replica3_5EOC_1,5EOC,14,7.52,10,Test,
replica4_5EOC_1,5EOC,14,7.52,10,Test,
replica5_5EOC_1,5EOC,14,7.52,10,Test,
replica1_5EOC_8,5EOC,14,7.52,10,Test,
replica2_5EOC_8,5EOC,14,7.52,10,Test,
replica3_5EOC_8,5EOC,14,7.52,10,Test,
replica4_5EOC_8,5EOC,14,7.52,10,Test,
replica5_5EOC_8,5EOC,14,7.52,10,Test,
replica1_5EOC_14,5EOC,14,7.52,10,Test,
replica2_5EOC_14,5EOC,14,7.52,10,Test,
replica3_5EOC_14,5EOC,14,7.52,10,Test,
replica4_5EOC_14,5EOC,14,7.52,10,Test,
replica5_5EOC_14,5EOC,14,7.52,10,Test,
replica1_5EOC_21,5EOC,14,7.52,10,Test,
replica2_5EOC_21,5EOC,14,7.52,10,Test,
replica3_5EOC_21,5EOC,14,7.52,10,Test,
replica4_5EOC_21,5EOC,14,7.52,10,Test,
replica5_5EOC_21,5EOC,14,7.52,10,Test,
replica1_5EOC_27,5EOC,14,7.52,10,Test,
replica2_5EOC_27,5EOC,14,7.52,10,Test,
replica3_5EOC_27,5EOC,14,7.52,10,Test,
replica4_5EOC_27,5EOC,14,7.52,10,Test,
replica5_5EOC_27,5EOC,14,7.52,10,Test,
replica1_5EOC_34,5EOC,14,7.52,10,Test,
replica2_5EOC_34,5EOC,14,7.52,10,Test,
replica4_5EOC_34,5EOC,14,7.52,10,Test,
replica5_5EOC_34,5EOC,14,7.52,10,Test,
replica1_5EOC_41,5EOC,14,7.52,10,Test,
replica2_5EOC_41,5EOC,14,7.52,10,Test,
replica3_5EOC_41,5EOC,14,7.52,10,Test,
replica4_5EOC_41,5EOC,14,7.52,10,Test,
replica5_5EOC_41,5EOC,14,7.52,10,Test,
replica1_5EOC_47,5EOC,14,7.52,10,Test,
replica2_5EOC_47,5EOC,14,7.52,10,Test,
replica3_5EOC_47,5EOC,14,7.52,10,Test,
replica4_5EOC_47,5EOC,14,7.52,10,Test,
replica5_5EOC_47,5EOC,14,7.52,10,Test,
replica1_5EOC_54,5EOC,14,7.52,10,Test,
replica2_5EOC_54,5EOC,14,7.52,10,Test,
replica3_5EOC_54,5EOC,14,7.52,10,Test,
replica4_5EOC_54,5EOC,14,7.52,10,Test,
replica5_5EOC_54,5EOC,14,7.52,10,Test,
replica1_5EOC_60,5EOC,14,7.52,10,Test,
replica2_5EOC_60,5EOC,14,7.52,10,Test,
replica3_5EOC_60,5EOC,14,7.52,10,Test,
replica4_5EOC_60,5EOC,14,7.52,10,Test,
replica5_5EOC_60,5EOC,14,7.52,10,Test,
replica1_5EOC_67,5EOC,14,7.52,10,Test,
replica2_5EOC_67,5EOC,14,7.52,10,Test,
replica3_5EOC_67,5EOC,14,7.52,10,Test,
replica4_5EOC_67,5EOC,14,7.52,10,Test,
replica5_5EOC_67,5EOC,14,7.52,10,Test,
replica1_5EOC_74,5EOC,14,7.52,10,Test,
replica2_5EOC_74,5EOC,14,7.52,10,Test,
replica3_5EOC_74,5EOC,14,7.52,10,Test,
replica4_5EOC_74,5EOC,14,7.52,10,Test,
replica5_5EOC_74,5EOC,14,7.52,10,Test,
replica1_5EOC_80,5EOC,14,7.52,10,Test,
replica2_5EOC_80,5EOC,14,7.52,10,Test,
replica3_5EOC_80,5EOC,14,7.52,10,Test,
replica4_5EOC_80,5EOC,14,7.52,10,Test,
replica5_5EOC_80,5EOC,14,7.52,10,Test,
replica1_5EOC_87,5EOC,14,7.52,10,Test,
replica2_5EOC_87,5EOC,14,7.52,10,Test,
replica3_5EOC_87,5EOC,14,7.52,10,Test,
replica4_5EOC_87,5EOC,14,7.52,10,Test,
replica5_5EOC_87,5EOC,14,7.52,10,Test,
replica1_5EOC_93,5EOC,14,7.52,10,Test,
replica2_5EOC_93,5EOC,14,7.52,10,Test,
replica3_5EOC_93,5EOC,14,7.52,10,Test,
replica4_5EOC_93,5EOC,14,7.52,10,Test,
replica5_5EOC_93,5EOC,14,7.52,10,Test,
replica1_5EOC_100,5EOC,14,7.52,10,Test,
replica2_5EOC_100,5EOC,14,7.52,10,Test,
replica3_5EOC_100,5EOC,14,7.52,10,Test,
replica4_5EOC_100,5EOC,14,7.52,10,Test,
replica5_5EOC_100,5EOC,14,7.52,10,Test,
replica1_5EOK_1,5EOK,9,3.49,178,Train,234
replica2_5EOK_1,5EOK,9,3.49,178,Train,234
replica3_5EOK_1,5EOK,9,3.49,178,Train,234
replica4_5EOK_1,5EOK,9,3.49,178,Train,234
replica5_5EOK_1,5EOK,9,3.49,178,Train,234
replica1_5EOK_15,5EOK,9,3.49,178,Train,234
replica2_5EOK_15,5EOK,9,3.49,178,Train,234
replica3_5EOK_15,5EOK,9,3.49,178,Train,234
replica4_5EOK_15,5EOK,9,3.49,178,Train,234
replica5_5EOK_15,5EOK,9,3.49,178,Train,234
replica1_5EOK_29,5EOK,9,3.49,178,Train,234
replica2_5EOK_29,5EOK,9,3.49,178,Train,234
replica3_5EOK_29,5EOK,9,3.49,178,Train,234
replica4_5EOK_29,5EOK,9,3.49,178,Train,234
replica5_5EOK_29,5EOK,9,3.49,178,Train,234
replica1_5EOK_43,5EOK,9,3.49,178,Train,234
replica2_5EOK_43,5EOK,9,3.49,178,Train,234
replica3_5EOK_43,5EOK,9,3.49,178,Train,234
replica4_5EOK_43,5EOK,9,3.49,178,Train,234
replica5_5EOK_43,5EOK,9,3.49,178,Train,234
replica1_5EOK_58,5EOK,9,3.49,178,Train,234
replica2_5EOK_58,5EOK,9,3.49,178,Train,234
replica3_5EOK_58,5EOK,9,3.49,178,Train,234
replica4_5EOK_58,5EOK,9,3.49,178,Train,234
replica5_5EOK_58,5EOK,9,3.49,178,Train,234
replica1_5EOK_72,5EOK,9,3.49,178,Train,234
replica2_5EOK_72,5EOK,9,3.49,178,Train,234
replica3_5EOK_72,5EOK,9,3.49,178,Train,234
replica4_5EOK_72,5EOK,9,3.49,178,Train,234
replica5_5EOK_72,5EOK,9,3.49,178,Train,234
replica1_5EOK_86,5EOK,9,3.49,178,Train,234
replica2_5EOK_86,5EOK,9,3.49,178,Train,234
replica3_5EOK_86,5EOK,9,3.49,178,Train,234
replica4_5EOK_86,5EOK,9,3.49,178,Train,234
replica5_5EOK_86,5EOK,9,3.49,178,Train,234
replica1_5EOK_100,5EOK,9,3.49,178,Train,234
replica2_5EOK_100,5EOK,9,3.49,178,Train,234
replica3_5EOK_100,5EOK,9,3.49,178,Train,234
replica4_5EOK_100,5EOK,9,3.49,178,Train,234
replica5_5EOK_100,5EOK,9,3.49,178,Train,234
replica1_5EPP_1,5EPP,15,4.16,179,Train,235
replica2_5EPP_1,5EPP,15,4.16,179,Train,235
replica3_5EPP_1,5EPP,15,4.16,179,Train,235
replica4_5EPP_1,5EPP,15,4.16,179,Train,235
replica5_5EPP_1,5EPP,15,4.16,179,Train,235
replica1_5EPP_15,5EPP,15,4.16,179,Train,235
replica2_5EPP_15,5EPP,15,4.16,179,Train,235
replica3_5EPP_15,5EPP,15,4.16,179,Train,235
replica4_5EPP_15,5EPP,15,4.16,179,Train,235
replica5_5EPP_15,5EPP,15,4.16,179,Train,235
replica1_5EPP_29,5EPP,15,4.16,179,Train,235
replica2_5EPP_29,5EPP,15,4.16,179,Train,235
replica3_5EPP_29,5EPP,15,4.16,179,Train,235
replica4_5EPP_29,5EPP,15,4.16,179,Train,235
replica5_5EPP_29,5EPP,15,4.16,179,Train,235
replica1_5EPP_43,5EPP,15,4.16,179,Train,235
replica2_5EPP_43,5EPP,15,4.16,179,Train,235
replica3_5EPP_43,5EPP,15,4.16,179,Train,235
replica4_5EPP_43,5EPP,15,4.16,179,Train,235
replica5_5EPP_43,5EPP,15,4.16,179,Train,235
replica1_5EPP_58,5EPP,15,4.16,179,Train,235
replica2_5EPP_58,5EPP,15,4.16,179,Train,235
replica3_5EPP_58,5EPP,15,4.16,179,Train,235
replica4_5EPP_58,5EPP,15,4.16,179,Train,235
replica5_5EPP_58,5EPP,15,4.16,179,Train,235
replica1_5EPP_72,5EPP,15,4.16,179,Train,235
replica2_5EPP_72,5EPP,15,4.16,179,Train,235
replica3_5EPP_72,5EPP,15,4.16,179,Train,235
replica4_5EPP_72,5EPP,15,4.16,179,Train,235
replica5_5EPP_72,5EPP,15,4.16,179,Train,235
replica1_5EPP_86,5EPP,15,4.16,179,Train,235
replica2_5EPP_86,5EPP,15,4.16,179,Train,235
replica3_5EPP_86,5EPP,15,4.16,179,Train,235
replica4_5EPP_86,5EPP,15,4.16,179,Train,235
replica5_5EPP_86,5EPP,15,4.16,179,Train,235
replica1_5EPP_100,5EPP,15,4.16,179,Train,235
replica2_5EPP_100,5EPP,15,4.16,179,Train,235
replica3_5EPP_100,5EPP,15,4.16,179,Train,235
replica4_5EPP_100,5EPP,15,4.16,179,Train,235
replica5_5EPP_100,5EPP,15,4.16,179,Train,235
replica1_5ETU_1,5ETU,12,3.89,130,Train,158
replica2_5ETU_1,5ETU,12,3.89,130,Train,158
replica3_5ETU_1,5ETU,12,3.89,130,Train,158
replica4_5ETU_1,5ETU,12,3.89,130,Train,158
replica5_5ETU_1,5ETU,12,3.89,130,Train,158
replica1_5EUK_1,5EUK,12,4.3,130,Train,158
replica2_5EUK_1,5EUK,12,4.3,130,Train,158
replica3_5EUK_1,5EUK,12,4.3,130,Train,158
replica4_5EUK_1,5EUK,12,4.3,130,Train,158
replica5_5EUK_1,5EUK,12,4.3,130,Train,158
replica1_5F88_1,5F88,12,4.3,130,Train,158
replica2_5F88_1,5F88,12,4.3,130,Train,158
replica3_5F88_1,5F88,12,4.3,130,Train,158
replica4_5F88_1,5F88,12,4.3,130,Train,158
replica5_5F88_1,5F88,12,4.3,130,Train,158
replica1_5FF6_1,5FF6,12,5.02,130,Train,158
replica2_5FF6_1,5FF6,12,5.02,130,Train,158
replica3_5FF6_1,5FF6,12,5.02,130,Train,158
replica4_5FF6_1,5FF6,12,5.02,130,Train,158
replica5_5FF6_1,5FF6,12,5.02,130,Train,158
replica1_5FPI_1,5FPI,8,4.14,93,Test,
replica2_5FPI_1,5FPI,8,4.14,93,Test,
replica3_5FPI_1,5FPI,8,4.14,93,Test,
replica4_5FPI_1,5FPI,8,4.14,93,Test,
replica5_5FPI_1,5FPI,8,4.14,93,Test,
replica1_5FPI_26,5FPI,8,4.14,93,Test,
replica2_5FPI_26,5FPI,8,4.14,93,Test,
replica3_5FPI_26,5FPI,8,4.14,93,Test,
replica4_5FPI_26,5FPI,8,4.14,93,Test,
replica5_5FPI_26,5FPI,8,4.14,93,Test,
replica1_5FPI_51,5FPI,8,4.14,93,Test,
replica2_5FPI_51,5FPI,8,4.14,93,Test,
replica3_5FPI_51,5FPI,8,4.14,93,Test,
replica4_5FPI_51,5FPI,8,4.14,93,Test,
replica5_5FPI_51,5FPI,8,4.14,93,Test,
replica1_5FPI_75,5FPI,8,4.14,93,Test,
replica2_5FPI_75,5FPI,8,4.14,93,Test,
replica3_5FPI_75,5FPI,8,4.14,93,Test,
replica4_5FPI_75,5FPI,8,4.14,93,Test,
replica5_5FPI_75,5FPI,8,4.14,93,Test,
replica1_5FPI_100,5FPI,8,4.14,93,Test,
replica2_5FPI_100,5FPI,8,4.14,93,Test,
replica3_5FPI_100,5FPI,8,4.14,93,Test,
replica4_5FPI_100,5FPI,8,4.14,93,Test,
replica5_5FPI_100,5FPI,8,4.14,93,Test,
replica1_5GP7_1,5GP7,10,5.15,180,Test,
replica2_5GP7_1,5GP7,10,5.15,180,Test,
replica3_5GP7_1,5GP7,10,5.15,180,Test,
replica4_5GP7_1,5GP7,10,5.15,180,Test,
replica5_5GP7_1,5GP7,10,5.15,180,Test,
replica1_5GP7_8,5GP7,10,5.15,180,Test,
replica2_5GP7_8,5GP7,10,5.15,180,Test,
replica3_5GP7_8,5GP7,10,5.15,180,Test,
replica4_5GP7_8,5GP7,10,5.15,180,Test,
replica5_5GP7_8,5GP7,10,5.15,180,Test,
replica1_5GP7_14,5GP7,10,5.15,180,Test,
replica2_5GP7_14,5GP7,10,5.15,180,Test,
replica3_5GP7_14,5GP7,10,5.15,180,Test,
replica4_5GP7_14,5GP7,10,5.15,180,Test,
replica5_5GP7_14,5GP7,10,5.15,180,Test,
replica1_5GP7_21,5GP7,10,5.15,180,Test,
replica2_5GP7_21,5GP7,10,5.15,180,Test,
replica3_5GP7_21,5GP7,10,5.15,180,Test,
replica4_5GP7_21,5GP7,10,5.15,180,Test,
replica5_5GP7_21,5GP7,10,5.15,180,Test,
replica1_5GP7_27,5GP7,10,5.15,180,Test,
replica2_5GP7_27,5GP7,10,5.15,180,Test,
replica3_5GP7_27,5GP7,10,5.15,180,Test,
replica4_5GP7_27,5GP7,10,5.15,180,Test,
replica5_5GP7_27,5GP7,10,5.15,180,Test,
replica1_5GP7_34,5GP7,10,5.15,180,Test,
replica2_5GP7_34,5GP7,10,5.15,180,Test,
replica3_5GP7_34,5GP7,10,5.15,180,Test,
replica4_5GP7_34,5GP7,10,5.15,180,Test,
replica5_5GP7_34,5GP7,10,5.15,180,Test,
replica1_5GP7_41,5GP7,10,5.15,180,Test,
replica2_5GP7_41,5GP7,10,5.15,180,Test,
replica3_5GP7_41,5GP7,10,5.15,180,Test,
replica4_5GP7_41,5GP7,10,5.15,180,Test,
replica5_5GP7_41,5GP7,10,5.15,180,Test,
replica1_5GP7_47,5GP7,10,5.15,180,Test,
replica2_5GP7_47,5GP7,10,5.15,180,Test,
replica3_5GP7_47,5GP7,10,5.15,180,Test,
replica4_5GP7_47,5GP7,10,5.15,180,Test,
replica5_5GP7_47,5GP7,10,5.15,180,Test,
replica1_5GP7_54,5GP7,10,5.15,180,Test,
replica2_5GP7_54,5GP7,10,5.15,180,Test,
replica3_5GP7_54,5GP7,10,5.15,180,Test,
replica4_5GP7_54,5GP7,10,5.15,180,Test,
replica5_5GP7_54,5GP7,10,5.15,180,Test,
replica1_5GP7_60,5GP7,10,5.15,180,Test,
replica2_5GP7_60,5GP7,10,5.15,180,Test,
replica3_5GP7_60,5GP7,10,5.15,180,Test,
replica4_5GP7_60,5GP7,10,5.15,180,Test,
replica5_5GP7_60,5GP7,10,5.15,180,Test,
replica1_5GP7_67,5GP7,10,5.15,180,Test,
replica2_5GP7_67,5GP7,10,5.15,180,Test,
replica3_5GP7_67,5GP7,10,5.15,180,Test,
replica4_5GP7_67,5GP7,10,5.15,180,Test,
replica5_5GP7_67,5GP7,10,5.15,180,Test,
replica1_5GP7_74,5GP7,10,5.15,180,Test,
replica2_5GP7_74,5GP7,10,5.15,180,Test,
replica3_5GP7_74,5GP7,10,5.15,180,Test,
replica4_5GP7_74,5GP7,10,5.15,180,Test,
replica5_5GP7_74,5GP7,10,5.15,180,Test,
replica1_5GP7_80,5GP7,10,5.15,180,Test,
replica2_5GP7_80,5GP7,10,5.15,180,Test,
replica3_5GP7_80,5GP7,10,5.15,180,Test,
replica4_5GP7_80,5GP7,10,5.15,180,Test,
replica5_5GP7_80,5GP7,10,5.15,180,Test,
replica1_5GP7_87,5GP7,10,5.15,180,Test,
replica2_5GP7_87,5GP7,10,5.15,180,Test,
replica3_5GP7_87,5GP7,10,5.15,180,Test,
replica4_5GP7_87,5GP7,10,5.15,180,Test,
replica5_5GP7_87,5GP7,10,5.15,180,Test,
replica1_5GP7_93,5GP7,10,5.15,180,Test,
replica2_5GP7_93,5GP7,10,5.15,180,Test,
replica3_5GP7_93,5GP7,10,5.15,180,Test,
replica4_5GP7_93,5GP7,10,5.15,180,Test,
replica5_5GP7_93,5GP7,10,5.15,180,Test,
replica1_5GP7_100,5GP7,10,5.15,180,Test,
replica2_5GP7_100,5GP7,10,5.15,180,Test,
replica3_5GP7_100,5GP7,10,5.15,180,Test,
replica4_5GP7_100,5GP7,10,5.15,180,Test,
replica5_5GP7_100,5GP7,10,5.15,180,Test,
replica1_5H1E_1,5H1E,13,7.54,14,Train,236
replica2_5H1E_1,5H1E,13,7.54,14,Train,236
replica3_5H1E_1,5H1E,13,7.54,14,Train,236
replica4_5H1E_1,5H1E,13,7.54,14,Train,236
replica5_5H1E_1,5H1E,13,7.54,14,Train,236
replica1_5H1E_8,5H1E,13,7.54,14,Train,236
replica2_5H1E_8,5H1E,13,7.54,14,Train,236
replica3_5H1E_8,5H1E,13,7.54,14,Train,236
replica4_5H1E_8,5H1E,13,7.54,14,Train,236
replica5_5H1E_8,5H1E,13,7.54,14,Train,236
replica1_5H1E_14,5H1E,13,7.54,14,Train,236
replica2_5H1E_14,5H1E,13,7.54,14,Train,236
replica3_5H1E_14,5H1E,13,7.54,14,Train,236
replica4_5H1E_14,5H1E,13,7.54,14,Train,236
replica5_5H1E_14,5H1E,13,7.54,14,Train,236
replica1_5H1E_21,5H1E,13,7.54,14,Train,236
replica2_5H1E_21,5H1E,13,7.54,14,Train,236
replica3_5H1E_21,5H1E,13,7.54,14,Train,236
replica4_5H1E_21,5H1E,13,7.54,14,Train,236
replica5_5H1E_21,5H1E,13,7.54,14,Train,236
replica1_5H1E_27,5H1E,13,7.54,14,Train,236
replica2_5H1E_27,5H1E,13,7.54,14,Train,236
replica3_5H1E_27,5H1E,13,7.54,14,Train,236
replica4_5H1E_27,5H1E,13,7.54,14,Train,236
replica5_5H1E_27,5H1E,13,7.54,14,Train,236
replica1_5H1E_34,5H1E,13,7.54,14,Train,236
replica2_5H1E_34,5H1E,13,7.54,14,Train,236
replica3_5H1E_34,5H1E,13,7.54,14,Train,236
replica4_5H1E_34,5H1E,13,7.54,14,Train,236
replica5_5H1E_34,5H1E,13,7.54,14,Train,236
replica1_5H1E_41,5H1E,13,7.54,14,Train,236
replica2_5H1E_41,5H1E,13,7.54,14,Train,236
replica3_5H1E_41,5H1E,13,7.54,14,Train,236
replica4_5H1E_41,5H1E,13,7.54,14,Train,236
replica5_5H1E_41,5H1E,13,7.54,14,Train,236
replica1_5H1E_47,5H1E,13,7.54,14,Train,236
replica2_5H1E_47,5H1E,13,7.54,14,Train,236
replica3_5H1E_47,5H1E,13,7.54,14,Train,236
replica4_5H1E_47,5H1E,13,7.54,14,Train,236
replica5_5H1E_47,5H1E,13,7.54,14,Train,236
replica1_5H1E_54,5H1E,13,7.54,14,Train,236
replica2_5H1E_54,5H1E,13,7.54,14,Train,236
replica3_5H1E_54,5H1E,13,7.54,14,Train,236
replica4_5H1E_54,5H1E,13,7.54,14,Train,236
replica5_5H1E_54,5H1E,13,7.54,14,Train,236
replica1_5H1E_60,5H1E,13,7.54,14,Train,236
replica2_5H1E_60,5H1E,13,7.54,14,Train,236
replica3_5H1E_60,5H1E,13,7.54,14,Train,236
replica4_5H1E_60,5H1E,13,7.54,14,Train,236
replica5_5H1E_60,5H1E,13,7.54,14,Train,236
replica1_5H1E_67,5H1E,13,7.54,14,Train,236
replica2_5H1E_67,5H1E,13,7.54,14,Train,236
replica3_5H1E_67,5H1E,13,7.54,14,Train,236
replica4_5H1E_67,5H1E,13,7.54,14,Train,236
replica5_5H1E_67,5H1E,13,7.54,14,Train,236
replica1_5H1E_74,5H1E,13,7.54,14,Train,236
replica2_5H1E_74,5H1E,13,7.54,14,Train,236
replica3_5H1E_74,5H1E,13,7.54,14,Train,236
replica4_5H1E_74,5H1E,13,7.54,14,Train,236
replica5_5H1E_74,5H1E,13,7.54,14,Train,236
replica1_5H1E_80,5H1E,13,7.54,14,Train,236
replica2_5H1E_80,5H1E,13,7.54,14,Train,236
replica3_5H1E_80,5H1E,13,7.54,14,Train,236
replica4_5H1E_80,5H1E,13,7.54,14,Train,236
replica5_5H1E_80,5H1E,13,7.54,14,Train,236
replica1_5H1E_87,5H1E,13,7.54,14,Train,236
replica2_5H1E_87,5H1E,13,7.54,14,Train,236
replica3_5H1E_87,5H1E,13,7.54,14,Train,236
replica4_5H1E_87,5H1E,13,7.54,14,Train,236
replica5_5H1E_87,5H1E,13,7.54,14,Train,236
replica1_5H1E_93,5H1E,13,7.54,14,Train,236
replica2_5H1E_93,5H1E,13,7.54,14,Train,236
replica3_5H1E_93,5H1E,13,7.54,14,Train,236
replica4_5H1E_93,5H1E,13,7.54,14,Train,236
replica5_5H1E_93,5H1E,13,7.54,14,Train,236
replica1_5H1E_100,5H1E,13,7.54,14,Train,236
replica2_5H1E_100,5H1E,13,7.54,14,Train,236
replica3_5H1E_100,5H1E,13,7.54,14,Train,236
replica4_5H1E_100,5H1E,13,7.54,14,Train,236
replica5_5H1E_100,5H1E,13,7.54,14,Train,236
replica1_5H5S_1,5H5S,14,5.09,181,Train,237
replica2_5H5S_1,5H5S,14,5.09,181,Train,237
replica3_5H5S_1,5H5S,14,5.09,181,Train,237
replica4_5H5S_1,5H5S,14,5.09,181,Train,237
replica5_5H5S_1,5H5S,14,5.09,181,Train,237
replica1_5H5S_8,5H5S,14,5.09,181,Train,237
replica2_5H5S_8,5H5S,14,5.09,181,Train,237
replica3_5H5S_8,5H5S,14,5.09,181,Train,237
replica4_5H5S_8,5H5S,14,5.09,181,Train,237
replica5_5H5S_8,5H5S,14,5.09,181,Train,237
replica1_5H5S_14,5H5S,14,5.09,181,Train,237
replica2_5H5S_14,5H5S,14,5.09,181,Train,237
replica3_5H5S_14,5H5S,14,5.09,181,Train,237
replica4_5H5S_14,5H5S,14,5.09,181,Train,237
replica5_5H5S_14,5H5S,14,5.09,181,Train,237
replica1_5H5S_21,5H5S,14,5.09,181,Train,237
replica2_5H5S_21,5H5S,14,5.09,181,Train,237
replica3_5H5S_21,5H5S,14,5.09,181,Train,237
replica4_5H5S_21,5H5S,14,5.09,181,Train,237
replica5_5H5S_21,5H5S,14,5.09,181,Train,237
replica1_5H5S_27,5H5S,14,5.09,181,Train,237
replica2_5H5S_27,5H5S,14,5.09,181,Train,237
replica3_5H5S_27,5H5S,14,5.09,181,Train,237
replica4_5H5S_27,5H5S,14,5.09,181,Train,237
replica5_5H5S_27,5H5S,14,5.09,181,Train,237
replica1_5H5S_34,5H5S,14,5.09,181,Train,237
replica2_5H5S_34,5H5S,14,5.09,181,Train,237
replica3_5H5S_34,5H5S,14,5.09,181,Train,237
replica4_5H5S_34,5H5S,14,5.09,181,Train,237
replica5_5H5S_34,5H5S,14,5.09,181,Train,237
replica1_5H5S_41,5H5S,14,5.09,181,Train,237
replica2_5H5S_41,5H5S,14,5.09,181,Train,237
replica3_5H5S_41,5H5S,14,5.09,181,Train,237
replica4_5H5S_41,5H5S,14,5.09,181,Train,237
replica5_5H5S_41,5H5S,14,5.09,181,Train,237
replica1_5H5S_47,5H5S,14,5.09,181,Train,237
replica2_5H5S_47,5H5S,14,5.09,181,Train,237
replica3_5H5S_47,5H5S,14,5.09,181,Train,237
replica4_5H5S_47,5H5S,14,5.09,181,Train,237
replica5_5H5S_47,5H5S,14,5.09,181,Train,237
replica1_5H5S_54,5H5S,14,5.09,181,Train,237
replica2_5H5S_54,5H5S,14,5.09,181,Train,237
replica3_5H5S_54,5H5S,14,5.09,181,Train,237
replica4_5H5S_54,5H5S,14,5.09,181,Train,237
replica5_5H5S_54,5H5S,14,5.09,181,Train,237
replica1_5H5S_60,5H5S,14,5.09,181,Train,237
replica2_5H5S_60,5H5S,14,5.09,181,Train,237
replica3_5H5S_60,5H5S,14,5.09,181,Train,237
replica4_5H5S_60,5H5S,14,5.09,181,Train,237
replica5_5H5S_60,5H5S,14,5.09,181,Train,237
replica1_5H5S_67,5H5S,14,5.09,181,Train,237
replica2_5H5S_67,5H5S,14,5.09,181,Train,237
replica3_5H5S_67,5H5S,14,5.09,181,Train,237
replica4_5H5S_67,5H5S,14,5.09,181,Train,237
replica5_5H5S_67,5H5S,14,5.09,181,Train,237
replica1_5H5S_74,5H5S,14,5.09,181,Train,237
replica2_5H5S_74,5H5S,14,5.09,181,Train,237
replica3_5H5S_74,5H5S,14,5.09,181,Train,237
replica4_5H5S_74,5H5S,14,5.09,181,Train,237
replica5_5H5S_74,5H5S,14,5.09,181,Train,237
replica1_5H5S_80,5H5S,14,5.09,181,Train,237
replica2_5H5S_80,5H5S,14,5.09,181,Train,237
replica3_5H5S_80,5H5S,14,5.09,181,Train,237
replica4_5H5S_80,5H5S,14,5.09,181,Train,237
replica5_5H5S_80,5H5S,14,5.09,181,Train,237
replica1_5H5S_87,5H5S,14,5.09,181,Train,237
replica2_5H5S_87,5H5S,14,5.09,181,Train,237
replica3_5H5S_87,5H5S,14,5.09,181,Train,237
replica4_5H5S_87,5H5S,14,5.09,181,Train,237
replica5_5H5S_87,5H5S,14,5.09,181,Train,237
replica1_5H5S_93,5H5S,14,5.09,181,Train,237
replica2_5H5S_93,5H5S,14,5.09,181,Train,237
replica3_5H5S_93,5H5S,14,5.09,181,Train,237
replica4_5H5S_93,5H5S,14,5.09,181,Train,237
replica5_5H5S_93,5H5S,14,5.09,181,Train,237
replica1_5H5S_100,5H5S,14,5.09,181,Train,237
replica2_5H5S_100,5H5S,14,5.09,181,Train,237
replica3_5H5S_100,5H5S,14,5.09,181,Train,237
replica4_5H5S_100,5H5S,14,5.09,181,Train,237
replica5_5H5S_100,5H5S,14,5.09,181,Train,237
replica1_5H7G_1,5H7G,13,9.24,182,Train,238
replica2_5H7G_1,5H7G,13,9.24,182,Train,238
replica3_5H7G_1,5H7G,13,9.24,182,Train,238
replica4_5H7G_1,5H7G,13,9.24,182,Train,238
replica5_5H7G_1,5H7G,13,9.24,182,Train,238
replica1_5H7G_8,5H7G,13,9.24,182,Train,238
replica2_5H7G_8,5H7G,13,9.24,182,Train,238
replica3_5H7G_8,5H7G,13,9.24,182,Train,238
replica4_5H7G_8,5H7G,13,9.24,182,Train,238
replica5_5H7G_8,5H7G,13,9.24,182,Train,238
replica1_5H7G_14,5H7G,13,9.24,182,Train,238
replica2_5H7G_14,5H7G,13,9.24,182,Train,238
replica3_5H7G_14,5H7G,13,9.24,182,Train,238
replica4_5H7G_14,5H7G,13,9.24,182,Train,238
replica5_5H7G_14,5H7G,13,9.24,182,Train,238
replica1_5H7G_21,5H7G,13,9.24,182,Train,238
replica2_5H7G_21,5H7G,13,9.24,182,Train,238
replica3_5H7G_21,5H7G,13,9.24,182,Train,238
replica4_5H7G_21,5H7G,13,9.24,182,Train,238
replica5_5H7G_21,5H7G,13,9.24,182,Train,238
replica1_5H7G_27,5H7G,13,9.24,182,Train,238
replica2_5H7G_27,5H7G,13,9.24,182,Train,238
replica3_5H7G_27,5H7G,13,9.24,182,Train,238
replica4_5H7G_27,5H7G,13,9.24,182,Train,238
replica5_5H7G_27,5H7G,13,9.24,182,Train,238
replica1_5H7G_34,5H7G,13,9.24,182,Train,238
replica2_5H7G_34,5H7G,13,9.24,182,Train,238
replica3_5H7G_34,5H7G,13,9.24,182,Train,238
replica4_5H7G_34,5H7G,13,9.24,182,Train,238
replica5_5H7G_34,5H7G,13,9.24,182,Train,238
replica1_5H7G_41,5H7G,13,9.24,182,Train,238
replica2_5H7G_41,5H7G,13,9.24,182,Train,238
replica3_5H7G_41,5H7G,13,9.24,182,Train,238
replica4_5H7G_41,5H7G,13,9.24,182,Train,238
replica5_5H7G_41,5H7G,13,9.24,182,Train,238
replica1_5H7G_47,5H7G,13,9.24,182,Train,238
replica2_5H7G_47,5H7G,13,9.24,182,Train,238
replica3_5H7G_47,5H7G,13,9.24,182,Train,238
replica4_5H7G_47,5H7G,13,9.24,182,Train,238
replica5_5H7G_47,5H7G,13,9.24,182,Train,238
replica1_5H7G_54,5H7G,13,9.24,182,Train,238
replica2_5H7G_54,5H7G,13,9.24,182,Train,238
replica3_5H7G_54,5H7G,13,9.24,182,Train,238
replica4_5H7G_54,5H7G,13,9.24,182,Train,238
replica5_5H7G_54,5H7G,13,9.24,182,Train,238
replica1_5H7G_60,5H7G,13,9.24,182,Train,238
replica2_5H7G_60,5H7G,13,9.24,182,Train,238
replica3_5H7G_60,5H7G,13,9.24,182,Train,238
replica4_5H7G_60,5H7G,13,9.24,182,Train,238
replica5_5H7G_60,5H7G,13,9.24,182,Train,238
replica1_5H7G_67,5H7G,13,9.24,182,Train,238
replica2_5H7G_67,5H7G,13,9.24,182,Train,238
replica3_5H7G_67,5H7G,13,9.24,182,Train,238
replica4_5H7G_67,5H7G,13,9.24,182,Train,238
replica5_5H7G_67,5H7G,13,9.24,182,Train,238
replica1_5H7G_74,5H7G,13,9.24,182,Train,238
replica2_5H7G_74,5H7G,13,9.24,182,Train,238
replica3_5H7G_74,5H7G,13,9.24,182,Train,238
replica4_5H7G_74,5H7G,13,9.24,182,Train,238
replica5_5H7G_74,5H7G,13,9.24,182,Train,238
replica1_5H7G_80,5H7G,13,9.24,182,Train,238
replica2_5H7G_80,5H7G,13,9.24,182,Train,238
replica3_5H7G_80,5H7G,13,9.24,182,Train,238
replica4_5H7G_80,5H7G,13,9.24,182,Train,238
replica5_5H7G_80,5H7G,13,9.24,182,Train,238
replica1_5H7G_87,5H7G,13,9.24,182,Train,238
replica2_5H7G_87,5H7G,13,9.24,182,Train,238
replica3_5H7G_87,5H7G,13,9.24,182,Train,238
replica4_5H7G_87,5H7G,13,9.24,182,Train,238
replica5_5H7G_87,5H7G,13,9.24,182,Train,238
replica1_5H7G_93,5H7G,13,9.24,182,Train,238
replica2_5H7G_93,5H7G,13,9.24,182,Train,238
replica3_5H7G_93,5H7G,13,9.24,182,Train,238
replica4_5H7G_93,5H7G,13,9.24,182,Train,238
replica5_5H7G_93,5H7G,13,9.24,182,Train,238
replica1_5H7G_100,5H7G,13,9.24,182,Train,238
replica2_5H7G_100,5H7G,13,9.24,182,Train,238
replica3_5H7G_100,5H7G,13,9.24,182,Train,238
replica4_5H7G_100,5H7G,13,9.24,182,Train,238
replica5_5H7G_100,5H7G,13,9.24,182,Train,238
replica1_5HDA_1,5HDA,9,5.13,183,Train,239
replica2_5HDA_1,5HDA,9,5.13,183,Train,239
replica3_5HDA_1,5HDA,9,5.13,183,Train,239
replica4_5HDA_1,5HDA,9,5.13,183,Train,239
replica5_5HDA_1,5HDA,9,5.13,183,Train,239
replica1_5HDA_8,5HDA,9,5.13,183,Train,239
replica2_5HDA_8,5HDA,9,5.13,183,Train,239
replica3_5HDA_8,5HDA,9,5.13,183,Train,239
replica4_5HDA_8,5HDA,9,5.13,183,Train,239
replica5_5HDA_8,5HDA,9,5.13,183,Train,239
replica1_5HDA_14,5HDA,9,5.13,183,Train,239
replica2_5HDA_14,5HDA,9,5.13,183,Train,239
replica3_5HDA_14,5HDA,9,5.13,183,Train,239
replica4_5HDA_14,5HDA,9,5.13,183,Train,239
replica5_5HDA_14,5HDA,9,5.13,183,Train,239
replica1_5HDA_21,5HDA,9,5.13,183,Train,239
replica2_5HDA_21,5HDA,9,5.13,183,Train,239
replica3_5HDA_21,5HDA,9,5.13,183,Train,239
replica4_5HDA_21,5HDA,9,5.13,183,Train,239
replica5_5HDA_21,5HDA,9,5.13,183,Train,239
replica1_5HDA_27,5HDA,9,5.13,183,Train,239
replica2_5HDA_27,5HDA,9,5.13,183,Train,239
replica3_5HDA_27,5HDA,9,5.13,183,Train,239
replica4_5HDA_27,5HDA,9,5.13,183,Train,239
replica5_5HDA_27,5HDA,9,5.13,183,Train,239
replica1_5HDA_34,5HDA,9,5.13,183,Train,239
replica2_5HDA_34,5HDA,9,5.13,183,Train,239
replica3_5HDA_34,5HDA,9,5.13,183,Train,239
replica4_5HDA_34,5HDA,9,5.13,183,Train,239
replica5_5HDA_34,5HDA,9,5.13,183,Train,239
replica1_5HDA_41,5HDA,9,5.13,183,Train,239
replica2_5HDA_41,5HDA,9,5.13,183,Train,239
replica3_5HDA_41,5HDA,9,5.13,183,Train,239
replica4_5HDA_41,5HDA,9,5.13,183,Train,239
replica5_5HDA_41,5HDA,9,5.13,183,Train,239
replica1_5HDA_47,5HDA,9,5.13,183,Train,239
replica2_5HDA_47,5HDA,9,5.13,183,Train,239
replica3_5HDA_47,5HDA,9,5.13,183,Train,239
replica4_5HDA_47,5HDA,9,5.13,183,Train,239
replica1_5HDA_54,5HDA,9,5.13,183,Train,239
replica2_5HDA_54,5HDA,9,5.13,183,Train,239
replica3_5HDA_54,5HDA,9,5.13,183,Train,239
replica4_5HDA_54,5HDA,9,5.13,183,Train,239
replica5_5HDA_54,5HDA,9,5.13,183,Train,239
replica1_5HDA_60,5HDA,9,5.13,183,Train,239
replica2_5HDA_60,5HDA,9,5.13,183,Train,239
replica3_5HDA_60,5HDA,9,5.13,183,Train,239
replica4_5HDA_60,5HDA,9,5.13,183,Train,239
replica5_5HDA_60,5HDA,9,5.13,183,Train,239
replica1_5HDA_67,5HDA,9,5.13,183,Train,239
replica2_5HDA_67,5HDA,9,5.13,183,Train,239
replica3_5HDA_67,5HDA,9,5.13,183,Train,239
replica4_5HDA_67,5HDA,9,5.13,183,Train,239
replica5_5HDA_67,5HDA,9,5.13,183,Train,239
replica1_5HDA_74,5HDA,9,5.13,183,Train,239
replica2_5HDA_74,5HDA,9,5.13,183,Train,239
replica3_5HDA_74,5HDA,9,5.13,183,Train,239
replica4_5HDA_74,5HDA,9,5.13,183,Train,239
replica5_5HDA_74,5HDA,9,5.13,183,Train,239
replica1_5HDA_80,5HDA,9,5.13,183,Train,239
replica2_5HDA_80,5HDA,9,5.13,183,Train,239
replica3_5HDA_80,5HDA,9,5.13,183,Train,239
replica4_5HDA_80,5HDA,9,5.13,183,Train,239
replica1_5HDA_87,5HDA,9,5.13,183,Train,239
replica2_5HDA_87,5HDA,9,5.13,183,Train,239
replica3_5HDA_87,5HDA,9,5.13,183,Train,239
replica4_5HDA_87,5HDA,9,5.13,183,Train,239
replica1_5HDA_93,5HDA,9,5.13,183,Train,239
replica2_5HDA_93,5HDA,9,5.13,183,Train,239
replica3_5HDA_93,5HDA,9,5.13,183,Train,239
replica4_5HDA_93,5HDA,9,5.13,183,Train,239
replica1_5HDA_100,5HDA,9,5.13,183,Train,239
replica2_5HDA_100,5HDA,9,5.13,183,Train,239
replica3_5HDA_100,5HDA,9,5.13,183,Train,239
replica4_5HDA_100,5HDA,9,5.13,183,Train,239
replica1_5HED_1,5HED,9,4.44,25,Train,240
replica2_5HED_1,5HED,9,4.44,25,Train,240
replica3_5HED_1,5HED,9,4.44,25,Train,240
replica4_5HED_1,5HED,9,4.44,25,Train,240
replica5_5HED_1,5HED,9,4.44,25,Train,240
replica1_5HED_51,5HED,9,4.44,25,Train,240
replica2_5HED_51,5HED,9,4.44,25,Train,240
replica3_5HED_51,5HED,9,4.44,25,Train,240
replica4_5HED_51,5HED,9,4.44,25,Train,240
replica5_5HED_51,5HED,9,4.44,25,Train,240
replica1_5HED_100,5HED,9,4.44,25,Train,240
replica2_5HED_100,5HED,9,4.44,25,Train,240
replica3_5HED_100,5HED,9,4.44,25,Train,240
replica4_5HED_100,5HED,9,4.44,25,Train,240
replica5_5HED_100,5HED,9,4.44,25,Train,240
replica1_5HEY_1,5HEY,9,5.66,25,Train,241
replica2_5HEY_1,5HEY,9,5.66,25,Train,241
replica3_5HEY_1,5HEY,9,5.66,25,Train,241
replica4_5HEY_1,5HEY,9,5.66,25,Train,241
replica5_5HEY_1,5HEY,9,5.66,25,Train,241
replica1_5HEY_51,5HEY,9,5.66,25,Train,241
replica2_5HEY_51,5HEY,9,5.66,25,Train,241
replica3_5HEY_51,5HEY,9,5.66,25,Train,241
replica4_5HEY_51,5HEY,9,5.66,25,Train,241
replica5_5HEY_51,5HEY,9,5.66,25,Train,241
replica1_5HEY_100,5HEY,9,5.66,25,Train,241
replica2_5HEY_100,5HEY,9,5.66,25,Train,241
replica3_5HEY_100,5HEY,9,5.66,25,Train,241
replica4_5HEY_100,5HEY,9,5.66,25,Train,241
replica5_5HEY_100,5HEY,9,5.66,25,Train,241
replica1_5HF1_1,5HF1,9,5.74,25,Train,241
replica2_5HF1_1,5HF1,9,5.74,25,Train,241
replica3_5HF1_1,5HF1,9,5.74,25,Train,241
replica4_5HF1_1,5HF1,9,5.74,25,Train,241
replica5_5HF1_1,5HF1,9,5.74,25,Train,241
replica1_5HF1_51,5HF1,9,5.74,25,Train,241
replica2_5HF1_51,5HF1,9,5.74,25,Train,241
replica3_5HF1_51,5HF1,9,5.74,25,Train,241
replica4_5HF1_51,5HF1,9,5.74,25,Train,241
replica5_5HF1_51,5HF1,9,5.74,25,Train,241
replica1_5HF1_100,5HF1,9,5.74,25,Train,241
replica2_5HF1_100,5HF1,9,5.74,25,Train,241
replica3_5HF1_100,5HF1,9,5.74,25,Train,241
replica4_5HF1_100,5HF1,9,5.74,25,Train,241
replica5_5HF1_100,5HF1,9,5.74,25,Train,241
replica1_5HFC_1,5HFC,9,5.72,25,Train,241
replica2_5HFC_1,5HFC,9,5.72,25,Train,241
replica3_5HFC_1,5HFC,9,5.72,25,Train,241
replica4_5HFC_1,5HFC,9,5.72,25,Train,241
replica5_5HFC_1,5HFC,9,5.72,25,Train,241
replica1_5HFC_51,5HFC,9,5.72,25,Train,241
replica2_5HFC_51,5HFC,9,5.72,25,Train,241
replica3_5HFC_51,5HFC,9,5.72,25,Train,241
replica4_5HFC_51,5HFC,9,5.72,25,Train,241
replica5_5HFC_51,5HFC,9,5.72,25,Train,241
replica1_5HFC_100,5HFC,9,5.72,25,Train,241
replica2_5HFC_100,5HFC,9,5.72,25,Train,241
replica3_5HFC_100,5HFC,9,5.72,25,Train,241
replica4_5HFC_100,5HFC,9,5.72,25,Train,241
replica5_5HFC_100,5HFC,9,5.72,25,Train,241
replica1_5HFF_1,5HFF,9,6.3,25,Train,242
replica2_5HFF_1,5HFF,9,6.3,25,Train,242
replica3_5HFF_1,5HFF,9,6.3,25,Train,242
replica4_5HFF_1,5HFF,9,6.3,25,Train,242
replica5_5HFF_1,5HFF,9,6.3,25,Train,242
replica1_5HFF_51,5HFF,9,6.3,25,Train,242
replica2_5HFF_51,5HFF,9,6.3,25,Train,242
replica3_5HFF_51,5HFF,9,6.3,25,Train,242
replica4_5HFF_51,5HFF,9,6.3,25,Train,242
replica5_5HFF_51,5HFF,9,6.3,25,Train,242
replica1_5HFF_100,5HFF,9,6.3,25,Train,242
replica2_5HFF_100,5HFF,9,6.3,25,Train,242
replica3_5HFF_100,5HFF,9,6.3,25,Train,242
replica4_5HFF_100,5HFF,9,6.3,25,Train,242
replica5_5HFF_100,5HFF,9,6.3,25,Train,242
replica1_5HKH_1,5HKH,9,5.09,184,Train,243
replica2_5HKH_1,5HKH,9,5.09,184,Train,243
replica3_5HKH_1,5HKH,9,5.09,184,Train,243
replica4_5HKH_1,5HKH,9,5.09,184,Train,243
replica5_5HKH_1,5HKH,9,5.09,184,Train,243
replica1_5HKH_8,5HKH,9,5.09,184,Train,243
replica2_5HKH_8,5HKH,9,5.09,184,Train,243
replica3_5HKH_8,5HKH,9,5.09,184,Train,243
replica4_5HKH_8,5HKH,9,5.09,184,Train,243
replica5_5HKH_8,5HKH,9,5.09,184,Train,243
replica1_5HKH_14,5HKH,9,5.09,184,Train,243
replica2_5HKH_14,5HKH,9,5.09,184,Train,243
replica3_5HKH_14,5HKH,9,5.09,184,Train,243
replica4_5HKH_14,5HKH,9,5.09,184,Train,243
replica5_5HKH_14,5HKH,9,5.09,184,Train,243
replica1_5HKH_21,5HKH,9,5.09,184,Train,243
replica2_5HKH_21,5HKH,9,5.09,184,Train,243
replica3_5HKH_21,5HKH,9,5.09,184,Train,243
replica4_5HKH_21,5HKH,9,5.09,184,Train,243
replica5_5HKH_21,5HKH,9,5.09,184,Train,243
replica1_5HKH_27,5HKH,9,5.09,184,Train,243
replica2_5HKH_27,5HKH,9,5.09,184,Train,243
replica3_5HKH_27,5HKH,9,5.09,184,Train,243
replica4_5HKH_27,5HKH,9,5.09,184,Train,243
replica5_5HKH_27,5HKH,9,5.09,184,Train,243
replica1_5HKH_34,5HKH,9,5.09,184,Train,243
replica2_5HKH_34,5HKH,9,5.09,184,Train,243
replica3_5HKH_34,5HKH,9,5.09,184,Train,243
replica4_5HKH_34,5HKH,9,5.09,184,Train,243
replica5_5HKH_34,5HKH,9,5.09,184,Train,243
replica1_5HKH_41,5HKH,9,5.09,184,Train,243
replica2_5HKH_41,5HKH,9,5.09,184,Train,243
replica3_5HKH_41,5HKH,9,5.09,184,Train,243
replica4_5HKH_41,5HKH,9,5.09,184,Train,243
replica5_5HKH_41,5HKH,9,5.09,184,Train,243
replica1_5HKH_47,5HKH,9,5.09,184,Train,243
replica2_5HKH_47,5HKH,9,5.09,184,Train,243
replica3_5HKH_47,5HKH,9,5.09,184,Train,243
replica4_5HKH_47,5HKH,9,5.09,184,Train,243
replica5_5HKH_47,5HKH,9,5.09,184,Train,243
replica1_5HKH_54,5HKH,9,5.09,184,Train,243
replica2_5HKH_54,5HKH,9,5.09,184,Train,243
replica3_5HKH_54,5HKH,9,5.09,184,Train,243
replica4_5HKH_54,5HKH,9,5.09,184,Train,243
replica5_5HKH_54,5HKH,9,5.09,184,Train,243
replica1_5HKH_60,5HKH,9,5.09,184,Train,243
replica2_5HKH_60,5HKH,9,5.09,184,Train,243
replica3_5HKH_60,5HKH,9,5.09,184,Train,243
replica4_5HKH_60,5HKH,9,5.09,184,Train,243
replica5_5HKH_60,5HKH,9,5.09,184,Train,243
replica1_5HKH_67,5HKH,9,5.09,184,Train,243
replica2_5HKH_67,5HKH,9,5.09,184,Train,243
replica3_5HKH_67,5HKH,9,5.09,184,Train,243
replica4_5HKH_67,5HKH,9,5.09,184,Train,243
replica5_5HKH_67,5HKH,9,5.09,184,Train,243
replica1_5HKH_74,5HKH,9,5.09,184,Train,243
replica2_5HKH_74,5HKH,9,5.09,184,Train,243
replica3_5HKH_74,5HKH,9,5.09,184,Train,243
replica4_5HKH_74,5HKH,9,5.09,184,Train,243
replica5_5HKH_74,5HKH,9,5.09,184,Train,243
replica1_5HKH_80,5HKH,9,5.09,184,Train,243
replica2_5HKH_80,5HKH,9,5.09,184,Train,243
replica3_5HKH_80,5HKH,9,5.09,184,Train,243
replica4_5HKH_80,5HKH,9,5.09,184,Train,243
replica5_5HKH_80,5HKH,9,5.09,184,Train,243
replica1_5HKH_87,5HKH,9,5.09,184,Train,243
replica2_5HKH_87,5HKH,9,5.09,184,Train,243
replica3_5HKH_87,5HKH,9,5.09,184,Train,243
replica4_5HKH_87,5HKH,9,5.09,184,Train,243
replica5_5HKH_87,5HKH,9,5.09,184,Train,243
replica1_5HKH_93,5HKH,9,5.09,184,Train,243
replica2_5HKH_93,5HKH,9,5.09,184,Train,243
replica3_5HKH_93,5HKH,9,5.09,184,Train,243
replica4_5HKH_93,5HKH,9,5.09,184,Train,243
replica5_5HKH_93,5HKH,9,5.09,184,Train,243
replica1_5HKH_100,5HKH,9,5.09,184,Train,243
replica2_5HKH_100,5HKH,9,5.09,184,Train,243
replica3_5HKH_100,5HKH,9,5.09,184,Train,243
replica4_5HKH_100,5HKH,9,5.09,184,Train,243
replica5_5HKH_100,5HKH,9,5.09,184,Train,243
replica1_5HUW_1,5HUW,12,6.23,108,Train,244
replica2_5HUW_1,5HUW,12,6.23,108,Train,244
replica3_5HUW_1,5HUW,12,6.23,108,Train,244
replica4_5HUW_1,5HUW,12,6.23,108,Train,244
replica5_5HUW_1,5HUW,12,6.23,108,Train,244
replica1_5HUW_26,5HUW,12,6.23,108,Train,244
replica2_5HUW_26,5HUW,12,6.23,108,Train,244
replica3_5HUW_26,5HUW,12,6.23,108,Train,244
replica4_5HUW_26,5HUW,12,6.23,108,Train,244
replica5_5HUW_26,5HUW,12,6.23,108,Train,244
replica1_5HUW_51,5HUW,12,6.23,108,Train,244
replica2_5HUW_51,5HUW,12,6.23,108,Train,244
replica3_5HUW_51,5HUW,12,6.23,108,Train,244
replica4_5HUW_51,5HUW,12,6.23,108,Train,244
replica5_5HUW_51,5HUW,12,6.23,108,Train,244
replica1_5HUW_75,5HUW,12,6.23,108,Train,244
replica2_5HUW_75,5HUW,12,6.23,108,Train,244
replica3_5HUW_75,5HUW,12,6.23,108,Train,244
replica4_5HUW_75,5HUW,12,6.23,108,Train,244
replica5_5HUW_75,5HUW,12,6.23,108,Train,244
replica1_5HUW_100,5HUW,12,6.23,108,Train,244
replica2_5HUW_100,5HUW,12,6.23,108,Train,244
replica3_5HUW_100,5HUW,12,6.23,108,Train,244
replica4_5HUW_100,5HUW,12,6.23,108,Train,244
replica5_5HUW_100,5HUW,12,6.23,108,Train,244
replica1_5I25_1,5I25,8,3.49,178,Train,245
replica2_5I25_1,5I25,8,3.49,178,Train,245
replica3_5I25_1,5I25,8,3.49,178,Train,245
replica4_5I25_1,5I25,8,3.49,178,Train,245
replica5_5I25_1,5I25,8,3.49,178,Train,245
replica1_5I25_15,5I25,8,3.49,178,Train,245
replica2_5I25_15,5I25,8,3.49,178,Train,245
replica3_5I25_15,5I25,8,3.49,178,Train,245
replica4_5I25_15,5I25,8,3.49,178,Train,245
replica5_5I25_15,5I25,8,3.49,178,Train,245
replica1_5I25_29,5I25,8,3.49,178,Train,245
replica2_5I25_29,5I25,8,3.49,178,Train,245
replica3_5I25_29,5I25,8,3.49,178,Train,245
replica4_5I25_29,5I25,8,3.49,178,Train,245
replica5_5I25_29,5I25,8,3.49,178,Train,245
replica1_5I25_43,5I25,8,3.49,178,Train,245
replica2_5I25_43,5I25,8,3.49,178,Train,245
replica3_5I25_43,5I25,8,3.49,178,Train,245
replica4_5I25_43,5I25,8,3.49,178,Train,245
replica5_5I25_43,5I25,8,3.49,178,Train,245
replica1_5I25_58,5I25,8,3.49,178,Train,245
replica2_5I25_58,5I25,8,3.49,178,Train,245
replica3_5I25_58,5I25,8,3.49,178,Train,245
replica4_5I25_58,5I25,8,3.49,178,Train,245
replica5_5I25_58,5I25,8,3.49,178,Train,245
replica1_5I25_72,5I25,8,3.49,178,Train,245
replica2_5I25_72,5I25,8,3.49,178,Train,245
replica3_5I25_72,5I25,8,3.49,178,Train,245
replica4_5I25_72,5I25,8,3.49,178,Train,245
replica5_5I25_72,5I25,8,3.49,178,Train,245
replica1_5I25_86,5I25,8,3.49,178,Train,245
replica2_5I25_86,5I25,8,3.49,178,Train,245
replica3_5I25_86,5I25,8,3.49,178,Train,245
replica4_5I25_86,5I25,8,3.49,178,Train,245
replica5_5I25_86,5I25,8,3.49,178,Train,245
replica1_5I25_100,5I25,8,3.49,178,Train,245
replica2_5I25_100,5I25,8,3.49,178,Train,245
replica3_5I25_100,5I25,8,3.49,178,Train,245
replica4_5I25_100,5I25,8,3.49,178,Train,245
replica5_5I25_100,5I25,8,3.49,178,Train,245
replica1_5I2I_1,5I2I,12,4.3,130,Train,158
replica2_5I2I_1,5I2I,12,4.3,130,Train,158
replica3_5I2I_1,5I2I,12,4.3,130,Train,158
replica4_5I2I_1,5I2I,12,4.3,130,Train,158
replica5_5I2I_1,5I2I,12,4.3,130,Train,158
replica1_5I8C_1,5I8C,9,7.6,78,Train,246
replica2_5I8C_1,5I8C,9,7.6,78,Train,246
replica3_5I8C_1,5I8C,9,7.6,78,Train,246
replica4_5I8C_1,5I8C,9,7.6,78,Train,246
replica5_5I8C_1,5I8C,9,7.6,78,Train,246
replica1_5I8C_8,5I8C,9,7.6,78,Train,246
replica2_5I8C_8,5I8C,9,7.6,78,Train,246
replica3_5I8C_8,5I8C,9,7.6,78,Train,246
replica4_5I8C_8,5I8C,9,7.6,78,Train,246
replica5_5I8C_8,5I8C,9,7.6,78,Train,246
replica1_5I8C_14,5I8C,9,7.6,78,Train,246
replica2_5I8C_14,5I8C,9,7.6,78,Train,246
replica3_5I8C_14,5I8C,9,7.6,78,Train,246
replica4_5I8C_14,5I8C,9,7.6,78,Train,246
replica5_5I8C_14,5I8C,9,7.6,78,Train,246
replica1_5I8C_21,5I8C,9,7.6,78,Train,246
replica2_5I8C_21,5I8C,9,7.6,78,Train,246
replica3_5I8C_21,5I8C,9,7.6,78,Train,246
replica4_5I8C_21,5I8C,9,7.6,78,Train,246
replica5_5I8C_21,5I8C,9,7.6,78,Train,246
replica1_5I8C_27,5I8C,9,7.6,78,Train,246
replica2_5I8C_27,5I8C,9,7.6,78,Train,246
replica3_5I8C_27,5I8C,9,7.6,78,Train,246
replica4_5I8C_27,5I8C,9,7.6,78,Train,246
replica5_5I8C_27,5I8C,9,7.6,78,Train,246
replica1_5I8C_34,5I8C,9,7.6,78,Train,246
replica2_5I8C_34,5I8C,9,7.6,78,Train,246
replica3_5I8C_34,5I8C,9,7.6,78,Train,246
replica4_5I8C_34,5I8C,9,7.6,78,Train,246
replica5_5I8C_34,5I8C,9,7.6,78,Train,246
replica1_5I8C_41,5I8C,9,7.6,78,Train,246
replica2_5I8C_41,5I8C,9,7.6,78,Train,246
replica3_5I8C_41,5I8C,9,7.6,78,Train,246
replica4_5I8C_41,5I8C,9,7.6,78,Train,246
replica5_5I8C_41,5I8C,9,7.6,78,Train,246
replica1_5I8C_47,5I8C,9,7.6,78,Train,246
replica2_5I8C_47,5I8C,9,7.6,78,Train,246
replica3_5I8C_47,5I8C,9,7.6,78,Train,246
replica4_5I8C_47,5I8C,9,7.6,78,Train,246
replica5_5I8C_47,5I8C,9,7.6,78,Train,246
replica1_5I8C_54,5I8C,9,7.6,78,Train,246
replica2_5I8C_54,5I8C,9,7.6,78,Train,246
replica3_5I8C_54,5I8C,9,7.6,78,Train,246
replica4_5I8C_54,5I8C,9,7.6,78,Train,246
replica5_5I8C_54,5I8C,9,7.6,78,Train,246
replica1_5I8C_60,5I8C,9,7.6,78,Train,246
replica2_5I8C_60,5I8C,9,7.6,78,Train,246
replica3_5I8C_60,5I8C,9,7.6,78,Train,246
replica4_5I8C_60,5I8C,9,7.6,78,Train,246
replica5_5I8C_60,5I8C,9,7.6,78,Train,246
replica1_5I8C_67,5I8C,9,7.6,78,Train,246
replica2_5I8C_67,5I8C,9,7.6,78,Train,246
replica3_5I8C_67,5I8C,9,7.6,78,Train,246
replica4_5I8C_67,5I8C,9,7.6,78,Train,246
replica5_5I8C_67,5I8C,9,7.6,78,Train,246
replica1_5I8C_74,5I8C,9,7.6,78,Train,246
replica2_5I8C_74,5I8C,9,7.6,78,Train,246
replica3_5I8C_74,5I8C,9,7.6,78,Train,246
replica4_5I8C_74,5I8C,9,7.6,78,Train,246
replica5_5I8C_74,5I8C,9,7.6,78,Train,246
replica1_5I8C_80,5I8C,9,7.6,78,Train,246
replica2_5I8C_80,5I8C,9,7.6,78,Train,246
replica3_5I8C_80,5I8C,9,7.6,78,Train,246
replica4_5I8C_80,5I8C,9,7.6,78,Train,246
replica5_5I8C_80,5I8C,9,7.6,78,Train,246
replica1_5I8C_87,5I8C,9,7.6,78,Train,246
replica2_5I8C_87,5I8C,9,7.6,78,Train,246
replica3_5I8C_87,5I8C,9,7.6,78,Train,246
replica4_5I8C_87,5I8C,9,7.6,78,Train,246
replica5_5I8C_87,5I8C,9,7.6,78,Train,246
replica1_5I8C_93,5I8C,9,7.6,78,Train,246
replica2_5I8C_93,5I8C,9,7.6,78,Train,246
replica3_5I8C_93,5I8C,9,7.6,78,Train,246
replica4_5I8C_93,5I8C,9,7.6,78,Train,246
replica5_5I8C_93,5I8C,9,7.6,78,Train,246
replica1_5I8C_100,5I8C,9,7.6,78,Train,246
replica2_5I8C_100,5I8C,9,7.6,78,Train,246
replica3_5I8C_100,5I8C,9,7.6,78,Train,246
replica4_5I8C_100,5I8C,9,7.6,78,Train,246
replica5_5I8C_100,5I8C,9,7.6,78,Train,246
replica1_5ICY_1,5ICY,12,5.06,130,Train,158
replica2_5ICY_1,5ICY,12,5.06,130,Train,158
replica3_5ICY_1,5ICY,12,5.06,130,Train,158
replica4_5ICY_1,5ICY,12,5.06,130,Train,158
replica5_5ICY_1,5ICY,12,5.06,130,Train,158
replica1_5ICZ_1,5ICZ,12,5.3,130,Train,158
replica2_5ICZ_1,5ICZ,12,5.3,130,Train,158
replica3_5ICZ_1,5ICZ,12,5.3,130,Train,158
replica4_5ICZ_1,5ICZ,12,5.3,130,Train,158
replica5_5ICZ_1,5ICZ,12,5.3,130,Train,158
replica1_5IZU_1,5IZU,15,7.27,185,Test,
replica2_5IZU_1,5IZU,15,7.27,185,Test,
replica3_5IZU_1,5IZU,15,7.27,185,Test,
replica4_5IZU_1,5IZU,15,7.27,185,Test,
replica5_5IZU_1,5IZU,15,7.27,185,Test,
replica1_5IZU_8,5IZU,15,7.27,185,Test,
replica2_5IZU_8,5IZU,15,7.27,185,Test,
replica3_5IZU_8,5IZU,15,7.27,185,Test,
replica4_5IZU_8,5IZU,15,7.27,185,Test,
replica5_5IZU_8,5IZU,15,7.27,185,Test,
replica1_5IZU_14,5IZU,15,7.27,185,Test,
replica2_5IZU_14,5IZU,15,7.27,185,Test,
replica3_5IZU_14,5IZU,15,7.27,185,Test,
replica4_5IZU_14,5IZU,15,7.27,185,Test,
replica5_5IZU_14,5IZU,15,7.27,185,Test,
replica1_5IZU_21,5IZU,15,7.27,185,Test,
replica2_5IZU_21,5IZU,15,7.27,185,Test,
replica3_5IZU_21,5IZU,15,7.27,185,Test,
replica4_5IZU_21,5IZU,15,7.27,185,Test,
replica5_5IZU_21,5IZU,15,7.27,185,Test,
replica1_5IZU_27,5IZU,15,7.27,185,Test,
replica2_5IZU_27,5IZU,15,7.27,185,Test,
replica3_5IZU_27,5IZU,15,7.27,185,Test,
replica4_5IZU_27,5IZU,15,7.27,185,Test,
replica5_5IZU_27,5IZU,15,7.27,185,Test,
replica1_5IZU_34,5IZU,15,7.27,185,Test,
replica2_5IZU_34,5IZU,15,7.27,185,Test,
replica3_5IZU_34,5IZU,15,7.27,185,Test,
replica4_5IZU_34,5IZU,15,7.27,185,Test,
replica5_5IZU_34,5IZU,15,7.27,185,Test,
replica1_5IZU_41,5IZU,15,7.27,185,Test,
replica2_5IZU_41,5IZU,15,7.27,185,Test,
replica3_5IZU_41,5IZU,15,7.27,185,Test,
replica4_5IZU_41,5IZU,15,7.27,185,Test,
replica5_5IZU_41,5IZU,15,7.27,185,Test,
replica1_5IZU_47,5IZU,15,7.27,185,Test,
replica2_5IZU_47,5IZU,15,7.27,185,Test,
replica3_5IZU_47,5IZU,15,7.27,185,Test,
replica4_5IZU_47,5IZU,15,7.27,185,Test,
replica5_5IZU_47,5IZU,15,7.27,185,Test,
replica1_5IZU_54,5IZU,15,7.27,185,Test,
replica2_5IZU_54,5IZU,15,7.27,185,Test,
replica3_5IZU_54,5IZU,15,7.27,185,Test,
replica4_5IZU_54,5IZU,15,7.27,185,Test,
replica5_5IZU_54,5IZU,15,7.27,185,Test,
replica1_5IZU_60,5IZU,15,7.27,185,Test,
replica2_5IZU_60,5IZU,15,7.27,185,Test,
replica3_5IZU_60,5IZU,15,7.27,185,Test,
replica4_5IZU_60,5IZU,15,7.27,185,Test,
replica5_5IZU_60,5IZU,15,7.27,185,Test,
replica1_5IZU_67,5IZU,15,7.27,185,Test,
replica2_5IZU_67,5IZU,15,7.27,185,Test,
replica3_5IZU_67,5IZU,15,7.27,185,Test,
replica4_5IZU_67,5IZU,15,7.27,185,Test,
replica5_5IZU_67,5IZU,15,7.27,185,Test,
replica1_5IZU_74,5IZU,15,7.27,185,Test,
replica2_5IZU_74,5IZU,15,7.27,185,Test,
replica3_5IZU_74,5IZU,15,7.27,185,Test,
replica4_5IZU_74,5IZU,15,7.27,185,Test,
replica5_5IZU_74,5IZU,15,7.27,185,Test,
replica1_5IZU_80,5IZU,15,7.27,185,Test,
replica2_5IZU_80,5IZU,15,7.27,185,Test,
replica3_5IZU_80,5IZU,15,7.27,185,Test,
replica4_5IZU_80,5IZU,15,7.27,185,Test,
replica5_5IZU_80,5IZU,15,7.27,185,Test,
replica1_5IZU_87,5IZU,15,7.27,185,Test,
replica2_5IZU_87,5IZU,15,7.27,185,Test,
replica3_5IZU_87,5IZU,15,7.27,185,Test,
replica4_5IZU_87,5IZU,15,7.27,185,Test,
replica5_5IZU_87,5IZU,15,7.27,185,Test,
replica1_5IZU_93,5IZU,15,7.27,185,Test,
replica2_5IZU_93,5IZU,15,7.27,185,Test,
replica3_5IZU_93,5IZU,15,7.27,185,Test,
replica4_5IZU_93,5IZU,15,7.27,185,Test,
replica5_5IZU_93,5IZU,15,7.27,185,Test,
replica1_5IZU_100,5IZU,15,7.27,185,Test,
replica2_5IZU_100,5IZU,15,7.27,185,Test,
replica3_5IZU_100,5IZU,15,7.27,185,Test,
replica4_5IZU_100,5IZU,15,7.27,185,Test,
replica5_5IZU_100,5IZU,15,7.27,185,Test,
replica1_5JJM_1,5JJM,8,7.51,14,Train,247
replica2_5JJM_1,5JJM,8,7.51,14,Train,247
replica3_5JJM_1,5JJM,8,7.51,14,Train,247
replica4_5JJM_1,5JJM,8,7.51,14,Train,247
replica5_5JJM_1,5JJM,8,7.51,14,Train,247
replica1_5JJM_8,5JJM,8,7.51,14,Train,247
replica2_5JJM_8,5JJM,8,7.51,14,Train,247
replica3_5JJM_8,5JJM,8,7.51,14,Train,247
replica4_5JJM_8,5JJM,8,7.51,14,Train,247
replica5_5JJM_8,5JJM,8,7.51,14,Train,247
replica1_5JJM_14,5JJM,8,7.51,14,Train,247
replica2_5JJM_14,5JJM,8,7.51,14,Train,247
replica3_5JJM_14,5JJM,8,7.51,14,Train,247
replica4_5JJM_14,5JJM,8,7.51,14,Train,247
replica5_5JJM_14,5JJM,8,7.51,14,Train,247
replica1_5JJM_21,5JJM,8,7.51,14,Train,247
replica2_5JJM_21,5JJM,8,7.51,14,Train,247
replica3_5JJM_21,5JJM,8,7.51,14,Train,247
replica4_5JJM_21,5JJM,8,7.51,14,Train,247
replica5_5JJM_21,5JJM,8,7.51,14,Train,247
replica1_5JJM_27,5JJM,8,7.51,14,Train,247
replica2_5JJM_27,5JJM,8,7.51,14,Train,247
replica3_5JJM_27,5JJM,8,7.51,14,Train,247
replica4_5JJM_27,5JJM,8,7.51,14,Train,247
replica5_5JJM_27,5JJM,8,7.51,14,Train,247
replica1_5JJM_34,5JJM,8,7.51,14,Train,247
replica2_5JJM_34,5JJM,8,7.51,14,Train,247
replica3_5JJM_34,5JJM,8,7.51,14,Train,247
replica4_5JJM_34,5JJM,8,7.51,14,Train,247
replica5_5JJM_34,5JJM,8,7.51,14,Train,247
replica1_5JJM_41,5JJM,8,7.51,14,Train,247
replica2_5JJM_41,5JJM,8,7.51,14,Train,247
replica3_5JJM_41,5JJM,8,7.51,14,Train,247
replica4_5JJM_41,5JJM,8,7.51,14,Train,247
replica5_5JJM_41,5JJM,8,7.51,14,Train,247
replica1_5JJM_47,5JJM,8,7.51,14,Train,247
replica2_5JJM_47,5JJM,8,7.51,14,Train,247
replica3_5JJM_47,5JJM,8,7.51,14,Train,247
replica4_5JJM_47,5JJM,8,7.51,14,Train,247
replica5_5JJM_47,5JJM,8,7.51,14,Train,247
replica1_5JJM_54,5JJM,8,7.51,14,Train,247
replica2_5JJM_54,5JJM,8,7.51,14,Train,247
replica3_5JJM_54,5JJM,8,7.51,14,Train,247
replica4_5JJM_54,5JJM,8,7.51,14,Train,247
replica5_5JJM_54,5JJM,8,7.51,14,Train,247
replica1_5JJM_60,5JJM,8,7.51,14,Train,247
replica2_5JJM_60,5JJM,8,7.51,14,Train,247
replica3_5JJM_60,5JJM,8,7.51,14,Train,247
replica4_5JJM_60,5JJM,8,7.51,14,Train,247
replica5_5JJM_60,5JJM,8,7.51,14,Train,247
replica1_5JJM_67,5JJM,8,7.51,14,Train,247
replica2_5JJM_67,5JJM,8,7.51,14,Train,247
replica3_5JJM_67,5JJM,8,7.51,14,Train,247
replica4_5JJM_67,5JJM,8,7.51,14,Train,247
replica5_5JJM_67,5JJM,8,7.51,14,Train,247
replica1_5JJM_74,5JJM,8,7.51,14,Train,247
replica2_5JJM_74,5JJM,8,7.51,14,Train,247
replica3_5JJM_74,5JJM,8,7.51,14,Train,247
replica4_5JJM_74,5JJM,8,7.51,14,Train,247
replica5_5JJM_74,5JJM,8,7.51,14,Train,247
replica1_5JJM_80,5JJM,8,7.51,14,Train,247
replica2_5JJM_80,5JJM,8,7.51,14,Train,247
replica3_5JJM_80,5JJM,8,7.51,14,Train,247
replica4_5JJM_80,5JJM,8,7.51,14,Train,247
replica5_5JJM_80,5JJM,8,7.51,14,Train,247
replica1_5JJM_87,5JJM,8,7.51,14,Train,247
replica2_5JJM_87,5JJM,8,7.51,14,Train,247
replica3_5JJM_87,5JJM,8,7.51,14,Train,247
replica4_5JJM_87,5JJM,8,7.51,14,Train,247
replica5_5JJM_87,5JJM,8,7.51,14,Train,247
replica1_5JJM_93,5JJM,8,7.51,14,Train,247
replica2_5JJM_93,5JJM,8,7.51,14,Train,247
replica3_5JJM_93,5JJM,8,7.51,14,Train,247
replica4_5JJM_93,5JJM,8,7.51,14,Train,247
replica5_5JJM_93,5JJM,8,7.51,14,Train,247
replica1_5JJM_100,5JJM,8,7.51,14,Train,247
replica2_5JJM_100,5JJM,8,7.51,14,Train,247
replica3_5JJM_100,5JJM,8,7.51,14,Train,247
replica4_5JJM_100,5JJM,8,7.51,14,Train,247
replica5_5JJM_100,5JJM,8,7.51,14,Train,247
replica1_5KZP_1,5KZP,15,7.15,151,Train,248
replica2_5KZP_1,5KZP,15,7.15,151,Train,248
replica3_5KZP_1,5KZP,15,7.15,151,Train,248
replica4_5KZP_1,5KZP,15,7.15,151,Train,248
replica5_5KZP_1,5KZP,15,7.15,151,Train,248
replica1_5KZP_8,5KZP,15,7.15,151,Train,248
replica2_5KZP_8,5KZP,15,7.15,151,Train,248
replica3_5KZP_8,5KZP,15,7.15,151,Train,248
replica4_5KZP_8,5KZP,15,7.15,151,Train,248
replica5_5KZP_8,5KZP,15,7.15,151,Train,248
replica1_5KZP_14,5KZP,15,7.15,151,Train,248
replica2_5KZP_14,5KZP,15,7.15,151,Train,248
replica3_5KZP_14,5KZP,15,7.15,151,Train,248
replica4_5KZP_14,5KZP,15,7.15,151,Train,248
replica5_5KZP_14,5KZP,15,7.15,151,Train,248
replica1_5KZP_21,5KZP,15,7.15,151,Train,248
replica2_5KZP_21,5KZP,15,7.15,151,Train,248
replica3_5KZP_21,5KZP,15,7.15,151,Train,248
replica4_5KZP_21,5KZP,15,7.15,151,Train,248
replica5_5KZP_21,5KZP,15,7.15,151,Train,248
replica1_5KZP_27,5KZP,15,7.15,151,Train,248
replica2_5KZP_27,5KZP,15,7.15,151,Train,248
replica3_5KZP_27,5KZP,15,7.15,151,Train,248
replica4_5KZP_27,5KZP,15,7.15,151,Train,248
replica5_5KZP_27,5KZP,15,7.15,151,Train,248
replica1_5KZP_34,5KZP,15,7.15,151,Train,248
replica2_5KZP_34,5KZP,15,7.15,151,Train,248
replica3_5KZP_34,5KZP,15,7.15,151,Train,248
replica4_5KZP_34,5KZP,15,7.15,151,Train,248
replica5_5KZP_34,5KZP,15,7.15,151,Train,248
replica1_5KZP_41,5KZP,15,7.15,151,Train,248
replica2_5KZP_41,5KZP,15,7.15,151,Train,248
replica3_5KZP_41,5KZP,15,7.15,151,Train,248
replica4_5KZP_41,5KZP,15,7.15,151,Train,248
replica5_5KZP_41,5KZP,15,7.15,151,Train,248
replica1_5KZP_47,5KZP,15,7.15,151,Train,248
replica2_5KZP_47,5KZP,15,7.15,151,Train,248
replica3_5KZP_47,5KZP,15,7.15,151,Train,248
replica4_5KZP_47,5KZP,15,7.15,151,Train,248
replica5_5KZP_47,5KZP,15,7.15,151,Train,248
replica1_5KZP_54,5KZP,15,7.15,151,Train,248
replica2_5KZP_54,5KZP,15,7.15,151,Train,248
replica3_5KZP_54,5KZP,15,7.15,151,Train,248
replica4_5KZP_54,5KZP,15,7.15,151,Train,248
replica5_5KZP_54,5KZP,15,7.15,151,Train,248
replica1_5KZP_60,5KZP,15,7.15,151,Train,248
replica2_5KZP_60,5KZP,15,7.15,151,Train,248
replica3_5KZP_60,5KZP,15,7.15,151,Train,248
replica4_5KZP_60,5KZP,15,7.15,151,Train,248
replica5_5KZP_60,5KZP,15,7.15,151,Train,248
replica1_5KZP_67,5KZP,15,7.15,151,Train,248
replica2_5KZP_67,5KZP,15,7.15,151,Train,248
replica3_5KZP_67,5KZP,15,7.15,151,Train,248
replica4_5KZP_67,5KZP,15,7.15,151,Train,248
replica5_5KZP_67,5KZP,15,7.15,151,Train,248
replica1_5KZP_74,5KZP,15,7.15,151,Train,248
replica2_5KZP_74,5KZP,15,7.15,151,Train,248
replica3_5KZP_74,5KZP,15,7.15,151,Train,248
replica4_5KZP_74,5KZP,15,7.15,151,Train,248
replica5_5KZP_74,5KZP,15,7.15,151,Train,248
replica1_5KZP_80,5KZP,15,7.15,151,Train,248
replica2_5KZP_80,5KZP,15,7.15,151,Train,248
replica3_5KZP_80,5KZP,15,7.15,151,Train,248
replica4_5KZP_80,5KZP,15,7.15,151,Train,248
replica5_5KZP_80,5KZP,15,7.15,151,Train,248
replica1_5KZP_87,5KZP,15,7.15,151,Train,248
replica2_5KZP_87,5KZP,15,7.15,151,Train,248
replica3_5KZP_87,5KZP,15,7.15,151,Train,248
replica4_5KZP_87,5KZP,15,7.15,151,Train,248
replica5_5KZP_87,5KZP,15,7.15,151,Train,248
replica1_5KZP_93,5KZP,15,7.15,151,Train,248
replica2_5KZP_93,5KZP,15,7.15,151,Train,248
replica3_5KZP_93,5KZP,15,7.15,151,Train,248
replica4_5KZP_93,5KZP,15,7.15,151,Train,248
replica5_5KZP_93,5KZP,15,7.15,151,Train,248
replica1_5KZP_100,5KZP,15,7.15,151,Train,248
replica2_5KZP_100,5KZP,15,7.15,151,Train,248
replica3_5KZP_100,5KZP,15,7.15,151,Train,248
replica4_5KZP_100,5KZP,15,7.15,151,Train,248
replica5_5KZP_100,5KZP,15,7.15,151,Train,248
replica1_5LSO_1,5LSO,6,5.85,58,Train,249
replica2_5LSO_1,5LSO,6,5.85,58,Train,249
replica3_5LSO_1,5LSO,6,5.85,58,Train,249
replica4_5LSO_1,5LSO,6,5.85,58,Train,249
replica5_5LSO_1,5LSO,6,5.85,58,Train,249
replica1_5LSO_15,5LSO,6,5.85,58,Train,249
replica2_5LSO_15,5LSO,6,5.85,58,Train,249
replica3_5LSO_15,5LSO,6,5.85,58,Train,249
replica4_5LSO_15,5LSO,6,5.85,58,Train,249
replica5_5LSO_15,5LSO,6,5.85,58,Train,249
replica1_5LSO_29,5LSO,6,5.85,58,Train,249
replica2_5LSO_29,5LSO,6,5.85,58,Train,249
replica3_5LSO_29,5LSO,6,5.85,58,Train,249
replica4_5LSO_29,5LSO,6,5.85,58,Train,249
replica5_5LSO_29,5LSO,6,5.85,58,Train,249
replica1_5LSO_43,5LSO,6,5.85,58,Train,249
replica2_5LSO_43,5LSO,6,5.85,58,Train,249
replica3_5LSO_43,5LSO,6,5.85,58,Train,249
replica4_5LSO_43,5LSO,6,5.85,58,Train,249
replica5_5LSO_43,5LSO,6,5.85,58,Train,249
replica1_5LSO_58,5LSO,6,5.85,58,Train,249
replica2_5LSO_58,5LSO,6,5.85,58,Train,249
replica3_5LSO_58,5LSO,6,5.85,58,Train,249
replica4_5LSO_58,5LSO,6,5.85,58,Train,249
replica5_5LSO_58,5LSO,6,5.85,58,Train,249
replica1_5LSO_72,5LSO,6,5.85,58,Train,249
replica2_5LSO_72,5LSO,6,5.85,58,Train,249
replica3_5LSO_72,5LSO,6,5.85,58,Train,249
replica4_5LSO_72,5LSO,6,5.85,58,Train,249
replica5_5LSO_72,5LSO,6,5.85,58,Train,249
replica1_5LSO_86,5LSO,6,5.85,58,Train,249
replica2_5LSO_86,5LSO,6,5.85,58,Train,249
replica3_5LSO_86,5LSO,6,5.85,58,Train,249
replica4_5LSO_86,5LSO,6,5.85,58,Train,249
replica5_5LSO_86,5LSO,6,5.85,58,Train,249
replica1_5LSO_100,5LSO,6,5.85,58,Train,249
replica2_5LSO_100,5LSO,6,5.85,58,Train,249
replica3_5LSO_100,5LSO,6,5.85,58,Train,249
replica4_5LSO_100,5LSO,6,5.85,58,Train,249
replica5_5LSO_100,5LSO,6,5.85,58,Train,249
replica1_5LYN_1,5LYN,7,5.04,113,Train,136
replica2_5LYN_1,5LYN,7,5.04,113,Train,136
replica3_5LYN_1,5LYN,7,5.04,113,Train,136
replica4_5LYN_1,5LYN,7,5.04,113,Train,136
replica5_5LYN_1,5LYN,7,5.04,113,Train,136
replica1_5LYN_8,5LYN,7,5.04,113,Train,136
replica2_5LYN_8,5LYN,7,5.04,113,Train,136
replica3_5LYN_8,5LYN,7,5.04,113,Train,136
replica4_5LYN_8,5LYN,7,5.04,113,Train,136
replica5_5LYN_8,5LYN,7,5.04,113,Train,136
replica1_5LYN_14,5LYN,7,5.04,113,Train,136
replica2_5LYN_14,5LYN,7,5.04,113,Train,136
replica3_5LYN_14,5LYN,7,5.04,113,Train,136
replica4_5LYN_14,5LYN,7,5.04,113,Train,136
replica5_5LYN_14,5LYN,7,5.04,113,Train,136
replica1_5LYN_21,5LYN,7,5.04,113,Train,136
replica2_5LYN_21,5LYN,7,5.04,113,Train,136
replica3_5LYN_21,5LYN,7,5.04,113,Train,136
replica4_5LYN_21,5LYN,7,5.04,113,Train,136
replica5_5LYN_21,5LYN,7,5.04,113,Train,136
replica1_5LYN_27,5LYN,7,5.04,113,Train,136
replica2_5LYN_27,5LYN,7,5.04,113,Train,136
replica3_5LYN_27,5LYN,7,5.04,113,Train,136
replica4_5LYN_27,5LYN,7,5.04,113,Train,136
replica5_5LYN_27,5LYN,7,5.04,113,Train,136
replica1_5LYN_34,5LYN,7,5.04,113,Train,136
replica2_5LYN_34,5LYN,7,5.04,113,Train,136
replica3_5LYN_34,5LYN,7,5.04,113,Train,136
replica4_5LYN_34,5LYN,7,5.04,113,Train,136
replica5_5LYN_34,5LYN,7,5.04,113,Train,136
replica1_5LYN_41,5LYN,7,5.04,113,Train,136
replica2_5LYN_41,5LYN,7,5.04,113,Train,136
replica3_5LYN_41,5LYN,7,5.04,113,Train,136
replica4_5LYN_41,5LYN,7,5.04,113,Train,136
replica5_5LYN_41,5LYN,7,5.04,113,Train,136
replica1_5LYN_47,5LYN,7,5.04,113,Train,136
replica2_5LYN_47,5LYN,7,5.04,113,Train,136
replica3_5LYN_47,5LYN,7,5.04,113,Train,136
replica4_5LYN_47,5LYN,7,5.04,113,Train,136
replica5_5LYN_47,5LYN,7,5.04,113,Train,136
replica1_5LYN_54,5LYN,7,5.04,113,Train,136
replica2_5LYN_54,5LYN,7,5.04,113,Train,136
replica3_5LYN_54,5LYN,7,5.04,113,Train,136
replica4_5LYN_54,5LYN,7,5.04,113,Train,136
replica5_5LYN_54,5LYN,7,5.04,113,Train,136
replica1_5LYN_60,5LYN,7,5.04,113,Train,136
replica2_5LYN_60,5LYN,7,5.04,113,Train,136
replica3_5LYN_60,5LYN,7,5.04,113,Train,136
replica4_5LYN_60,5LYN,7,5.04,113,Train,136
replica5_5LYN_60,5LYN,7,5.04,113,Train,136
replica1_5LYN_67,5LYN,7,5.04,113,Train,136
replica2_5LYN_67,5LYN,7,5.04,113,Train,136
replica3_5LYN_67,5LYN,7,5.04,113,Train,136
replica4_5LYN_67,5LYN,7,5.04,113,Train,136
replica5_5LYN_67,5LYN,7,5.04,113,Train,136
replica1_5LYN_74,5LYN,7,5.04,113,Train,136
replica2_5LYN_74,5LYN,7,5.04,113,Train,136
replica3_5LYN_74,5LYN,7,5.04,113,Train,136
replica4_5LYN_74,5LYN,7,5.04,113,Train,136
replica5_5LYN_74,5LYN,7,5.04,113,Train,136
replica1_5LYN_80,5LYN,7,5.04,113,Train,136
replica2_5LYN_80,5LYN,7,5.04,113,Train,136
replica3_5LYN_80,5LYN,7,5.04,113,Train,136
replica4_5LYN_80,5LYN,7,5.04,113,Train,136
replica5_5LYN_80,5LYN,7,5.04,113,Train,136
replica1_5LYN_87,5LYN,7,5.04,113,Train,136
replica2_5LYN_87,5LYN,7,5.04,113,Train,136
replica3_5LYN_87,5LYN,7,5.04,113,Train,136
replica4_5LYN_87,5LYN,7,5.04,113,Train,136
replica5_5LYN_87,5LYN,7,5.04,113,Train,136
replica1_5LYN_93,5LYN,7,5.04,113,Train,136
replica2_5LYN_93,5LYN,7,5.04,113,Train,136
replica3_5LYN_93,5LYN,7,5.04,113,Train,136
replica4_5LYN_93,5LYN,7,5.04,113,Train,136
replica5_5LYN_93,5LYN,7,5.04,113,Train,136
replica1_5LYN_100,5LYN,7,5.04,113,Train,136
replica2_5LYN_100,5LYN,7,5.04,113,Train,136
replica3_5LYN_100,5LYN,7,5.04,113,Train,136
replica4_5LYN_100,5LYN,7,5.04,113,Train,136
replica5_5LYN_100,5LYN,7,5.04,113,Train,136
replica1_5MGX_1,5MGX,8,5.59,113,Train,250
replica2_5MGX_1,5MGX,8,5.59,113,Train,250
replica3_5MGX_1,5MGX,8,5.59,113,Train,250
replica4_5MGX_1,5MGX,8,5.59,113,Train,250
replica5_5MGX_1,5MGX,8,5.59,113,Train,250
replica1_5MGX_8,5MGX,8,5.59,113,Train,250
replica2_5MGX_8,5MGX,8,5.59,113,Train,250
replica3_5MGX_8,5MGX,8,5.59,113,Train,250
replica4_5MGX_8,5MGX,8,5.59,113,Train,250
replica5_5MGX_8,5MGX,8,5.59,113,Train,250
replica1_5MGX_14,5MGX,8,5.59,113,Train,250
replica2_5MGX_14,5MGX,8,5.59,113,Train,250
replica3_5MGX_14,5MGX,8,5.59,113,Train,250
replica4_5MGX_14,5MGX,8,5.59,113,Train,250
replica5_5MGX_14,5MGX,8,5.59,113,Train,250
replica1_5MGX_21,5MGX,8,5.59,113,Train,250
replica2_5MGX_21,5MGX,8,5.59,113,Train,250
replica3_5MGX_21,5MGX,8,5.59,113,Train,250
replica4_5MGX_21,5MGX,8,5.59,113,Train,250
replica5_5MGX_21,5MGX,8,5.59,113,Train,250
replica1_5MGX_27,5MGX,8,5.59,113,Train,250
replica2_5MGX_27,5MGX,8,5.59,113,Train,250
replica3_5MGX_27,5MGX,8,5.59,113,Train,250
replica4_5MGX_27,5MGX,8,5.59,113,Train,250
replica5_5MGX_27,5MGX,8,5.59,113,Train,250
replica1_5MGX_34,5MGX,8,5.59,113,Train,250
replica2_5MGX_34,5MGX,8,5.59,113,Train,250
replica3_5MGX_34,5MGX,8,5.59,113,Train,250
replica4_5MGX_34,5MGX,8,5.59,113,Train,250
replica5_5MGX_34,5MGX,8,5.59,113,Train,250
replica1_5MGX_41,5MGX,8,5.59,113,Train,250
replica2_5MGX_41,5MGX,8,5.59,113,Train,250
replica3_5MGX_41,5MGX,8,5.59,113,Train,250
replica4_5MGX_41,5MGX,8,5.59,113,Train,250
replica5_5MGX_41,5MGX,8,5.59,113,Train,250
replica1_5MGX_47,5MGX,8,5.59,113,Train,250
replica2_5MGX_47,5MGX,8,5.59,113,Train,250
replica3_5MGX_47,5MGX,8,5.59,113,Train,250
replica4_5MGX_47,5MGX,8,5.59,113,Train,250
replica5_5MGX_47,5MGX,8,5.59,113,Train,250
replica1_5MGX_54,5MGX,8,5.59,113,Train,250
replica2_5MGX_54,5MGX,8,5.59,113,Train,250
replica3_5MGX_54,5MGX,8,5.59,113,Train,250
replica4_5MGX_54,5MGX,8,5.59,113,Train,250
replica5_5MGX_54,5MGX,8,5.59,113,Train,250
replica1_5MGX_60,5MGX,8,5.59,113,Train,250
replica2_5MGX_60,5MGX,8,5.59,113,Train,250
replica3_5MGX_60,5MGX,8,5.59,113,Train,250
replica4_5MGX_60,5MGX,8,5.59,113,Train,250
replica5_5MGX_60,5MGX,8,5.59,113,Train,250
replica1_5MGX_67,5MGX,8,5.59,113,Train,250
replica2_5MGX_67,5MGX,8,5.59,113,Train,250
replica3_5MGX_67,5MGX,8,5.59,113,Train,250
replica4_5MGX_67,5MGX,8,5.59,113,Train,250
replica5_5MGX_67,5MGX,8,5.59,113,Train,250
replica1_5MGX_74,5MGX,8,5.59,113,Train,250
replica2_5MGX_74,5MGX,8,5.59,113,Train,250
replica3_5MGX_74,5MGX,8,5.59,113,Train,250
replica4_5MGX_74,5MGX,8,5.59,113,Train,250
replica5_5MGX_74,5MGX,8,5.59,113,Train,250
replica1_5MGX_80,5MGX,8,5.59,113,Train,250
replica2_5MGX_80,5MGX,8,5.59,113,Train,250
replica3_5MGX_80,5MGX,8,5.59,113,Train,250
replica4_5MGX_80,5MGX,8,5.59,113,Train,250
replica5_5MGX_80,5MGX,8,5.59,113,Train,250
replica1_5MGX_87,5MGX,8,5.59,113,Train,250
replica2_5MGX_87,5MGX,8,5.59,113,Train,250
replica3_5MGX_87,5MGX,8,5.59,113,Train,250
replica4_5MGX_87,5MGX,8,5.59,113,Train,250
replica5_5MGX_87,5MGX,8,5.59,113,Train,250
replica1_5MGX_93,5MGX,8,5.59,113,Train,250
replica2_5MGX_93,5MGX,8,5.59,113,Train,250
replica3_5MGX_93,5MGX,8,5.59,113,Train,250
replica4_5MGX_93,5MGX,8,5.59,113,Train,250
replica5_5MGX_93,5MGX,8,5.59,113,Train,250
replica1_5MGX_100,5MGX,8,5.59,113,Train,250
replica2_5MGX_100,5MGX,8,5.59,113,Train,250
replica3_5MGX_100,5MGX,8,5.59,113,Train,250
replica4_5MGX_100,5MGX,8,5.59,113,Train,250
replica5_5MGX_100,5MGX,8,5.59,113,Train,250
replica1_5MTW_1,5MTW,13,5.72,186,Train,251
replica2_5MTW_1,5MTW,13,5.72,186,Train,251
replica3_5MTW_1,5MTW,13,5.72,186,Train,251
replica4_5MTW_1,5MTW,13,5.72,186,Train,251
replica5_5MTW_1,5MTW,13,5.72,186,Train,251
replica1_5MTW_8,5MTW,13,5.72,186,Train,251
replica2_5MTW_8,5MTW,13,5.72,186,Train,251
replica3_5MTW_8,5MTW,13,5.72,186,Train,251
replica4_5MTW_8,5MTW,13,5.72,186,Train,251
replica5_5MTW_8,5MTW,13,5.72,186,Train,251
replica1_5MTW_14,5MTW,13,5.72,186,Train,251
replica2_5MTW_14,5MTW,13,5.72,186,Train,251
replica3_5MTW_14,5MTW,13,5.72,186,Train,251
replica4_5MTW_14,5MTW,13,5.72,186,Train,251
replica5_5MTW_14,5MTW,13,5.72,186,Train,251
replica1_5MTW_21,5MTW,13,5.72,186,Train,251
replica2_5MTW_21,5MTW,13,5.72,186,Train,251
replica3_5MTW_21,5MTW,13,5.72,186,Train,251
replica4_5MTW_21,5MTW,13,5.72,186,Train,251
replica5_5MTW_21,5MTW,13,5.72,186,Train,251
replica1_5MTW_27,5MTW,13,5.72,186,Train,251
replica2_5MTW_27,5MTW,13,5.72,186,Train,251
replica3_5MTW_27,5MTW,13,5.72,186,Train,251
replica4_5MTW_27,5MTW,13,5.72,186,Train,251
replica5_5MTW_27,5MTW,13,5.72,186,Train,251
replica1_5MTW_34,5MTW,13,5.72,186,Train,251
replica2_5MTW_34,5MTW,13,5.72,186,Train,251
replica3_5MTW_34,5MTW,13,5.72,186,Train,251
replica4_5MTW_34,5MTW,13,5.72,186,Train,251
replica5_5MTW_34,5MTW,13,5.72,186,Train,251
replica1_5MTW_41,5MTW,13,5.72,186,Train,251
replica2_5MTW_41,5MTW,13,5.72,186,Train,251
replica3_5MTW_41,5MTW,13,5.72,186,Train,251
replica4_5MTW_41,5MTW,13,5.72,186,Train,251
replica5_5MTW_41,5MTW,13,5.72,186,Train,251
replica1_5MTW_47,5MTW,13,5.72,186,Train,251
replica2_5MTW_47,5MTW,13,5.72,186,Train,251
replica3_5MTW_47,5MTW,13,5.72,186,Train,251
replica4_5MTW_47,5MTW,13,5.72,186,Train,251
replica5_5MTW_47,5MTW,13,5.72,186,Train,251
replica1_5MTW_54,5MTW,13,5.72,186,Train,251
replica2_5MTW_54,5MTW,13,5.72,186,Train,251
replica3_5MTW_54,5MTW,13,5.72,186,Train,251
replica4_5MTW_54,5MTW,13,5.72,186,Train,251
replica5_5MTW_54,5MTW,13,5.72,186,Train,251
replica1_5MTW_60,5MTW,13,5.72,186,Train,251
replica2_5MTW_60,5MTW,13,5.72,186,Train,251
replica3_5MTW_60,5MTW,13,5.72,186,Train,251
replica4_5MTW_60,5MTW,13,5.72,186,Train,251
replica5_5MTW_60,5MTW,13,5.72,186,Train,251
replica1_5MTW_67,5MTW,13,5.72,186,Train,251
replica2_5MTW_67,5MTW,13,5.72,186,Train,251
replica3_5MTW_67,5MTW,13,5.72,186,Train,251
replica4_5MTW_67,5MTW,13,5.72,186,Train,251
replica5_5MTW_67,5MTW,13,5.72,186,Train,251
replica1_5MTW_74,5MTW,13,5.72,186,Train,251
replica2_5MTW_74,5MTW,13,5.72,186,Train,251
replica3_5MTW_74,5MTW,13,5.72,186,Train,251
replica4_5MTW_74,5MTW,13,5.72,186,Train,251
replica5_5MTW_74,5MTW,13,5.72,186,Train,251
replica1_5MTW_80,5MTW,13,5.72,186,Train,251
replica2_5MTW_80,5MTW,13,5.72,186,Train,251
replica3_5MTW_80,5MTW,13,5.72,186,Train,251
replica4_5MTW_80,5MTW,13,5.72,186,Train,251
replica5_5MTW_80,5MTW,13,5.72,186,Train,251
replica1_5MTW_87,5MTW,13,5.72,186,Train,251
replica2_5MTW_87,5MTW,13,5.72,186,Train,251
replica3_5MTW_87,5MTW,13,5.72,186,Train,251
replica4_5MTW_87,5MTW,13,5.72,186,Train,251
replica5_5MTW_87,5MTW,13,5.72,186,Train,251
replica1_5MTW_93,5MTW,13,5.72,186,Train,251
replica2_5MTW_93,5MTW,13,5.72,186,Train,251
replica3_5MTW_93,5MTW,13,5.72,186,Train,251
replica4_5MTW_93,5MTW,13,5.72,186,Train,251
replica5_5MTW_93,5MTW,13,5.72,186,Train,251
replica1_5MTW_100,5MTW,13,5.72,186,Train,251
replica2_5MTW_100,5MTW,13,5.72,186,Train,251
replica3_5MTW_100,5MTW,13,5.72,186,Train,251
replica4_5MTW_100,5MTW,13,5.72,186,Train,251
replica5_5MTW_100,5MTW,13,5.72,186,Train,251
replica1_5N7X_1,5N7X,12,5.24,187,Train,252
replica2_5N7X_1,5N7X,12,5.24,187,Train,252
replica3_5N7X_1,5N7X,12,5.24,187,Train,252
replica4_5N7X_1,5N7X,12,5.24,187,Train,252
replica5_5N7X_1,5N7X,12,5.24,187,Train,252
replica1_5N7X_15,5N7X,12,5.24,187,Train,252
replica2_5N7X_15,5N7X,12,5.24,187,Train,252
replica3_5N7X_15,5N7X,12,5.24,187,Train,252
replica4_5N7X_15,5N7X,12,5.24,187,Train,252
replica5_5N7X_15,5N7X,12,5.24,187,Train,252
replica1_5N7X_29,5N7X,12,5.24,187,Train,252
replica2_5N7X_29,5N7X,12,5.24,187,Train,252
replica3_5N7X_29,5N7X,12,5.24,187,Train,252
replica4_5N7X_29,5N7X,12,5.24,187,Train,252
replica5_5N7X_29,5N7X,12,5.24,187,Train,252
replica1_5N7X_43,5N7X,12,5.24,187,Train,252
replica2_5N7X_43,5N7X,12,5.24,187,Train,252
replica3_5N7X_43,5N7X,12,5.24,187,Train,252
replica4_5N7X_43,5N7X,12,5.24,187,Train,252
replica5_5N7X_43,5N7X,12,5.24,187,Train,252
replica1_5N7X_58,5N7X,12,5.24,187,Train,252
replica2_5N7X_58,5N7X,12,5.24,187,Train,252
replica3_5N7X_58,5N7X,12,5.24,187,Train,252
replica4_5N7X_58,5N7X,12,5.24,187,Train,252
replica5_5N7X_58,5N7X,12,5.24,187,Train,252
replica1_5N7X_72,5N7X,12,5.24,187,Train,252
replica2_5N7X_72,5N7X,12,5.24,187,Train,252
replica3_5N7X_72,5N7X,12,5.24,187,Train,252
replica4_5N7X_72,5N7X,12,5.24,187,Train,252
replica5_5N7X_72,5N7X,12,5.24,187,Train,252
replica1_5N7X_86,5N7X,12,5.24,187,Train,252
replica2_5N7X_86,5N7X,12,5.24,187,Train,252
replica3_5N7X_86,5N7X,12,5.24,187,Train,252
replica4_5N7X_86,5N7X,12,5.24,187,Train,252
replica5_5N7X_86,5N7X,12,5.24,187,Train,252
replica1_5N7X_100,5N7X,12,5.24,187,Train,252
replica2_5N7X_100,5N7X,12,5.24,187,Train,252
replica3_5N7X_100,5N7X,12,5.24,187,Train,252
replica4_5N7X_100,5N7X,12,5.24,187,Train,252
replica5_5N7X_100,5N7X,12,5.24,187,Train,252
replica1_5SVI_1,5SVI,8,5.17,188,Train,253
replica2_5SVI_1,5SVI,8,5.17,188,Train,253
replica3_5SVI_1,5SVI,8,5.17,188,Train,253
replica4_5SVI_1,5SVI,8,5.17,188,Train,253
replica5_5SVI_1,5SVI,8,5.17,188,Train,253
replica1_5SVI_8,5SVI,8,5.17,188,Train,253
replica2_5SVI_8,5SVI,8,5.17,188,Train,253
replica3_5SVI_8,5SVI,8,5.17,188,Train,253
replica4_5SVI_8,5SVI,8,5.17,188,Train,253
replica5_5SVI_8,5SVI,8,5.17,188,Train,253
replica1_5SVI_14,5SVI,8,5.17,188,Train,253
replica2_5SVI_14,5SVI,8,5.17,188,Train,253
replica3_5SVI_14,5SVI,8,5.17,188,Train,253
replica4_5SVI_14,5SVI,8,5.17,188,Train,253
replica5_5SVI_14,5SVI,8,5.17,188,Train,253
replica1_5SVI_21,5SVI,8,5.17,188,Train,253
replica2_5SVI_21,5SVI,8,5.17,188,Train,253
replica3_5SVI_21,5SVI,8,5.17,188,Train,253
replica4_5SVI_21,5SVI,8,5.17,188,Train,253
replica5_5SVI_21,5SVI,8,5.17,188,Train,253
replica1_5SVI_27,5SVI,8,5.17,188,Train,253
replica2_5SVI_27,5SVI,8,5.17,188,Train,253
replica3_5SVI_27,5SVI,8,5.17,188,Train,253
replica4_5SVI_27,5SVI,8,5.17,188,Train,253
replica5_5SVI_27,5SVI,8,5.17,188,Train,253
replica1_5SVI_34,5SVI,8,5.17,188,Train,253
replica2_5SVI_34,5SVI,8,5.17,188,Train,253
replica3_5SVI_34,5SVI,8,5.17,188,Train,253
replica4_5SVI_34,5SVI,8,5.17,188,Train,253
replica5_5SVI_34,5SVI,8,5.17,188,Train,253
replica1_5SVI_41,5SVI,8,5.17,188,Train,253
replica2_5SVI_41,5SVI,8,5.17,188,Train,253
replica3_5SVI_41,5SVI,8,5.17,188,Train,253
replica4_5SVI_41,5SVI,8,5.17,188,Train,253
replica5_5SVI_41,5SVI,8,5.17,188,Train,253
replica1_5SVI_47,5SVI,8,5.17,188,Train,253
replica2_5SVI_47,5SVI,8,5.17,188,Train,253
replica3_5SVI_47,5SVI,8,5.17,188,Train,253
replica4_5SVI_47,5SVI,8,5.17,188,Train,253
replica5_5SVI_47,5SVI,8,5.17,188,Train,253
replica1_5SVI_54,5SVI,8,5.17,188,Train,253
replica2_5SVI_54,5SVI,8,5.17,188,Train,253
replica3_5SVI_54,5SVI,8,5.17,188,Train,253
replica4_5SVI_54,5SVI,8,5.17,188,Train,253
replica5_5SVI_54,5SVI,8,5.17,188,Train,253
replica1_5SVI_60,5SVI,8,5.17,188,Train,253
replica2_5SVI_60,5SVI,8,5.17,188,Train,253
replica3_5SVI_60,5SVI,8,5.17,188,Train,253
replica4_5SVI_60,5SVI,8,5.17,188,Train,253
replica5_5SVI_60,5SVI,8,5.17,188,Train,253
replica1_5SVI_67,5SVI,8,5.17,188,Train,253
replica2_5SVI_67,5SVI,8,5.17,188,Train,253
replica3_5SVI_67,5SVI,8,5.17,188,Train,253
replica4_5SVI_67,5SVI,8,5.17,188,Train,253
replica5_5SVI_67,5SVI,8,5.17,188,Train,253
replica1_5SVI_74,5SVI,8,5.17,188,Train,253
replica2_5SVI_74,5SVI,8,5.17,188,Train,253
replica3_5SVI_74,5SVI,8,5.17,188,Train,253
replica4_5SVI_74,5SVI,8,5.17,188,Train,253
replica5_5SVI_74,5SVI,8,5.17,188,Train,253
replica1_5SVI_80,5SVI,8,5.17,188,Train,253
replica2_5SVI_80,5SVI,8,5.17,188,Train,253
replica3_5SVI_80,5SVI,8,5.17,188,Train,253
replica4_5SVI_80,5SVI,8,5.17,188,Train,253
replica5_5SVI_80,5SVI,8,5.17,188,Train,253
replica1_5SVI_87,5SVI,8,5.17,188,Train,253
replica2_5SVI_87,5SVI,8,5.17,188,Train,253
replica3_5SVI_87,5SVI,8,5.17,188,Train,253
replica4_5SVI_87,5SVI,8,5.17,188,Train,253
replica5_5SVI_87,5SVI,8,5.17,188,Train,253
replica1_5SVI_93,5SVI,8,5.17,188,Train,253
replica2_5SVI_93,5SVI,8,5.17,188,Train,253
replica3_5SVI_93,5SVI,8,5.17,188,Train,253
replica4_5SVI_93,5SVI,8,5.17,188,Train,253
replica5_5SVI_93,5SVI,8,5.17,188,Train,253
replica1_5SVI_100,5SVI,8,5.17,188,Train,253
replica2_5SVI_100,5SVI,8,5.17,188,Train,253
replica3_5SVI_100,5SVI,8,5.17,188,Train,253
replica4_5SVI_100,5SVI,8,5.17,188,Train,253
replica5_5SVI_100,5SVI,8,5.17,188,Train,253
replica1_5T1M_1,5T1M,12,5.82,130,Train,158
replica2_5T1M_1,5T1M,12,5.82,130,Train,158
replica3_5T1M_1,5T1M,12,5.82,130,Train,158
replica4_5T1M_1,5T1M,12,5.82,130,Train,158
replica5_5T1M_1,5T1M,12,5.82,130,Train,158
replica1_5T6J_1,5T6J,13,4.93,189,Train,254
replica2_5T6J_1,5T6J,13,4.93,189,Train,254
replica3_5T6J_1,5T6J,13,4.93,189,Train,254
replica4_5T6J_1,5T6J,13,4.93,189,Train,254
replica5_5T6J_1,5T6J,13,4.93,189,Train,254
replica1_5T6J_8,5T6J,13,4.93,189,Train,254
replica2_5T6J_8,5T6J,13,4.93,189,Train,254
replica3_5T6J_8,5T6J,13,4.93,189,Train,254
replica4_5T6J_8,5T6J,13,4.93,189,Train,254
replica5_5T6J_8,5T6J,13,4.93,189,Train,254
replica1_5T6J_14,5T6J,13,4.93,189,Train,254
replica2_5T6J_14,5T6J,13,4.93,189,Train,254
replica3_5T6J_14,5T6J,13,4.93,189,Train,254
replica4_5T6J_14,5T6J,13,4.93,189,Train,254
replica5_5T6J_14,5T6J,13,4.93,189,Train,254
replica1_5T6J_21,5T6J,13,4.93,189,Train,254
replica2_5T6J_21,5T6J,13,4.93,189,Train,254
replica3_5T6J_21,5T6J,13,4.93,189,Train,254
replica4_5T6J_21,5T6J,13,4.93,189,Train,254
replica5_5T6J_21,5T6J,13,4.93,189,Train,254
replica1_5T6J_27,5T6J,13,4.93,189,Train,254
replica2_5T6J_27,5T6J,13,4.93,189,Train,254
replica3_5T6J_27,5T6J,13,4.93,189,Train,254
replica4_5T6J_27,5T6J,13,4.93,189,Train,254
replica5_5T6J_27,5T6J,13,4.93,189,Train,254
replica1_5T6J_34,5T6J,13,4.93,189,Train,254
replica2_5T6J_34,5T6J,13,4.93,189,Train,254
replica3_5T6J_34,5T6J,13,4.93,189,Train,254
replica4_5T6J_34,5T6J,13,4.93,189,Train,254
replica5_5T6J_34,5T6J,13,4.93,189,Train,254
replica1_5T6J_41,5T6J,13,4.93,189,Train,254
replica2_5T6J_41,5T6J,13,4.93,189,Train,254
replica3_5T6J_41,5T6J,13,4.93,189,Train,254
replica4_5T6J_41,5T6J,13,4.93,189,Train,254
replica5_5T6J_41,5T6J,13,4.93,189,Train,254
replica1_5T6J_47,5T6J,13,4.93,189,Train,254
replica2_5T6J_47,5T6J,13,4.93,189,Train,254
replica3_5T6J_47,5T6J,13,4.93,189,Train,254
replica4_5T6J_47,5T6J,13,4.93,189,Train,254
replica5_5T6J_47,5T6J,13,4.93,189,Train,254
replica1_5T6J_54,5T6J,13,4.93,189,Train,254
replica2_5T6J_54,5T6J,13,4.93,189,Train,254
replica3_5T6J_54,5T6J,13,4.93,189,Train,254
replica4_5T6J_54,5T6J,13,4.93,189,Train,254
replica5_5T6J_54,5T6J,13,4.93,189,Train,254
replica1_5T6J_60,5T6J,13,4.93,189,Train,254
replica2_5T6J_60,5T6J,13,4.93,189,Train,254
replica3_5T6J_60,5T6J,13,4.93,189,Train,254
replica4_5T6J_60,5T6J,13,4.93,189,Train,254
replica5_5T6J_60,5T6J,13,4.93,189,Train,254
replica1_5T6J_67,5T6J,13,4.93,189,Train,254
replica2_5T6J_67,5T6J,13,4.93,189,Train,254
replica3_5T6J_67,5T6J,13,4.93,189,Train,254
replica4_5T6J_67,5T6J,13,4.93,189,Train,254
replica5_5T6J_67,5T6J,13,4.93,189,Train,254
replica1_5T6J_74,5T6J,13,4.93,189,Train,254
replica2_5T6J_74,5T6J,13,4.93,189,Train,254
replica3_5T6J_74,5T6J,13,4.93,189,Train,254
replica4_5T6J_74,5T6J,13,4.93,189,Train,254
replica5_5T6J_74,5T6J,13,4.93,189,Train,254
replica1_5T6J_80,5T6J,13,4.93,189,Train,254
replica2_5T6J_80,5T6J,13,4.93,189,Train,254
replica3_5T6J_80,5T6J,13,4.93,189,Train,254
replica4_5T6J_80,5T6J,13,4.93,189,Train,254
replica5_5T6J_80,5T6J,13,4.93,189,Train,254
replica1_5T6J_87,5T6J,13,4.93,189,Train,254
replica2_5T6J_87,5T6J,13,4.93,189,Train,254
replica3_5T6J_87,5T6J,13,4.93,189,Train,254
replica4_5T6J_87,5T6J,13,4.93,189,Train,254
replica5_5T6J_87,5T6J,13,4.93,189,Train,254
replica1_5T6J_93,5T6J,13,4.93,189,Train,254
replica2_5T6J_93,5T6J,13,4.93,189,Train,254
replica3_5T6J_93,5T6J,13,4.93,189,Train,254
replica4_5T6J_93,5T6J,13,4.93,189,Train,254
replica5_5T6J_93,5T6J,13,4.93,189,Train,254
replica1_5T6J_100,5T6J,13,4.93,189,Train,254
replica2_5T6J_100,5T6J,13,4.93,189,Train,254
replica3_5T6J_100,5T6J,13,4.93,189,Train,254
replica4_5T6J_100,5T6J,13,4.93,189,Train,254
replica5_5T6J_100,5T6J,13,4.93,189,Train,254
replica1_5T6P_1,5T6P,8,6.06,10,Test,
replica2_5T6P_1,5T6P,8,6.06,10,Test,
replica3_5T6P_1,5T6P,8,6.06,10,Test,
replica4_5T6P_1,5T6P,8,6.06,10,Test,
replica5_5T6P_1,5T6P,8,6.06,10,Test,
replica1_5T6P_8,5T6P,8,6.06,10,Test,
replica2_5T6P_8,5T6P,8,6.06,10,Test,
replica3_5T6P_8,5T6P,8,6.06,10,Test,
replica4_5T6P_8,5T6P,8,6.06,10,Test,
replica5_5T6P_8,5T6P,8,6.06,10,Test,
replica1_5T6P_14,5T6P,8,6.06,10,Test,
replica2_5T6P_14,5T6P,8,6.06,10,Test,
replica3_5T6P_14,5T6P,8,6.06,10,Test,
replica4_5T6P_14,5T6P,8,6.06,10,Test,
replica5_5T6P_14,5T6P,8,6.06,10,Test,
replica1_5T6P_21,5T6P,8,6.06,10,Test,
replica2_5T6P_21,5T6P,8,6.06,10,Test,
replica3_5T6P_21,5T6P,8,6.06,10,Test,
replica4_5T6P_21,5T6P,8,6.06,10,Test,
replica5_5T6P_21,5T6P,8,6.06,10,Test,
replica1_5T6P_27,5T6P,8,6.06,10,Test,
replica2_5T6P_27,5T6P,8,6.06,10,Test,
replica3_5T6P_27,5T6P,8,6.06,10,Test,
replica4_5T6P_27,5T6P,8,6.06,10,Test,
replica5_5T6P_27,5T6P,8,6.06,10,Test,
replica1_5T6P_34,5T6P,8,6.06,10,Test,
replica2_5T6P_34,5T6P,8,6.06,10,Test,
replica3_5T6P_34,5T6P,8,6.06,10,Test,
replica4_5T6P_34,5T6P,8,6.06,10,Test,
replica5_5T6P_34,5T6P,8,6.06,10,Test,
replica1_5T6P_41,5T6P,8,6.06,10,Test,
replica2_5T6P_41,5T6P,8,6.06,10,Test,
replica3_5T6P_41,5T6P,8,6.06,10,Test,
replica4_5T6P_41,5T6P,8,6.06,10,Test,
replica5_5T6P_41,5T6P,8,6.06,10,Test,
replica1_5T6P_47,5T6P,8,6.06,10,Test,
replica2_5T6P_47,5T6P,8,6.06,10,Test,
replica3_5T6P_47,5T6P,8,6.06,10,Test,
replica4_5T6P_47,5T6P,8,6.06,10,Test,
replica5_5T6P_47,5T6P,8,6.06,10,Test,
replica1_5T6P_54,5T6P,8,6.06,10,Test,
replica2_5T6P_54,5T6P,8,6.06,10,Test,
replica3_5T6P_54,5T6P,8,6.06,10,Test,
replica4_5T6P_54,5T6P,8,6.06,10,Test,
replica5_5T6P_54,5T6P,8,6.06,10,Test,
replica1_5T6P_60,5T6P,8,6.06,10,Test,
replica2_5T6P_60,5T6P,8,6.06,10,Test,
replica3_5T6P_60,5T6P,8,6.06,10,Test,
replica4_5T6P_60,5T6P,8,6.06,10,Test,
replica5_5T6P_60,5T6P,8,6.06,10,Test,
replica1_5T6P_67,5T6P,8,6.06,10,Test,
replica2_5T6P_67,5T6P,8,6.06,10,Test,
replica3_5T6P_67,5T6P,8,6.06,10,Test,
replica4_5T6P_67,5T6P,8,6.06,10,Test,
replica5_5T6P_67,5T6P,8,6.06,10,Test,
replica1_5T6P_74,5T6P,8,6.06,10,Test,
replica2_5T6P_74,5T6P,8,6.06,10,Test,
replica3_5T6P_74,5T6P,8,6.06,10,Test,
replica4_5T6P_74,5T6P,8,6.06,10,Test,
replica5_5T6P_74,5T6P,8,6.06,10,Test,
replica1_5T6P_80,5T6P,8,6.06,10,Test,
replica2_5T6P_80,5T6P,8,6.06,10,Test,
replica3_5T6P_80,5T6P,8,6.06,10,Test,
replica4_5T6P_80,5T6P,8,6.06,10,Test,
replica5_5T6P_80,5T6P,8,6.06,10,Test,
replica1_5T6P_87,5T6P,8,6.06,10,Test,
replica2_5T6P_87,5T6P,8,6.06,10,Test,
replica3_5T6P_87,5T6P,8,6.06,10,Test,
replica4_5T6P_87,5T6P,8,6.06,10,Test,
replica5_5T6P_87,5T6P,8,6.06,10,Test,
replica1_5T6P_93,5T6P,8,6.06,10,Test,
replica2_5T6P_93,5T6P,8,6.06,10,Test,
replica3_5T6P_93,5T6P,8,6.06,10,Test,
replica4_5T6P_93,5T6P,8,6.06,10,Test,
replica5_5T6P_93,5T6P,8,6.06,10,Test,
replica1_5T6P_100,5T6P,8,6.06,10,Test,
replica2_5T6P_100,5T6P,8,6.06,10,Test,
replica3_5T6P_100,5T6P,8,6.06,10,Test,
replica4_5T6P_100,5T6P,8,6.06,10,Test,
replica5_5T6P_100,5T6P,8,6.06,10,Test,
replica1_5T6Z_1,5T6Z,10,4.21,12,Train,255
replica2_5T6Z_1,5T6Z,10,4.21,12,Train,255
replica3_5T6Z_1,5T6Z,10,4.21,12,Train,255
replica4_5T6Z_1,5T6Z,10,4.21,12,Train,255
replica5_5T6Z_1,5T6Z,10,4.21,12,Train,255
replica1_5T6Z_15,5T6Z,10,4.21,12,Train,255
replica2_5T6Z_15,5T6Z,10,4.21,12,Train,255
replica3_5T6Z_15,5T6Z,10,4.21,12,Train,255
replica4_5T6Z_15,5T6Z,10,4.21,12,Train,255
replica5_5T6Z_15,5T6Z,10,4.21,12,Train,255
replica1_5T6Z_29,5T6Z,10,4.21,12,Train,255
replica2_5T6Z_29,5T6Z,10,4.21,12,Train,255
replica3_5T6Z_29,5T6Z,10,4.21,12,Train,255
replica4_5T6Z_29,5T6Z,10,4.21,12,Train,255
replica5_5T6Z_29,5T6Z,10,4.21,12,Train,255
replica1_5T6Z_43,5T6Z,10,4.21,12,Train,255
replica2_5T6Z_43,5T6Z,10,4.21,12,Train,255
replica3_5T6Z_43,5T6Z,10,4.21,12,Train,255
replica4_5T6Z_43,5T6Z,10,4.21,12,Train,255
replica5_5T6Z_43,5T6Z,10,4.21,12,Train,255
replica1_5T6Z_58,5T6Z,10,4.21,12,Train,255
replica2_5T6Z_58,5T6Z,10,4.21,12,Train,255
replica3_5T6Z_58,5T6Z,10,4.21,12,Train,255
replica4_5T6Z_58,5T6Z,10,4.21,12,Train,255
replica5_5T6Z_58,5T6Z,10,4.21,12,Train,255
replica1_5T6Z_72,5T6Z,10,4.21,12,Train,255
replica2_5T6Z_72,5T6Z,10,4.21,12,Train,255
replica3_5T6Z_72,5T6Z,10,4.21,12,Train,255
replica4_5T6Z_72,5T6Z,10,4.21,12,Train,255
replica5_5T6Z_72,5T6Z,10,4.21,12,Train,255
replica1_5T6Z_86,5T6Z,10,4.21,12,Train,255
replica2_5T6Z_86,5T6Z,10,4.21,12,Train,255
replica3_5T6Z_86,5T6Z,10,4.21,12,Train,255
replica4_5T6Z_86,5T6Z,10,4.21,12,Train,255
replica5_5T6Z_86,5T6Z,10,4.21,12,Train,255
replica1_5T6Z_100,5T6Z,10,4.21,12,Train,255
replica2_5T6Z_100,5T6Z,10,4.21,12,Train,255
replica3_5T6Z_100,5T6Z,10,4.21,12,Train,255
replica4_5T6Z_100,5T6Z,10,4.21,12,Train,255
replica5_5T6Z_100,5T6Z,10,4.21,12,Train,255
replica1_5T70_1,5T70,10,3.99,12,Train,255
replica2_5T70_1,5T70,10,3.99,12,Train,255
replica3_5T70_1,5T70,10,3.99,12,Train,255
replica4_5T70_1,5T70,10,3.99,12,Train,255
replica5_5T70_1,5T70,10,3.99,12,Train,255
replica1_5T70_15,5T70,10,3.99,12,Train,255
replica2_5T70_15,5T70,10,3.99,12,Train,255
replica3_5T70_15,5T70,10,3.99,12,Train,255
replica4_5T70_15,5T70,10,3.99,12,Train,255
replica5_5T70_15,5T70,10,3.99,12,Train,255
replica1_5T70_29,5T70,10,3.99,12,Train,255
replica2_5T70_29,5T70,10,3.99,12,Train,255
replica3_5T70_29,5T70,10,3.99,12,Train,255
replica4_5T70_29,5T70,10,3.99,12,Train,255
replica5_5T70_29,5T70,10,3.99,12,Train,255
replica1_5T70_43,5T70,10,3.99,12,Train,255
replica2_5T70_43,5T70,10,3.99,12,Train,255
replica3_5T70_43,5T70,10,3.99,12,Train,255
replica4_5T70_43,5T70,10,3.99,12,Train,255
replica5_5T70_43,5T70,10,3.99,12,Train,255
replica1_5T70_58,5T70,10,3.99,12,Train,255
replica2_5T70_58,5T70,10,3.99,12,Train,255
replica3_5T70_58,5T70,10,3.99,12,Train,255
replica4_5T70_58,5T70,10,3.99,12,Train,255
replica5_5T70_58,5T70,10,3.99,12,Train,255
replica1_5T70_72,5T70,10,3.99,12,Train,255
replica2_5T70_72,5T70,10,3.99,12,Train,255
replica3_5T70_72,5T70,10,3.99,12,Train,255
replica4_5T70_72,5T70,10,3.99,12,Train,255
replica5_5T70_72,5T70,10,3.99,12,Train,255
replica1_5T70_86,5T70,10,3.99,12,Train,255
replica2_5T70_86,5T70,10,3.99,12,Train,255
replica3_5T70_86,5T70,10,3.99,12,Train,255
replica4_5T70_86,5T70,10,3.99,12,Train,255
replica5_5T70_86,5T70,10,3.99,12,Train,255
replica1_5T70_100,5T70,10,3.99,12,Train,255
replica2_5T70_100,5T70,10,3.99,12,Train,255
replica3_5T70_100,5T70,10,3.99,12,Train,255
replica4_5T70_100,5T70,10,3.99,12,Train,255
replica5_5T70_100,5T70,10,3.99,12,Train,255
replica1_5T8R_1,5T8R,10,4.29,61,Train,256
replica2_5T8R_1,5T8R,10,4.29,61,Train,256
replica3_5T8R_1,5T8R,10,4.29,61,Train,256
replica4_5T8R_1,5T8R,10,4.29,61,Train,256
replica5_5T8R_1,5T8R,10,4.29,61,Train,256
replica1_5T8R_15,5T8R,10,4.29,61,Train,256
replica2_5T8R_15,5T8R,10,4.29,61,Train,256
replica3_5T8R_15,5T8R,10,4.29,61,Train,256
replica4_5T8R_15,5T8R,10,4.29,61,Train,256
replica5_5T8R_15,5T8R,10,4.29,61,Train,256
replica1_5T8R_29,5T8R,10,4.29,61,Train,256
replica2_5T8R_29,5T8R,10,4.29,61,Train,256
replica3_5T8R_29,5T8R,10,4.29,61,Train,256
replica4_5T8R_29,5T8R,10,4.29,61,Train,256
replica5_5T8R_29,5T8R,10,4.29,61,Train,256
replica1_5T8R_43,5T8R,10,4.29,61,Train,256
replica2_5T8R_43,5T8R,10,4.29,61,Train,256
replica3_5T8R_43,5T8R,10,4.29,61,Train,256
replica4_5T8R_43,5T8R,10,4.29,61,Train,256
replica5_5T8R_43,5T8R,10,4.29,61,Train,256
replica1_5T8R_58,5T8R,10,4.29,61,Train,256
replica2_5T8R_58,5T8R,10,4.29,61,Train,256
replica3_5T8R_58,5T8R,10,4.29,61,Train,256
replica4_5T8R_58,5T8R,10,4.29,61,Train,256
replica5_5T8R_58,5T8R,10,4.29,61,Train,256
replica1_5T8R_72,5T8R,10,4.29,61,Train,256
replica2_5T8R_72,5T8R,10,4.29,61,Train,256
replica3_5T8R_72,5T8R,10,4.29,61,Train,256
replica4_5T8R_72,5T8R,10,4.29,61,Train,256
replica5_5T8R_72,5T8R,10,4.29,61,Train,256
replica1_5T8R_86,5T8R,10,4.29,61,Train,256
replica2_5T8R_86,5T8R,10,4.29,61,Train,256
replica3_5T8R_86,5T8R,10,4.29,61,Train,256
replica4_5T8R_86,5T8R,10,4.29,61,Train,256
replica5_5T8R_86,5T8R,10,4.29,61,Train,256
replica1_5T8R_100,5T8R,10,4.29,61,Train,256
replica2_5T8R_100,5T8R,10,4.29,61,Train,256
replica3_5T8R_100,5T8R,10,4.29,61,Train,256
replica4_5T8R_100,5T8R,10,4.29,61,Train,256
replica5_5T8R_100,5T8R,10,4.29,61,Train,256
replica1_5TH2_1,5TH2,12,4.52,130,Train,158
replica2_5TH2_1,5TH2,12,4.52,130,Train,158
replica3_5TH2_1,5TH2,12,4.52,130,Train,158
replica4_5TH2_1,5TH2,12,4.52,130,Train,158
replica5_5TH2_1,5TH2,12,4.52,130,Train,158
replica1_5TKJ_1,5TKJ,8,8.15,78,Train,257
replica2_5TKJ_1,5TKJ,8,8.15,78,Train,257
replica3_5TKJ_1,5TKJ,8,8.15,78,Train,257
replica4_5TKJ_1,5TKJ,8,8.15,78,Train,257
replica5_5TKJ_1,5TKJ,8,8.15,78,Train,257
replica1_5TKJ_34,5TKJ,8,8.15,78,Train,257
replica2_5TKJ_34,5TKJ,8,8.15,78,Train,257
replica3_5TKJ_34,5TKJ,8,8.15,78,Train,257
replica4_5TKJ_34,5TKJ,8,8.15,78,Train,257
replica5_5TKJ_34,5TKJ,8,8.15,78,Train,257
replica1_5TKJ_67,5TKJ,8,8.15,78,Train,257
replica2_5TKJ_67,5TKJ,8,8.15,78,Train,257
replica3_5TKJ_67,5TKJ,8,8.15,78,Train,257
replica4_5TKJ_67,5TKJ,8,8.15,78,Train,257
replica5_5TKJ_67,5TKJ,8,8.15,78,Train,257
replica1_5TKJ_100,5TKJ,8,8.15,78,Train,257
replica2_5TKJ_100,5TKJ,8,8.15,78,Train,257
replica3_5TKJ_100,5TKJ,8,8.15,78,Train,257
replica4_5TKJ_100,5TKJ,8,8.15,78,Train,257
replica5_5TKJ_100,5TKJ,8,8.15,78,Train,257
replica1_5TKK_1,5TKK,8,8.28,78,Train,257
replica2_5TKK_1,5TKK,8,8.28,78,Train,257
replica3_5TKK_1,5TKK,8,8.28,78,Train,257
replica4_5TKK_1,5TKK,8,8.28,78,Train,257
replica5_5TKK_1,5TKK,8,8.28,78,Train,257
replica1_5TKK_8,5TKK,8,8.28,78,Train,257
replica2_5TKK_8,5TKK,8,8.28,78,Train,257
replica3_5TKK_8,5TKK,8,8.28,78,Train,257
replica4_5TKK_8,5TKK,8,8.28,78,Train,257
replica5_5TKK_8,5TKK,8,8.28,78,Train,257
replica1_5TKK_14,5TKK,8,8.28,78,Train,257
replica2_5TKK_14,5TKK,8,8.28,78,Train,257
replica3_5TKK_14,5TKK,8,8.28,78,Train,257
replica4_5TKK_14,5TKK,8,8.28,78,Train,257
replica5_5TKK_14,5TKK,8,8.28,78,Train,257
replica1_5TKK_21,5TKK,8,8.28,78,Train,257
replica2_5TKK_21,5TKK,8,8.28,78,Train,257
replica3_5TKK_21,5TKK,8,8.28,78,Train,257
replica4_5TKK_21,5TKK,8,8.28,78,Train,257
replica5_5TKK_21,5TKK,8,8.28,78,Train,257
replica1_5TKK_27,5TKK,8,8.28,78,Train,257
replica2_5TKK_27,5TKK,8,8.28,78,Train,257
replica3_5TKK_27,5TKK,8,8.28,78,Train,257
replica4_5TKK_27,5TKK,8,8.28,78,Train,257
replica5_5TKK_27,5TKK,8,8.28,78,Train,257
replica1_5TKK_34,5TKK,8,8.28,78,Train,257
replica2_5TKK_34,5TKK,8,8.28,78,Train,257
replica3_5TKK_34,5TKK,8,8.28,78,Train,257
replica4_5TKK_34,5TKK,8,8.28,78,Train,257
replica5_5TKK_34,5TKK,8,8.28,78,Train,257
replica1_5TKK_41,5TKK,8,8.28,78,Train,257
replica2_5TKK_41,5TKK,8,8.28,78,Train,257
replica3_5TKK_41,5TKK,8,8.28,78,Train,257
replica4_5TKK_41,5TKK,8,8.28,78,Train,257
replica5_5TKK_41,5TKK,8,8.28,78,Train,257
replica1_5TKK_47,5TKK,8,8.28,78,Train,257
replica2_5TKK_47,5TKK,8,8.28,78,Train,257
replica3_5TKK_47,5TKK,8,8.28,78,Train,257
replica4_5TKK_47,5TKK,8,8.28,78,Train,257
replica5_5TKK_47,5TKK,8,8.28,78,Train,257
replica1_5TKK_54,5TKK,8,8.28,78,Train,257
replica2_5TKK_54,5TKK,8,8.28,78,Train,257
replica3_5TKK_54,5TKK,8,8.28,78,Train,257
replica4_5TKK_54,5TKK,8,8.28,78,Train,257
replica5_5TKK_54,5TKK,8,8.28,78,Train,257
replica1_5TKK_60,5TKK,8,8.28,78,Train,257
replica2_5TKK_60,5TKK,8,8.28,78,Train,257
replica3_5TKK_60,5TKK,8,8.28,78,Train,257
replica4_5TKK_60,5TKK,8,8.28,78,Train,257
replica5_5TKK_60,5TKK,8,8.28,78,Train,257
replica1_5TKK_67,5TKK,8,8.28,78,Train,257
replica2_5TKK_67,5TKK,8,8.28,78,Train,257
replica3_5TKK_67,5TKK,8,8.28,78,Train,257
replica4_5TKK_67,5TKK,8,8.28,78,Train,257
replica5_5TKK_67,5TKK,8,8.28,78,Train,257
replica1_5TKK_74,5TKK,8,8.28,78,Train,257
replica2_5TKK_74,5TKK,8,8.28,78,Train,257
replica3_5TKK_74,5TKK,8,8.28,78,Train,257
replica4_5TKK_74,5TKK,8,8.28,78,Train,257
replica5_5TKK_74,5TKK,8,8.28,78,Train,257
replica1_5TKK_80,5TKK,8,8.28,78,Train,257
replica2_5TKK_80,5TKK,8,8.28,78,Train,257
replica3_5TKK_80,5TKK,8,8.28,78,Train,257
replica4_5TKK_80,5TKK,8,8.28,78,Train,257
replica5_5TKK_80,5TKK,8,8.28,78,Train,257
replica1_5TKK_87,5TKK,8,8.28,78,Train,257
replica2_5TKK_87,5TKK,8,8.28,78,Train,257
replica3_5TKK_87,5TKK,8,8.28,78,Train,257
replica4_5TKK_87,5TKK,8,8.28,78,Train,257
replica5_5TKK_87,5TKK,8,8.28,78,Train,257
replica1_5TKK_93,5TKK,8,8.28,78,Train,257
replica2_5TKK_93,5TKK,8,8.28,78,Train,257
replica3_5TKK_93,5TKK,8,8.28,78,Train,257
replica4_5TKK_93,5TKK,8,8.28,78,Train,257
replica5_5TKK_93,5TKK,8,8.28,78,Train,257
replica1_5TKK_100,5TKK,8,8.28,78,Train,257
replica2_5TKK_100,5TKK,8,8.28,78,Train,257
replica3_5TKK_100,5TKK,8,8.28,78,Train,257
replica4_5TKK_100,5TKK,8,8.28,78,Train,257
replica5_5TKK_100,5TKK,8,8.28,78,Train,257
replica1_5U98_1,5U98,9,9.7,12,Train,258
replica2_5U98_1,5U98,9,9.7,12,Train,258
replica3_5U98_1,5U98,9,9.7,12,Train,258
replica4_5U98_1,5U98,9,9.7,12,Train,258
replica5_5U98_1,5U98,9,9.7,12,Train,258
replica1_5VTB_1,5VTB,15,6.96,190,Test,
replica2_5VTB_1,5VTB,15,6.96,190,Test,
replica3_5VTB_1,5VTB,15,6.96,190,Test,
replica4_5VTB_1,5VTB,15,6.96,190,Test,
replica5_5VTB_1,5VTB,15,6.96,190,Test,
replica1_5VTB_26,5VTB,15,6.96,190,Test,
replica2_5VTB_26,5VTB,15,6.96,190,Test,
replica3_5VTB_26,5VTB,15,6.96,190,Test,
replica4_5VTB_26,5VTB,15,6.96,190,Test,
replica5_5VTB_26,5VTB,15,6.96,190,Test,
replica1_5VTB_51,5VTB,15,6.96,190,Test,
replica2_5VTB_51,5VTB,15,6.96,190,Test,
replica3_5VTB_51,5VTB,15,6.96,190,Test,
replica4_5VTB_51,5VTB,15,6.96,190,Test,
replica5_5VTB_51,5VTB,15,6.96,190,Test,
replica1_5VTB_75,5VTB,15,6.96,190,Test,
replica2_5VTB_75,5VTB,15,6.96,190,Test,
replica3_5VTB_75,5VTB,15,6.96,190,Test,
replica4_5VTB_75,5VTB,15,6.96,190,Test,
replica5_5VTB_75,5VTB,15,6.96,190,Test,
replica1_5VTB_100,5VTB,15,6.96,190,Test,
replica2_5VTB_100,5VTB,15,6.96,190,Test,
replica3_5VTB_100,5VTB,15,6.96,190,Test,
replica4_5VTB_100,5VTB,15,6.96,190,Test,
replica5_5VTB_100,5VTB,15,6.96,190,Test,
replica1_5VWI_1,5VWI,8,4.84,25,Train,259
replica2_5VWI_1,5VWI,8,4.84,25,Train,259
replica3_5VWI_1,5VWI,8,4.84,25,Train,259
replica4_5VWI_1,5VWI,8,4.84,25,Train,259
replica5_5VWI_1,5VWI,8,4.84,25,Train,259
replica1_5VWI_8,5VWI,8,4.84,25,Train,259
replica2_5VWI_8,5VWI,8,4.84,25,Train,259
replica3_5VWI_8,5VWI,8,4.84,25,Train,259
replica4_5VWI_8,5VWI,8,4.84,25,Train,259
replica5_5VWI_8,5VWI,8,4.84,25,Train,259
replica1_5VWI_14,5VWI,8,4.84,25,Train,259
replica2_5VWI_14,5VWI,8,4.84,25,Train,259
replica3_5VWI_14,5VWI,8,4.84,25,Train,259
replica4_5VWI_14,5VWI,8,4.84,25,Train,259
replica5_5VWI_14,5VWI,8,4.84,25,Train,259
replica1_5VWI_21,5VWI,8,4.84,25,Train,259
replica2_5VWI_21,5VWI,8,4.84,25,Train,259
replica3_5VWI_21,5VWI,8,4.84,25,Train,259
replica4_5VWI_21,5VWI,8,4.84,25,Train,259
replica5_5VWI_21,5VWI,8,4.84,25,Train,259
replica1_5VWI_27,5VWI,8,4.84,25,Train,259
replica2_5VWI_27,5VWI,8,4.84,25,Train,259
replica3_5VWI_27,5VWI,8,4.84,25,Train,259
replica4_5VWI_27,5VWI,8,4.84,25,Train,259
replica5_5VWI_27,5VWI,8,4.84,25,Train,259
replica1_5VWI_34,5VWI,8,4.84,25,Train,259
replica2_5VWI_34,5VWI,8,4.84,25,Train,259
replica3_5VWI_34,5VWI,8,4.84,25,Train,259
replica4_5VWI_34,5VWI,8,4.84,25,Train,259
replica5_5VWI_34,5VWI,8,4.84,25,Train,259
replica1_5VWI_41,5VWI,8,4.84,25,Train,259
replica2_5VWI_41,5VWI,8,4.84,25,Train,259
replica3_5VWI_41,5VWI,8,4.84,25,Train,259
replica4_5VWI_41,5VWI,8,4.84,25,Train,259
replica5_5VWI_41,5VWI,8,4.84,25,Train,259
replica1_5VWI_47,5VWI,8,4.84,25,Train,259
replica2_5VWI_47,5VWI,8,4.84,25,Train,259
replica3_5VWI_47,5VWI,8,4.84,25,Train,259
replica4_5VWI_47,5VWI,8,4.84,25,Train,259
replica5_5VWI_47,5VWI,8,4.84,25,Train,259
replica1_5VWI_54,5VWI,8,4.84,25,Train,259
replica2_5VWI_54,5VWI,8,4.84,25,Train,259
replica3_5VWI_54,5VWI,8,4.84,25,Train,259
replica4_5VWI_54,5VWI,8,4.84,25,Train,259
replica5_5VWI_54,5VWI,8,4.84,25,Train,259
replica1_5VWI_60,5VWI,8,4.84,25,Train,259
replica2_5VWI_60,5VWI,8,4.84,25,Train,259
replica3_5VWI_60,5VWI,8,4.84,25,Train,259
replica4_5VWI_60,5VWI,8,4.84,25,Train,259
replica5_5VWI_60,5VWI,8,4.84,25,Train,259
replica1_5VWI_67,5VWI,8,4.84,25,Train,259
replica2_5VWI_67,5VWI,8,4.84,25,Train,259
replica3_5VWI_67,5VWI,8,4.84,25,Train,259
replica4_5VWI_67,5VWI,8,4.84,25,Train,259
replica5_5VWI_67,5VWI,8,4.84,25,Train,259
replica1_5VWI_74,5VWI,8,4.84,25,Train,259
replica2_5VWI_74,5VWI,8,4.84,25,Train,259
replica3_5VWI_74,5VWI,8,4.84,25,Train,259
replica4_5VWI_74,5VWI,8,4.84,25,Train,259
replica5_5VWI_74,5VWI,8,4.84,25,Train,259
replica1_5VWI_80,5VWI,8,4.84,25,Train,259
replica2_5VWI_80,5VWI,8,4.84,25,Train,259
replica3_5VWI_80,5VWI,8,4.84,25,Train,259
replica4_5VWI_80,5VWI,8,4.84,25,Train,259
replica5_5VWI_80,5VWI,8,4.84,25,Train,259
replica1_5VWI_87,5VWI,8,4.84,25,Train,259
replica2_5VWI_87,5VWI,8,4.84,25,Train,259
replica3_5VWI_87,5VWI,8,4.84,25,Train,259
replica4_5VWI_87,5VWI,8,4.84,25,Train,259
replica5_5VWI_87,5VWI,8,4.84,25,Train,259
replica1_5VWI_93,5VWI,8,4.84,25,Train,259
replica2_5VWI_93,5VWI,8,4.84,25,Train,259
replica3_5VWI_93,5VWI,8,4.84,25,Train,259
replica4_5VWI_93,5VWI,8,4.84,25,Train,259
replica5_5VWI_93,5VWI,8,4.84,25,Train,259
replica1_5VWI_100,5VWI,8,4.84,25,Train,259
replica2_5VWI_100,5VWI,8,4.84,25,Train,259
replica3_5VWI_100,5VWI,8,4.84,25,Train,259
replica4_5VWI_100,5VWI,8,4.84,25,Train,259
replica5_5VWI_100,5VWI,8,4.84,25,Train,259
replica1_5VZY_1,5VZY,15,8.49,191,Train,260
replica2_5VZY_1,5VZY,15,8.49,191,Train,260
replica3_5VZY_1,5VZY,15,8.49,191,Train,260
replica4_5VZY_1,5VZY,15,8.49,191,Train,260
replica5_5VZY_1,5VZY,15,8.49,191,Train,260
replica1_5VZY_8,5VZY,15,8.49,191,Train,260
replica2_5VZY_8,5VZY,15,8.49,191,Train,260
replica3_5VZY_8,5VZY,15,8.49,191,Train,260
replica4_5VZY_8,5VZY,15,8.49,191,Train,260
replica5_5VZY_8,5VZY,15,8.49,191,Train,260
replica1_5VZY_14,5VZY,15,8.49,191,Train,260
replica2_5VZY_14,5VZY,15,8.49,191,Train,260
replica3_5VZY_14,5VZY,15,8.49,191,Train,260
replica4_5VZY_14,5VZY,15,8.49,191,Train,260
replica5_5VZY_14,5VZY,15,8.49,191,Train,260
replica1_5VZY_21,5VZY,15,8.49,191,Train,260
replica2_5VZY_21,5VZY,15,8.49,191,Train,260
replica3_5VZY_21,5VZY,15,8.49,191,Train,260
replica4_5VZY_21,5VZY,15,8.49,191,Train,260
replica5_5VZY_21,5VZY,15,8.49,191,Train,260
replica1_5VZY_27,5VZY,15,8.49,191,Train,260
replica2_5VZY_27,5VZY,15,8.49,191,Train,260
replica3_5VZY_27,5VZY,15,8.49,191,Train,260
replica4_5VZY_27,5VZY,15,8.49,191,Train,260
replica5_5VZY_27,5VZY,15,8.49,191,Train,260
replica1_5VZY_34,5VZY,15,8.49,191,Train,260
replica2_5VZY_34,5VZY,15,8.49,191,Train,260
replica3_5VZY_34,5VZY,15,8.49,191,Train,260
replica4_5VZY_34,5VZY,15,8.49,191,Train,260
replica5_5VZY_34,5VZY,15,8.49,191,Train,260
replica1_5VZY_41,5VZY,15,8.49,191,Train,260
replica2_5VZY_41,5VZY,15,8.49,191,Train,260
replica3_5VZY_41,5VZY,15,8.49,191,Train,260
replica4_5VZY_41,5VZY,15,8.49,191,Train,260
replica5_5VZY_41,5VZY,15,8.49,191,Train,260
replica1_5VZY_47,5VZY,15,8.49,191,Train,260
replica2_5VZY_47,5VZY,15,8.49,191,Train,260
replica3_5VZY_47,5VZY,15,8.49,191,Train,260
replica4_5VZY_47,5VZY,15,8.49,191,Train,260
replica5_5VZY_47,5VZY,15,8.49,191,Train,260
replica1_5VZY_54,5VZY,15,8.49,191,Train,260
replica2_5VZY_54,5VZY,15,8.49,191,Train,260
replica3_5VZY_54,5VZY,15,8.49,191,Train,260
replica4_5VZY_54,5VZY,15,8.49,191,Train,260
replica5_5VZY_54,5VZY,15,8.49,191,Train,260
replica1_5VZY_60,5VZY,15,8.49,191,Train,260
replica2_5VZY_60,5VZY,15,8.49,191,Train,260
replica3_5VZY_60,5VZY,15,8.49,191,Train,260
replica4_5VZY_60,5VZY,15,8.49,191,Train,260
replica5_5VZY_60,5VZY,15,8.49,191,Train,260
replica1_5VZY_67,5VZY,15,8.49,191,Train,260
replica2_5VZY_67,5VZY,15,8.49,191,Train,260
replica3_5VZY_67,5VZY,15,8.49,191,Train,260
replica4_5VZY_67,5VZY,15,8.49,191,Train,260
replica5_5VZY_67,5VZY,15,8.49,191,Train,260
replica1_5VZY_74,5VZY,15,8.49,191,Train,260
replica2_5VZY_74,5VZY,15,8.49,191,Train,260
replica3_5VZY_74,5VZY,15,8.49,191,Train,260
replica4_5VZY_74,5VZY,15,8.49,191,Train,260
replica5_5VZY_74,5VZY,15,8.49,191,Train,260
replica1_5VZY_80,5VZY,15,8.49,191,Train,260
replica2_5VZY_80,5VZY,15,8.49,191,Train,260
replica3_5VZY_80,5VZY,15,8.49,191,Train,260
replica4_5VZY_80,5VZY,15,8.49,191,Train,260
replica5_5VZY_80,5VZY,15,8.49,191,Train,260
replica1_5VZY_87,5VZY,15,8.49,191,Train,260
replica2_5VZY_87,5VZY,15,8.49,191,Train,260
replica3_5VZY_87,5VZY,15,8.49,191,Train,260
replica4_5VZY_87,5VZY,15,8.49,191,Train,260
replica5_5VZY_87,5VZY,15,8.49,191,Train,260
replica1_5VZY_93,5VZY,15,8.49,191,Train,260
replica2_5VZY_93,5VZY,15,8.49,191,Train,260
replica3_5VZY_93,5VZY,15,8.49,191,Train,260
replica4_5VZY_93,5VZY,15,8.49,191,Train,260
replica5_5VZY_93,5VZY,15,8.49,191,Train,260
replica1_5VZY_100,5VZY,15,8.49,191,Train,260
replica2_5VZY_100,5VZY,15,8.49,191,Train,260
replica3_5VZY_100,5VZY,15,8.49,191,Train,260
replica4_5VZY_100,5VZY,15,8.49,191,Train,260
replica5_5VZY_100,5VZY,15,8.49,191,Train,260
replica1_5W7I_1,5W7I,10,4.95,192,Train,261
replica2_5W7I_1,5W7I,10,4.95,192,Train,261
replica3_5W7I_1,5W7I,10,4.95,192,Train,261
replica4_5W7I_1,5W7I,10,4.95,192,Train,261
replica5_5W7I_1,5W7I,10,4.95,192,Train,261
replica1_5W7I_15,5W7I,10,4.95,192,Train,261
replica2_5W7I_15,5W7I,10,4.95,192,Train,261
replica3_5W7I_15,5W7I,10,4.95,192,Train,261
replica4_5W7I_15,5W7I,10,4.95,192,Train,261
replica5_5W7I_15,5W7I,10,4.95,192,Train,261
replica1_5W7I_29,5W7I,10,4.95,192,Train,261
replica2_5W7I_29,5W7I,10,4.95,192,Train,261
replica3_5W7I_29,5W7I,10,4.95,192,Train,261
replica4_5W7I_29,5W7I,10,4.95,192,Train,261
replica5_5W7I_29,5W7I,10,4.95,192,Train,261
replica1_5W7I_43,5W7I,10,4.95,192,Train,261
replica2_5W7I_43,5W7I,10,4.95,192,Train,261
replica3_5W7I_43,5W7I,10,4.95,192,Train,261
replica4_5W7I_43,5W7I,10,4.95,192,Train,261
replica5_5W7I_43,5W7I,10,4.95,192,Train,261
replica1_5W7I_58,5W7I,10,4.95,192,Train,261
replica2_5W7I_58,5W7I,10,4.95,192,Train,261
replica3_5W7I_58,5W7I,10,4.95,192,Train,261
replica4_5W7I_58,5W7I,10,4.95,192,Train,261
replica5_5W7I_58,5W7I,10,4.95,192,Train,261
replica1_5W7I_72,5W7I,10,4.95,192,Train,261
replica2_5W7I_72,5W7I,10,4.95,192,Train,261
replica3_5W7I_72,5W7I,10,4.95,192,Train,261
replica4_5W7I_72,5W7I,10,4.95,192,Train,261
replica5_5W7I_72,5W7I,10,4.95,192,Train,261
replica1_5W7I_86,5W7I,10,4.95,192,Train,261
replica2_5W7I_86,5W7I,10,4.95,192,Train,261
replica3_5W7I_86,5W7I,10,4.95,192,Train,261
replica4_5W7I_86,5W7I,10,4.95,192,Train,261
replica5_5W7I_86,5W7I,10,4.95,192,Train,261
replica1_5W7I_100,5W7I,10,4.95,192,Train,261
replica2_5W7I_100,5W7I,10,4.95,192,Train,261
replica3_5W7I_100,5W7I,10,4.95,192,Train,261
replica4_5W7I_100,5W7I,10,4.95,192,Train,261
replica5_5W7I_100,5W7I,10,4.95,192,Train,261
replica1_5W7J_1,5W7J,10,6.1,193,Train,262
replica2_5W7J_1,5W7J,10,6.1,193,Train,262
replica3_5W7J_1,5W7J,10,6.1,193,Train,262
replica4_5W7J_1,5W7J,10,6.1,193,Train,262
replica5_5W7J_1,5W7J,10,6.1,193,Train,262
replica1_5W7J_15,5W7J,10,6.1,193,Train,262
replica2_5W7J_15,5W7J,10,6.1,193,Train,262
replica3_5W7J_15,5W7J,10,6.1,193,Train,262
replica4_5W7J_15,5W7J,10,6.1,193,Train,262
replica5_5W7J_15,5W7J,10,6.1,193,Train,262
replica1_5W7J_29,5W7J,10,6.1,193,Train,262
replica2_5W7J_29,5W7J,10,6.1,193,Train,262
replica3_5W7J_29,5W7J,10,6.1,193,Train,262
replica4_5W7J_29,5W7J,10,6.1,193,Train,262
replica5_5W7J_29,5W7J,10,6.1,193,Train,262
replica1_5W7J_43,5W7J,10,6.1,193,Train,262
replica2_5W7J_43,5W7J,10,6.1,193,Train,262
replica3_5W7J_43,5W7J,10,6.1,193,Train,262
replica4_5W7J_43,5W7J,10,6.1,193,Train,262
replica5_5W7J_43,5W7J,10,6.1,193,Train,262
replica1_5W7J_58,5W7J,10,6.1,193,Train,262
replica2_5W7J_58,5W7J,10,6.1,193,Train,262
replica3_5W7J_58,5W7J,10,6.1,193,Train,262
replica4_5W7J_58,5W7J,10,6.1,193,Train,262
replica5_5W7J_58,5W7J,10,6.1,193,Train,262
replica1_5W7J_72,5W7J,10,6.1,193,Train,262
replica2_5W7J_72,5W7J,10,6.1,193,Train,262
replica3_5W7J_72,5W7J,10,6.1,193,Train,262
replica4_5W7J_72,5W7J,10,6.1,193,Train,262
replica5_5W7J_72,5W7J,10,6.1,193,Train,262
replica1_5W7J_86,5W7J,10,6.1,193,Train,262
replica2_5W7J_86,5W7J,10,6.1,193,Train,262
replica3_5W7J_86,5W7J,10,6.1,193,Train,262
replica4_5W7J_86,5W7J,10,6.1,193,Train,262
replica5_5W7J_86,5W7J,10,6.1,193,Train,262
replica1_5W7J_100,5W7J,10,6.1,193,Train,262
replica2_5W7J_100,5W7J,10,6.1,193,Train,262
replica3_5W7J_100,5W7J,10,6.1,193,Train,262
replica4_5W7J_100,5W7J,10,6.1,193,Train,262
replica5_5W7J_100,5W7J,10,6.1,193,Train,262
replica1_5WKF_1,5WKF,10,3.87,12,Train,263
replica2_5WKF_1,5WKF,10,3.87,12,Train,263
replica3_5WKF_1,5WKF,10,3.87,12,Train,263
replica4_5WKF_1,5WKF,10,3.87,12,Train,263
replica5_5WKF_1,5WKF,10,3.87,12,Train,263
replica1_5WKF_8,5WKF,10,3.87,12,Train,263
replica2_5WKF_8,5WKF,10,3.87,12,Train,263
replica3_5WKF_8,5WKF,10,3.87,12,Train,263
replica4_5WKF_8,5WKF,10,3.87,12,Train,263
replica5_5WKF_8,5WKF,10,3.87,12,Train,263
replica1_5WKF_14,5WKF,10,3.87,12,Train,263
replica2_5WKF_14,5WKF,10,3.87,12,Train,263
replica3_5WKF_14,5WKF,10,3.87,12,Train,263
replica4_5WKF_14,5WKF,10,3.87,12,Train,263
replica5_5WKF_14,5WKF,10,3.87,12,Train,263
replica1_5WKF_21,5WKF,10,3.87,12,Train,263
replica2_5WKF_21,5WKF,10,3.87,12,Train,263
replica3_5WKF_21,5WKF,10,3.87,12,Train,263
replica4_5WKF_21,5WKF,10,3.87,12,Train,263
replica5_5WKF_21,5WKF,10,3.87,12,Train,263
replica1_5WKF_27,5WKF,10,3.87,12,Train,263
replica2_5WKF_27,5WKF,10,3.87,12,Train,263
replica3_5WKF_27,5WKF,10,3.87,12,Train,263
replica4_5WKF_27,5WKF,10,3.87,12,Train,263
replica5_5WKF_27,5WKF,10,3.87,12,Train,263
replica1_5WKF_34,5WKF,10,3.87,12,Train,263
replica2_5WKF_34,5WKF,10,3.87,12,Train,263
replica3_5WKF_34,5WKF,10,3.87,12,Train,263
replica4_5WKF_34,5WKF,10,3.87,12,Train,263
replica5_5WKF_34,5WKF,10,3.87,12,Train,263
replica1_5WKF_41,5WKF,10,3.87,12,Train,263
replica2_5WKF_41,5WKF,10,3.87,12,Train,263
replica3_5WKF_41,5WKF,10,3.87,12,Train,263
replica4_5WKF_41,5WKF,10,3.87,12,Train,263
replica5_5WKF_41,5WKF,10,3.87,12,Train,263
replica1_5WKF_47,5WKF,10,3.87,12,Train,263
replica2_5WKF_47,5WKF,10,3.87,12,Train,263
replica3_5WKF_47,5WKF,10,3.87,12,Train,263
replica4_5WKF_47,5WKF,10,3.87,12,Train,263
replica5_5WKF_47,5WKF,10,3.87,12,Train,263
replica1_5WKF_54,5WKF,10,3.87,12,Train,263
replica2_5WKF_54,5WKF,10,3.87,12,Train,263
replica3_5WKF_54,5WKF,10,3.87,12,Train,263
replica4_5WKF_54,5WKF,10,3.87,12,Train,263
replica5_5WKF_54,5WKF,10,3.87,12,Train,263
replica1_5WKF_60,5WKF,10,3.87,12,Train,263
replica2_5WKF_60,5WKF,10,3.87,12,Train,263
replica3_5WKF_60,5WKF,10,3.87,12,Train,263
replica4_5WKF_60,5WKF,10,3.87,12,Train,263
replica5_5WKF_60,5WKF,10,3.87,12,Train,263
replica1_5WKF_67,5WKF,10,3.87,12,Train,263
replica2_5WKF_67,5WKF,10,3.87,12,Train,263
replica3_5WKF_67,5WKF,10,3.87,12,Train,263
replica4_5WKF_67,5WKF,10,3.87,12,Train,263
replica5_5WKF_67,5WKF,10,3.87,12,Train,263
replica1_5WKF_74,5WKF,10,3.87,12,Train,263
replica2_5WKF_74,5WKF,10,3.87,12,Train,263
replica3_5WKF_74,5WKF,10,3.87,12,Train,263
replica4_5WKF_74,5WKF,10,3.87,12,Train,263
replica5_5WKF_74,5WKF,10,3.87,12,Train,263
replica1_5WKF_80,5WKF,10,3.87,12,Train,263
replica2_5WKF_80,5WKF,10,3.87,12,Train,263
replica3_5WKF_80,5WKF,10,3.87,12,Train,263
replica4_5WKF_80,5WKF,10,3.87,12,Train,263
replica5_5WKF_80,5WKF,10,3.87,12,Train,263
replica1_5WKF_87,5WKF,10,3.87,12,Train,263
replica2_5WKF_87,5WKF,10,3.87,12,Train,263
replica3_5WKF_87,5WKF,10,3.87,12,Train,263
replica4_5WKF_87,5WKF,10,3.87,12,Train,263
replica5_5WKF_87,5WKF,10,3.87,12,Train,263
replica1_5WKF_93,5WKF,10,3.87,12,Train,263
replica2_5WKF_93,5WKF,10,3.87,12,Train,263
replica3_5WKF_93,5WKF,10,3.87,12,Train,263
replica4_5WKF_93,5WKF,10,3.87,12,Train,263
replica5_5WKF_93,5WKF,10,3.87,12,Train,263
replica1_5WKF_100,5WKF,10,3.87,12,Train,263
replica2_5WKF_100,5WKF,10,3.87,12,Train,263
replica3_5WKF_100,5WKF,10,3.87,12,Train,263
replica4_5WKF_100,5WKF,10,3.87,12,Train,263
replica5_5WKF_100,5WKF,10,3.87,12,Train,263
replica1_5WLG_1,5WLG,9,4.72,12,Train,264
replica2_5WLG_1,5WLG,9,4.72,12,Train,264
replica3_5WLG_1,5WLG,9,4.72,12,Train,264
replica4_5WLG_1,5WLG,9,4.72,12,Train,264
replica5_5WLG_1,5WLG,9,4.72,12,Train,264
replica1_5WLG_15,5WLG,9,4.72,12,Train,264
replica2_5WLG_15,5WLG,9,4.72,12,Train,264
replica3_5WLG_15,5WLG,9,4.72,12,Train,264
replica4_5WLG_15,5WLG,9,4.72,12,Train,264
replica5_5WLG_15,5WLG,9,4.72,12,Train,264
replica1_5WLG_29,5WLG,9,4.72,12,Train,264
replica2_5WLG_29,5WLG,9,4.72,12,Train,264
replica3_5WLG_29,5WLG,9,4.72,12,Train,264
replica4_5WLG_29,5WLG,9,4.72,12,Train,264
replica5_5WLG_29,5WLG,9,4.72,12,Train,264
replica1_5WLG_43,5WLG,9,4.72,12,Train,264
replica2_5WLG_43,5WLG,9,4.72,12,Train,264
replica3_5WLG_43,5WLG,9,4.72,12,Train,264
replica4_5WLG_43,5WLG,9,4.72,12,Train,264
replica5_5WLG_43,5WLG,9,4.72,12,Train,264
replica1_5WLG_58,5WLG,9,4.72,12,Train,264
replica3_5WLG_58,5WLG,9,4.72,12,Train,264
replica4_5WLG_58,5WLG,9,4.72,12,Train,264
replica5_5WLG_58,5WLG,9,4.72,12,Train,264
replica1_5WLG_72,5WLG,9,4.72,12,Train,264
replica2_5WLG_72,5WLG,9,4.72,12,Train,264
replica3_5WLG_72,5WLG,9,4.72,12,Train,264
replica4_5WLG_72,5WLG,9,4.72,12,Train,264
replica5_5WLG_72,5WLG,9,4.72,12,Train,264
replica1_5WLG_86,5WLG,9,4.72,12,Train,264
replica2_5WLG_86,5WLG,9,4.72,12,Train,264
replica3_5WLG_86,5WLG,9,4.72,12,Train,264
replica4_5WLG_86,5WLG,9,4.72,12,Train,264
replica5_5WLG_86,5WLG,9,4.72,12,Train,264
replica1_5WLG_100,5WLG,9,4.72,12,Train,264
replica2_5WLG_100,5WLG,9,4.72,12,Train,264
replica3_5WLG_100,5WLG,9,4.72,12,Train,264
replica4_5WLG_100,5WLG,9,4.72,12,Train,264
replica5_5WLG_100,5WLG,9,4.72,12,Train,264
replica1_5WOU_1,5WOU,8,6.18,25,Train,265
replica2_5WOU_1,5WOU,8,6.18,25,Train,265
replica3_5WOU_1,5WOU,8,6.18,25,Train,265
replica4_5WOU_1,5WOU,8,6.18,25,Train,265
replica5_5WOU_1,5WOU,8,6.18,25,Train,265
replica1_5WOU_8,5WOU,8,6.18,25,Train,265
replica2_5WOU_8,5WOU,8,6.18,25,Train,265
replica3_5WOU_8,5WOU,8,6.18,25,Train,265
replica4_5WOU_8,5WOU,8,6.18,25,Train,265
replica5_5WOU_8,5WOU,8,6.18,25,Train,265
replica1_5WOU_14,5WOU,8,6.18,25,Train,265
replica2_5WOU_14,5WOU,8,6.18,25,Train,265
replica3_5WOU_14,5WOU,8,6.18,25,Train,265
replica4_5WOU_14,5WOU,8,6.18,25,Train,265
replica5_5WOU_14,5WOU,8,6.18,25,Train,265
replica1_5WOU_21,5WOU,8,6.18,25,Train,265
replica2_5WOU_21,5WOU,8,6.18,25,Train,265
replica3_5WOU_21,5WOU,8,6.18,25,Train,265
replica4_5WOU_21,5WOU,8,6.18,25,Train,265
replica5_5WOU_21,5WOU,8,6.18,25,Train,265
replica1_5WOU_27,5WOU,8,6.18,25,Train,265
replica2_5WOU_27,5WOU,8,6.18,25,Train,265
replica3_5WOU_27,5WOU,8,6.18,25,Train,265
replica4_5WOU_27,5WOU,8,6.18,25,Train,265
replica5_5WOU_27,5WOU,8,6.18,25,Train,265
replica1_5WOU_34,5WOU,8,6.18,25,Train,265
replica2_5WOU_34,5WOU,8,6.18,25,Train,265
replica3_5WOU_34,5WOU,8,6.18,25,Train,265
replica4_5WOU_34,5WOU,8,6.18,25,Train,265
replica5_5WOU_34,5WOU,8,6.18,25,Train,265
replica1_5WOU_41,5WOU,8,6.18,25,Train,265
replica2_5WOU_41,5WOU,8,6.18,25,Train,265
replica3_5WOU_41,5WOU,8,6.18,25,Train,265
replica4_5WOU_41,5WOU,8,6.18,25,Train,265
replica5_5WOU_41,5WOU,8,6.18,25,Train,265
replica1_5WOU_47,5WOU,8,6.18,25,Train,265
replica2_5WOU_47,5WOU,8,6.18,25,Train,265
replica3_5WOU_47,5WOU,8,6.18,25,Train,265
replica4_5WOU_47,5WOU,8,6.18,25,Train,265
replica5_5WOU_47,5WOU,8,6.18,25,Train,265
replica1_5WOU_54,5WOU,8,6.18,25,Train,265
replica2_5WOU_54,5WOU,8,6.18,25,Train,265
replica3_5WOU_54,5WOU,8,6.18,25,Train,265
replica4_5WOU_54,5WOU,8,6.18,25,Train,265
replica5_5WOU_54,5WOU,8,6.18,25,Train,265
replica1_5WOU_60,5WOU,8,6.18,25,Train,265
replica2_5WOU_60,5WOU,8,6.18,25,Train,265
replica3_5WOU_60,5WOU,8,6.18,25,Train,265
replica4_5WOU_60,5WOU,8,6.18,25,Train,265
replica5_5WOU_60,5WOU,8,6.18,25,Train,265
replica1_5WOU_67,5WOU,8,6.18,25,Train,265
replica2_5WOU_67,5WOU,8,6.18,25,Train,265
replica3_5WOU_67,5WOU,8,6.18,25,Train,265
replica4_5WOU_67,5WOU,8,6.18,25,Train,265
replica5_5WOU_67,5WOU,8,6.18,25,Train,265
replica1_5WOU_74,5WOU,8,6.18,25,Train,265
replica2_5WOU_74,5WOU,8,6.18,25,Train,265
replica3_5WOU_74,5WOU,8,6.18,25,Train,265
replica4_5WOU_74,5WOU,8,6.18,25,Train,265
replica5_5WOU_74,5WOU,8,6.18,25,Train,265
replica1_5WOU_80,5WOU,8,6.18,25,Train,265
replica2_5WOU_80,5WOU,8,6.18,25,Train,265
replica3_5WOU_80,5WOU,8,6.18,25,Train,265
replica4_5WOU_80,5WOU,8,6.18,25,Train,265
replica5_5WOU_80,5WOU,8,6.18,25,Train,265
replica1_5WOU_87,5WOU,8,6.18,25,Train,265
replica2_5WOU_87,5WOU,8,6.18,25,Train,265
replica3_5WOU_87,5WOU,8,6.18,25,Train,265
replica4_5WOU_87,5WOU,8,6.18,25,Train,265
replica5_5WOU_87,5WOU,8,6.18,25,Train,265
replica1_5WOU_93,5WOU,8,6.18,25,Train,265
replica2_5WOU_93,5WOU,8,6.18,25,Train,265
replica3_5WOU_93,5WOU,8,6.18,25,Train,265
replica4_5WOU_93,5WOU,8,6.18,25,Train,265
replica5_5WOU_93,5WOU,8,6.18,25,Train,265
replica1_5WOU_100,5WOU,8,6.18,25,Train,265
replica2_5WOU_100,5WOU,8,6.18,25,Train,265
replica3_5WOU_100,5WOU,8,6.18,25,Train,265
replica4_5WOU_100,5WOU,8,6.18,25,Train,265
replica5_5WOU_100,5WOU,8,6.18,25,Train,265
replica1_5WTT_1,5WTT,8,6.6,78,Train,266
replica2_5WTT_1,5WTT,8,6.6,78,Train,266
replica3_5WTT_1,5WTT,8,6.6,78,Train,266
replica4_5WTT_1,5WTT,8,6.6,78,Train,266
replica5_5WTT_1,5WTT,8,6.6,78,Train,266
replica1_5WTT_15,5WTT,8,6.6,78,Train,266
replica2_5WTT_15,5WTT,8,6.6,78,Train,266
replica3_5WTT_15,5WTT,8,6.6,78,Train,266
replica4_5WTT_15,5WTT,8,6.6,78,Train,266
replica5_5WTT_15,5WTT,8,6.6,78,Train,266
replica1_5WTT_29,5WTT,8,6.6,78,Train,266
replica2_5WTT_29,5WTT,8,6.6,78,Train,266
replica3_5WTT_29,5WTT,8,6.6,78,Train,266
replica4_5WTT_29,5WTT,8,6.6,78,Train,266
replica5_5WTT_29,5WTT,8,6.6,78,Train,266
replica1_5WTT_43,5WTT,8,6.6,78,Train,266
replica2_5WTT_43,5WTT,8,6.6,78,Train,266
replica3_5WTT_43,5WTT,8,6.6,78,Train,266
replica4_5WTT_43,5WTT,8,6.6,78,Train,266
replica5_5WTT_43,5WTT,8,6.6,78,Train,266
replica1_5WTT_58,5WTT,8,6.6,78,Train,266
replica2_5WTT_58,5WTT,8,6.6,78,Train,266
replica3_5WTT_58,5WTT,8,6.6,78,Train,266
replica4_5WTT_58,5WTT,8,6.6,78,Train,266
replica5_5WTT_58,5WTT,8,6.6,78,Train,266
replica1_5WTT_72,5WTT,8,6.6,78,Train,266
replica2_5WTT_72,5WTT,8,6.6,78,Train,266
replica3_5WTT_72,5WTT,8,6.6,78,Train,266
replica4_5WTT_72,5WTT,8,6.6,78,Train,266
replica5_5WTT_72,5WTT,8,6.6,78,Train,266
replica1_5WTT_86,5WTT,8,6.6,78,Train,266
replica2_5WTT_86,5WTT,8,6.6,78,Train,266
replica3_5WTT_86,5WTT,8,6.6,78,Train,266
replica4_5WTT_86,5WTT,8,6.6,78,Train,266
replica5_5WTT_86,5WTT,8,6.6,78,Train,266
replica1_5WTT_100,5WTT,8,6.6,78,Train,266
replica2_5WTT_100,5WTT,8,6.6,78,Train,266
replica3_5WTT_100,5WTT,8,6.6,78,Train,266
replica4_5WTT_100,5WTT,8,6.6,78,Train,266
replica5_5WTT_100,5WTT,8,6.6,78,Train,266
replica1_5XN3_1,5XN3,8,6.17,194,Train,267
replica2_5XN3_1,5XN3,8,6.17,194,Train,267
replica3_5XN3_1,5XN3,8,6.17,194,Train,267
replica4_5XN3_1,5XN3,8,6.17,194,Train,267
replica5_5XN3_1,5XN3,8,6.17,194,Train,267
replica1_5XN3_8,5XN3,8,6.17,194,Train,267
replica2_5XN3_8,5XN3,8,6.17,194,Train,267
replica3_5XN3_8,5XN3,8,6.17,194,Train,267
replica4_5XN3_8,5XN3,8,6.17,194,Train,267
replica5_5XN3_8,5XN3,8,6.17,194,Train,267
replica1_5XN3_14,5XN3,8,6.17,194,Train,267
replica2_5XN3_14,5XN3,8,6.17,194,Train,267
replica3_5XN3_14,5XN3,8,6.17,194,Train,267
replica4_5XN3_14,5XN3,8,6.17,194,Train,267
replica5_5XN3_14,5XN3,8,6.17,194,Train,267
replica1_5XN3_21,5XN3,8,6.17,194,Train,267
replica2_5XN3_21,5XN3,8,6.17,194,Train,267
replica3_5XN3_21,5XN3,8,6.17,194,Train,267
replica4_5XN3_21,5XN3,8,6.17,194,Train,267
replica5_5XN3_21,5XN3,8,6.17,194,Train,267
replica1_5XN3_27,5XN3,8,6.17,194,Train,267
replica2_5XN3_27,5XN3,8,6.17,194,Train,267
replica3_5XN3_27,5XN3,8,6.17,194,Train,267
replica4_5XN3_27,5XN3,8,6.17,194,Train,267
replica5_5XN3_27,5XN3,8,6.17,194,Train,267
replica1_5XN3_34,5XN3,8,6.17,194,Train,267
replica2_5XN3_34,5XN3,8,6.17,194,Train,267
replica3_5XN3_34,5XN3,8,6.17,194,Train,267
replica4_5XN3_34,5XN3,8,6.17,194,Train,267
replica5_5XN3_34,5XN3,8,6.17,194,Train,267
replica1_5XN3_41,5XN3,8,6.17,194,Train,267
replica2_5XN3_41,5XN3,8,6.17,194,Train,267
replica3_5XN3_41,5XN3,8,6.17,194,Train,267
replica4_5XN3_41,5XN3,8,6.17,194,Train,267
replica5_5XN3_41,5XN3,8,6.17,194,Train,267
replica1_5XN3_47,5XN3,8,6.17,194,Train,267
replica2_5XN3_47,5XN3,8,6.17,194,Train,267
replica3_5XN3_47,5XN3,8,6.17,194,Train,267
replica4_5XN3_47,5XN3,8,6.17,194,Train,267
replica5_5XN3_47,5XN3,8,6.17,194,Train,267
replica1_5XN3_54,5XN3,8,6.17,194,Train,267
replica2_5XN3_54,5XN3,8,6.17,194,Train,267
replica3_5XN3_54,5XN3,8,6.17,194,Train,267
replica4_5XN3_54,5XN3,8,6.17,194,Train,267
replica5_5XN3_54,5XN3,8,6.17,194,Train,267
replica1_5XN3_60,5XN3,8,6.17,194,Train,267
replica2_5XN3_60,5XN3,8,6.17,194,Train,267
replica3_5XN3_60,5XN3,8,6.17,194,Train,267
replica4_5XN3_60,5XN3,8,6.17,194,Train,267
replica5_5XN3_60,5XN3,8,6.17,194,Train,267
replica1_5XN3_67,5XN3,8,6.17,194,Train,267
replica2_5XN3_67,5XN3,8,6.17,194,Train,267
replica3_5XN3_67,5XN3,8,6.17,194,Train,267
replica4_5XN3_67,5XN3,8,6.17,194,Train,267
replica5_5XN3_67,5XN3,8,6.17,194,Train,267
replica1_5XN3_74,5XN3,8,6.17,194,Train,267
replica2_5XN3_74,5XN3,8,6.17,194,Train,267
replica3_5XN3_74,5XN3,8,6.17,194,Train,267
replica4_5XN3_74,5XN3,8,6.17,194,Train,267
replica5_5XN3_74,5XN3,8,6.17,194,Train,267
replica1_5XN3_80,5XN3,8,6.17,194,Train,267
replica2_5XN3_80,5XN3,8,6.17,194,Train,267
replica3_5XN3_80,5XN3,8,6.17,194,Train,267
replica4_5XN3_80,5XN3,8,6.17,194,Train,267
replica5_5XN3_80,5XN3,8,6.17,194,Train,267
replica1_5XN3_87,5XN3,8,6.17,194,Train,267
replica2_5XN3_87,5XN3,8,6.17,194,Train,267
replica3_5XN3_87,5XN3,8,6.17,194,Train,267
replica4_5XN3_87,5XN3,8,6.17,194,Train,267
replica5_5XN3_87,5XN3,8,6.17,194,Train,267
replica1_5XN3_93,5XN3,8,6.17,194,Train,267
replica2_5XN3_93,5XN3,8,6.17,194,Train,267
replica3_5XN3_93,5XN3,8,6.17,194,Train,267
replica4_5XN3_93,5XN3,8,6.17,194,Train,267
replica5_5XN3_93,5XN3,8,6.17,194,Train,267
replica1_5XN3_100,5XN3,8,6.17,194,Train,267
replica2_5XN3_100,5XN3,8,6.17,194,Train,267
replica3_5XN3_100,5XN3,8,6.17,194,Train,267
replica4_5XN3_100,5XN3,8,6.17,194,Train,267
replica5_5XN3_100,5XN3,8,6.17,194,Train,267
replica1_5XUP_1,5XUP,12,5.25,195,Test,
replica2_5XUP_1,5XUP,12,5.25,195,Test,
replica3_5XUP_1,5XUP,12,5.25,195,Test,
replica4_5XUP_1,5XUP,12,5.25,195,Test,
replica5_5XUP_1,5XUP,12,5.25,195,Test,
replica1_5XUP_8,5XUP,12,5.25,195,Test,
replica2_5XUP_8,5XUP,12,5.25,195,Test,
replica3_5XUP_8,5XUP,12,5.25,195,Test,
replica4_5XUP_8,5XUP,12,5.25,195,Test,
replica5_5XUP_8,5XUP,12,5.25,195,Test,
replica1_5XUP_14,5XUP,12,5.25,195,Test,
replica2_5XUP_14,5XUP,12,5.25,195,Test,
replica3_5XUP_14,5XUP,12,5.25,195,Test,
replica4_5XUP_14,5XUP,12,5.25,195,Test,
replica5_5XUP_14,5XUP,12,5.25,195,Test,
replica1_5XUP_21,5XUP,12,5.25,195,Test,
replica2_5XUP_21,5XUP,12,5.25,195,Test,
replica3_5XUP_21,5XUP,12,5.25,195,Test,
replica4_5XUP_21,5XUP,12,5.25,195,Test,
replica5_5XUP_21,5XUP,12,5.25,195,Test,
replica1_5XUP_27,5XUP,12,5.25,195,Test,
replica2_5XUP_27,5XUP,12,5.25,195,Test,
replica3_5XUP_27,5XUP,12,5.25,195,Test,
replica4_5XUP_27,5XUP,12,5.25,195,Test,
replica5_5XUP_27,5XUP,12,5.25,195,Test,
replica1_5XUP_34,5XUP,12,5.25,195,Test,
replica2_5XUP_34,5XUP,12,5.25,195,Test,
replica3_5XUP_34,5XUP,12,5.25,195,Test,
replica4_5XUP_34,5XUP,12,5.25,195,Test,
replica5_5XUP_34,5XUP,12,5.25,195,Test,
replica1_5XUP_41,5XUP,12,5.25,195,Test,
replica2_5XUP_41,5XUP,12,5.25,195,Test,
replica3_5XUP_41,5XUP,12,5.25,195,Test,
replica4_5XUP_41,5XUP,12,5.25,195,Test,
replica5_5XUP_41,5XUP,12,5.25,195,Test,
replica1_5XUP_47,5XUP,12,5.25,195,Test,
replica2_5XUP_47,5XUP,12,5.25,195,Test,
replica3_5XUP_47,5XUP,12,5.25,195,Test,
replica4_5XUP_47,5XUP,12,5.25,195,Test,
replica5_5XUP_47,5XUP,12,5.25,195,Test,
replica1_5XUP_54,5XUP,12,5.25,195,Test,
replica2_5XUP_54,5XUP,12,5.25,195,Test,
replica3_5XUP_54,5XUP,12,5.25,195,Test,
replica4_5XUP_54,5XUP,12,5.25,195,Test,
replica5_5XUP_54,5XUP,12,5.25,195,Test,
replica1_5XUP_60,5XUP,12,5.25,195,Test,
replica2_5XUP_60,5XUP,12,5.25,195,Test,
replica3_5XUP_60,5XUP,12,5.25,195,Test,
replica4_5XUP_60,5XUP,12,5.25,195,Test,
replica5_5XUP_60,5XUP,12,5.25,195,Test,
replica1_5XUP_67,5XUP,12,5.25,195,Test,
replica2_5XUP_67,5XUP,12,5.25,195,Test,
replica3_5XUP_67,5XUP,12,5.25,195,Test,
replica4_5XUP_67,5XUP,12,5.25,195,Test,
replica5_5XUP_67,5XUP,12,5.25,195,Test,
replica1_5XUP_74,5XUP,12,5.25,195,Test,
replica2_5XUP_74,5XUP,12,5.25,195,Test,
replica3_5XUP_74,5XUP,12,5.25,195,Test,
replica4_5XUP_74,5XUP,12,5.25,195,Test,
replica5_5XUP_74,5XUP,12,5.25,195,Test,
replica1_5XUP_80,5XUP,12,5.25,195,Test,
replica2_5XUP_80,5XUP,12,5.25,195,Test,
replica3_5XUP_80,5XUP,12,5.25,195,Test,
replica4_5XUP_80,5XUP,12,5.25,195,Test,
replica5_5XUP_80,5XUP,12,5.25,195,Test,
replica1_5XUP_87,5XUP,12,5.25,195,Test,
replica2_5XUP_87,5XUP,12,5.25,195,Test,
replica3_5XUP_87,5XUP,12,5.25,195,Test,
replica4_5XUP_87,5XUP,12,5.25,195,Test,
replica5_5XUP_87,5XUP,12,5.25,195,Test,
replica1_5XUP_93,5XUP,12,5.25,195,Test,
replica2_5XUP_93,5XUP,12,5.25,195,Test,
replica3_5XUP_93,5XUP,12,5.25,195,Test,
replica4_5XUP_93,5XUP,12,5.25,195,Test,
replica5_5XUP_93,5XUP,12,5.25,195,Test,
replica1_5XUP_100,5XUP,12,5.25,195,Test,
replica2_5XUP_100,5XUP,12,5.25,195,Test,
replica3_5XUP_100,5XUP,12,5.25,195,Test,
replica4_5XUP_100,5XUP,12,5.25,195,Test,
replica5_5XUP_100,5XUP,12,5.25,195,Test,
replica1_5XVW_1,5XVW,14,5.48,196,Train,268
replica2_5XVW_1,5XVW,14,5.48,196,Train,268
replica3_5XVW_1,5XVW,14,5.48,196,Train,268
replica4_5XVW_1,5XVW,14,5.48,196,Train,268
replica5_5XVW_1,5XVW,14,5.48,196,Train,268
replica1_5XVW_8,5XVW,14,5.48,196,Train,268
replica2_5XVW_8,5XVW,14,5.48,196,Train,268
replica3_5XVW_8,5XVW,14,5.48,196,Train,268
replica4_5XVW_8,5XVW,14,5.48,196,Train,268
replica5_5XVW_8,5XVW,14,5.48,196,Train,268
replica1_5XVW_14,5XVW,14,5.48,196,Train,268
replica2_5XVW_14,5XVW,14,5.48,196,Train,268
replica3_5XVW_14,5XVW,14,5.48,196,Train,268
replica4_5XVW_14,5XVW,14,5.48,196,Train,268
replica5_5XVW_14,5XVW,14,5.48,196,Train,268
replica1_5XVW_21,5XVW,14,5.48,196,Train,268
replica2_5XVW_21,5XVW,14,5.48,196,Train,268
replica3_5XVW_21,5XVW,14,5.48,196,Train,268
replica4_5XVW_21,5XVW,14,5.48,196,Train,268
replica5_5XVW_21,5XVW,14,5.48,196,Train,268
replica1_5XVW_27,5XVW,14,5.48,196,Train,268
replica2_5XVW_27,5XVW,14,5.48,196,Train,268
replica3_5XVW_27,5XVW,14,5.48,196,Train,268
replica4_5XVW_27,5XVW,14,5.48,196,Train,268
replica5_5XVW_27,5XVW,14,5.48,196,Train,268
replica1_5XVW_34,5XVW,14,5.48,196,Train,268
replica2_5XVW_34,5XVW,14,5.48,196,Train,268
replica3_5XVW_34,5XVW,14,5.48,196,Train,268
replica4_5XVW_34,5XVW,14,5.48,196,Train,268
replica5_5XVW_34,5XVW,14,5.48,196,Train,268
replica1_5XVW_41,5XVW,14,5.48,196,Train,268
replica2_5XVW_41,5XVW,14,5.48,196,Train,268
replica3_5XVW_41,5XVW,14,5.48,196,Train,268
replica4_5XVW_41,5XVW,14,5.48,196,Train,268
replica5_5XVW_41,5XVW,14,5.48,196,Train,268
replica1_5XVW_47,5XVW,14,5.48,196,Train,268
replica2_5XVW_47,5XVW,14,5.48,196,Train,268
replica3_5XVW_47,5XVW,14,5.48,196,Train,268
replica4_5XVW_47,5XVW,14,5.48,196,Train,268
replica5_5XVW_47,5XVW,14,5.48,196,Train,268
replica1_5XVW_54,5XVW,14,5.48,196,Train,268
replica2_5XVW_54,5XVW,14,5.48,196,Train,268
replica3_5XVW_54,5XVW,14,5.48,196,Train,268
replica4_5XVW_54,5XVW,14,5.48,196,Train,268
replica5_5XVW_54,5XVW,14,5.48,196,Train,268
replica1_5XVW_60,5XVW,14,5.48,196,Train,268
replica2_5XVW_60,5XVW,14,5.48,196,Train,268
replica3_5XVW_60,5XVW,14,5.48,196,Train,268
replica4_5XVW_60,5XVW,14,5.48,196,Train,268
replica5_5XVW_60,5XVW,14,5.48,196,Train,268
replica1_5XVW_67,5XVW,14,5.48,196,Train,268
replica2_5XVW_67,5XVW,14,5.48,196,Train,268
replica3_5XVW_67,5XVW,14,5.48,196,Train,268
replica4_5XVW_67,5XVW,14,5.48,196,Train,268
replica5_5XVW_67,5XVW,14,5.48,196,Train,268
replica1_5XVW_74,5XVW,14,5.48,196,Train,268
replica2_5XVW_74,5XVW,14,5.48,196,Train,268
replica3_5XVW_74,5XVW,14,5.48,196,Train,268
replica4_5XVW_74,5XVW,14,5.48,196,Train,268
replica5_5XVW_74,5XVW,14,5.48,196,Train,268
replica1_5XVW_80,5XVW,14,5.48,196,Train,268
replica2_5XVW_80,5XVW,14,5.48,196,Train,268
replica3_5XVW_80,5XVW,14,5.48,196,Train,268
replica4_5XVW_80,5XVW,14,5.48,196,Train,268
replica5_5XVW_80,5XVW,14,5.48,196,Train,268
replica1_5XVW_87,5XVW,14,5.48,196,Train,268
replica2_5XVW_87,5XVW,14,5.48,196,Train,268
replica3_5XVW_87,5XVW,14,5.48,196,Train,268
replica4_5XVW_87,5XVW,14,5.48,196,Train,268
replica5_5XVW_87,5XVW,14,5.48,196,Train,268
replica1_5XVW_93,5XVW,14,5.48,196,Train,268
replica2_5XVW_93,5XVW,14,5.48,196,Train,268
replica3_5XVW_93,5XVW,14,5.48,196,Train,268
replica4_5XVW_93,5XVW,14,5.48,196,Train,268
replica5_5XVW_93,5XVW,14,5.48,196,Train,268
replica1_5XVW_100,5XVW,14,5.48,196,Train,268
replica2_5XVW_100,5XVW,14,5.48,196,Train,268
replica3_5XVW_100,5XVW,14,5.48,196,Train,268
replica4_5XVW_100,5XVW,14,5.48,196,Train,268
replica5_5XVW_100,5XVW,14,5.48,196,Train,268
replica1_5Y24_1,5Y24,6,8.34,197,Test,
replica2_5Y24_1,5Y24,6,8.34,197,Test,
replica3_5Y24_1,5Y24,6,8.34,197,Test,
replica4_5Y24_1,5Y24,6,8.34,197,Test,
replica5_5Y24_1,5Y24,6,8.34,197,Test,
replica1_5Y24_8,5Y24,6,8.34,197,Test,
replica2_5Y24_8,5Y24,6,8.34,197,Test,
replica3_5Y24_8,5Y24,6,8.34,197,Test,
replica4_5Y24_8,5Y24,6,8.34,197,Test,
replica5_5Y24_8,5Y24,6,8.34,197,Test,
replica1_5Y24_14,5Y24,6,8.34,197,Test,
replica2_5Y24_14,5Y24,6,8.34,197,Test,
replica3_5Y24_14,5Y24,6,8.34,197,Test,
replica4_5Y24_14,5Y24,6,8.34,197,Test,
replica5_5Y24_14,5Y24,6,8.34,197,Test,
replica1_5Y24_21,5Y24,6,8.34,197,Test,
replica2_5Y24_21,5Y24,6,8.34,197,Test,
replica3_5Y24_21,5Y24,6,8.34,197,Test,
replica4_5Y24_21,5Y24,6,8.34,197,Test,
replica5_5Y24_21,5Y24,6,8.34,197,Test,
replica1_5Y24_27,5Y24,6,8.34,197,Test,
replica2_5Y24_27,5Y24,6,8.34,197,Test,
replica3_5Y24_27,5Y24,6,8.34,197,Test,
replica4_5Y24_27,5Y24,6,8.34,197,Test,
replica5_5Y24_27,5Y24,6,8.34,197,Test,
replica1_5Y24_34,5Y24,6,8.34,197,Test,
replica2_5Y24_34,5Y24,6,8.34,197,Test,
replica3_5Y24_34,5Y24,6,8.34,197,Test,
replica4_5Y24_34,5Y24,6,8.34,197,Test,
replica5_5Y24_34,5Y24,6,8.34,197,Test,
replica1_5Y24_41,5Y24,6,8.34,197,Test,
replica2_5Y24_41,5Y24,6,8.34,197,Test,
replica3_5Y24_41,5Y24,6,8.34,197,Test,
replica4_5Y24_41,5Y24,6,8.34,197,Test,
replica5_5Y24_41,5Y24,6,8.34,197,Test,
replica1_5Y24_47,5Y24,6,8.34,197,Test,
replica2_5Y24_47,5Y24,6,8.34,197,Test,
replica3_5Y24_47,5Y24,6,8.34,197,Test,
replica4_5Y24_47,5Y24,6,8.34,197,Test,
replica5_5Y24_47,5Y24,6,8.34,197,Test,
replica1_5Y24_54,5Y24,6,8.34,197,Test,
replica2_5Y24_54,5Y24,6,8.34,197,Test,
replica3_5Y24_54,5Y24,6,8.34,197,Test,
replica4_5Y24_54,5Y24,6,8.34,197,Test,
replica5_5Y24_54,5Y24,6,8.34,197,Test,
replica1_5Y24_60,5Y24,6,8.34,197,Test,
replica2_5Y24_60,5Y24,6,8.34,197,Test,
replica3_5Y24_60,5Y24,6,8.34,197,Test,
replica4_5Y24_60,5Y24,6,8.34,197,Test,
replica5_5Y24_60,5Y24,6,8.34,197,Test,
replica1_5Y24_67,5Y24,6,8.34,197,Test,
replica2_5Y24_67,5Y24,6,8.34,197,Test,
replica3_5Y24_67,5Y24,6,8.34,197,Test,
replica4_5Y24_67,5Y24,6,8.34,197,Test,
replica5_5Y24_67,5Y24,6,8.34,197,Test,
replica1_5Y24_74,5Y24,6,8.34,197,Test,
replica2_5Y24_74,5Y24,6,8.34,197,Test,
replica3_5Y24_74,5Y24,6,8.34,197,Test,
replica4_5Y24_74,5Y24,6,8.34,197,Test,
replica5_5Y24_74,5Y24,6,8.34,197,Test,
replica1_5Y24_80,5Y24,6,8.34,197,Test,
replica2_5Y24_80,5Y24,6,8.34,197,Test,
replica3_5Y24_80,5Y24,6,8.34,197,Test,
replica4_5Y24_80,5Y24,6,8.34,197,Test,
replica5_5Y24_80,5Y24,6,8.34,197,Test,
replica1_5Y24_87,5Y24,6,8.34,197,Test,
replica2_5Y24_87,5Y24,6,8.34,197,Test,
replica3_5Y24_87,5Y24,6,8.34,197,Test,
replica4_5Y24_87,5Y24,6,8.34,197,Test,
replica5_5Y24_87,5Y24,6,8.34,197,Test,
replica1_5Y24_93,5Y24,6,8.34,197,Test,
replica2_5Y24_93,5Y24,6,8.34,197,Test,
replica3_5Y24_93,5Y24,6,8.34,197,Test,
replica4_5Y24_93,5Y24,6,8.34,197,Test,
replica5_5Y24_93,5Y24,6,8.34,197,Test,
replica1_5Y24_100,5Y24,6,8.34,197,Test,
replica2_5Y24_100,5Y24,6,8.34,197,Test,
replica3_5Y24_100,5Y24,6,8.34,197,Test,
replica4_5Y24_100,5Y24,6,8.34,197,Test,
replica5_5Y24_100,5Y24,6,8.34,197,Test,
replica1_5Y59_1,5Y59,12,5.29,198,Train,269
replica2_5Y59_1,5Y59,12,5.29,198,Train,269
replica3_5Y59_1,5Y59,12,5.29,198,Train,269
replica4_5Y59_1,5Y59,12,5.29,198,Train,269
replica5_5Y59_1,5Y59,12,5.29,198,Train,269
replica1_5Y59_8,5Y59,12,5.29,198,Train,269
replica2_5Y59_8,5Y59,12,5.29,198,Train,269
replica3_5Y59_8,5Y59,12,5.29,198,Train,269
replica4_5Y59_8,5Y59,12,5.29,198,Train,269
replica5_5Y59_8,5Y59,12,5.29,198,Train,269
replica1_5Y59_14,5Y59,12,5.29,198,Train,269
replica2_5Y59_14,5Y59,12,5.29,198,Train,269
replica3_5Y59_14,5Y59,12,5.29,198,Train,269
replica4_5Y59_14,5Y59,12,5.29,198,Train,269
replica5_5Y59_14,5Y59,12,5.29,198,Train,269
replica1_5Y59_21,5Y59,12,5.29,198,Train,269
replica2_5Y59_21,5Y59,12,5.29,198,Train,269
replica3_5Y59_21,5Y59,12,5.29,198,Train,269
replica4_5Y59_21,5Y59,12,5.29,198,Train,269
replica5_5Y59_21,5Y59,12,5.29,198,Train,269
replica1_5Y59_27,5Y59,12,5.29,198,Train,269
replica2_5Y59_27,5Y59,12,5.29,198,Train,269
replica3_5Y59_27,5Y59,12,5.29,198,Train,269
replica4_5Y59_27,5Y59,12,5.29,198,Train,269
replica5_5Y59_27,5Y59,12,5.29,198,Train,269
replica1_5Y59_34,5Y59,12,5.29,198,Train,269
replica2_5Y59_34,5Y59,12,5.29,198,Train,269
replica3_5Y59_34,5Y59,12,5.29,198,Train,269
replica4_5Y59_34,5Y59,12,5.29,198,Train,269
replica5_5Y59_34,5Y59,12,5.29,198,Train,269
replica1_5Y59_41,5Y59,12,5.29,198,Train,269
replica2_5Y59_41,5Y59,12,5.29,198,Train,269
replica3_5Y59_41,5Y59,12,5.29,198,Train,269
replica4_5Y59_41,5Y59,12,5.29,198,Train,269
replica5_5Y59_41,5Y59,12,5.29,198,Train,269
replica1_5Y59_47,5Y59,12,5.29,198,Train,269
replica2_5Y59_47,5Y59,12,5.29,198,Train,269
replica3_5Y59_47,5Y59,12,5.29,198,Train,269
replica4_5Y59_47,5Y59,12,5.29,198,Train,269
replica5_5Y59_47,5Y59,12,5.29,198,Train,269
replica1_5Y59_54,5Y59,12,5.29,198,Train,269
replica2_5Y59_54,5Y59,12,5.29,198,Train,269
replica3_5Y59_54,5Y59,12,5.29,198,Train,269
replica4_5Y59_54,5Y59,12,5.29,198,Train,269
replica5_5Y59_54,5Y59,12,5.29,198,Train,269
replica1_5Y59_60,5Y59,12,5.29,198,Train,269
replica2_5Y59_60,5Y59,12,5.29,198,Train,269
replica3_5Y59_60,5Y59,12,5.29,198,Train,269
replica4_5Y59_60,5Y59,12,5.29,198,Train,269
replica5_5Y59_60,5Y59,12,5.29,198,Train,269
replica1_5Y59_67,5Y59,12,5.29,198,Train,269
replica2_5Y59_67,5Y59,12,5.29,198,Train,269
replica3_5Y59_67,5Y59,12,5.29,198,Train,269
replica4_5Y59_67,5Y59,12,5.29,198,Train,269
replica5_5Y59_67,5Y59,12,5.29,198,Train,269
replica1_5Y59_74,5Y59,12,5.29,198,Train,269
replica2_5Y59_74,5Y59,12,5.29,198,Train,269
replica3_5Y59_74,5Y59,12,5.29,198,Train,269
replica4_5Y59_74,5Y59,12,5.29,198,Train,269
replica5_5Y59_74,5Y59,12,5.29,198,Train,269
replica1_5Y59_80,5Y59,12,5.29,198,Train,269
replica2_5Y59_80,5Y59,12,5.29,198,Train,269
replica3_5Y59_80,5Y59,12,5.29,198,Train,269
replica4_5Y59_80,5Y59,12,5.29,198,Train,269
replica5_5Y59_80,5Y59,12,5.29,198,Train,269
replica1_5Y59_87,5Y59,12,5.29,198,Train,269
replica2_5Y59_87,5Y59,12,5.29,198,Train,269
replica3_5Y59_87,5Y59,12,5.29,198,Train,269
replica4_5Y59_87,5Y59,12,5.29,198,Train,269
replica5_5Y59_87,5Y59,12,5.29,198,Train,269
replica1_5Y59_93,5Y59,12,5.29,198,Train,269
replica2_5Y59_93,5Y59,12,5.29,198,Train,269
replica3_5Y59_93,5Y59,12,5.29,198,Train,269
replica4_5Y59_93,5Y59,12,5.29,198,Train,269
replica5_5Y59_93,5Y59,12,5.29,198,Train,269
replica1_5Y59_100,5Y59,12,5.29,198,Train,269
replica2_5Y59_100,5Y59,12,5.29,198,Train,269
replica3_5Y59_100,5Y59,12,5.29,198,Train,269
replica4_5Y59_100,5Y59,12,5.29,198,Train,269
replica5_5Y59_100,5Y59,12,5.29,198,Train,269
replica1_5YC1_1,5YC1,5,4.34,199,Train,270
replica2_5YC1_1,5YC1,5,4.34,199,Train,270
replica3_5YC1_1,5YC1,5,4.34,199,Train,270
replica4_5YC1_1,5YC1,5,4.34,199,Train,270
replica5_5YC1_1,5YC1,5,4.34,199,Train,270
replica1_5YC1_8,5YC1,5,4.34,199,Train,270
replica2_5YC1_8,5YC1,5,4.34,199,Train,270
replica3_5YC1_8,5YC1,5,4.34,199,Train,270
replica4_5YC1_8,5YC1,5,4.34,199,Train,270
replica5_5YC1_8,5YC1,5,4.34,199,Train,270
replica1_5YC1_14,5YC1,5,4.34,199,Train,270
replica2_5YC1_14,5YC1,5,4.34,199,Train,270
replica3_5YC1_14,5YC1,5,4.34,199,Train,270
replica4_5YC1_14,5YC1,5,4.34,199,Train,270
replica5_5YC1_14,5YC1,5,4.34,199,Train,270
replica1_5YC1_21,5YC1,5,4.34,199,Train,270
replica2_5YC1_21,5YC1,5,4.34,199,Train,270
replica3_5YC1_21,5YC1,5,4.34,199,Train,270
replica4_5YC1_21,5YC1,5,4.34,199,Train,270
replica5_5YC1_21,5YC1,5,4.34,199,Train,270
replica1_5YC1_27,5YC1,5,4.34,199,Train,270
replica2_5YC1_27,5YC1,5,4.34,199,Train,270
replica3_5YC1_27,5YC1,5,4.34,199,Train,270
replica4_5YC1_27,5YC1,5,4.34,199,Train,270
replica5_5YC1_27,5YC1,5,4.34,199,Train,270
replica1_5YC1_34,5YC1,5,4.34,199,Train,270
replica2_5YC1_34,5YC1,5,4.34,199,Train,270
replica3_5YC1_34,5YC1,5,4.34,199,Train,270
replica4_5YC1_34,5YC1,5,4.34,199,Train,270
replica5_5YC1_34,5YC1,5,4.34,199,Train,270
replica1_5YC1_41,5YC1,5,4.34,199,Train,270
replica2_5YC1_41,5YC1,5,4.34,199,Train,270
replica3_5YC1_41,5YC1,5,4.34,199,Train,270
replica4_5YC1_41,5YC1,5,4.34,199,Train,270
replica5_5YC1_41,5YC1,5,4.34,199,Train,270
replica1_5YC1_47,5YC1,5,4.34,199,Train,270
replica2_5YC1_47,5YC1,5,4.34,199,Train,270
replica3_5YC1_47,5YC1,5,4.34,199,Train,270
replica4_5YC1_47,5YC1,5,4.34,199,Train,270
replica5_5YC1_47,5YC1,5,4.34,199,Train,270
replica1_5YC1_54,5YC1,5,4.34,199,Train,270
replica2_5YC1_54,5YC1,5,4.34,199,Train,270
replica3_5YC1_54,5YC1,5,4.34,199,Train,270
replica4_5YC1_54,5YC1,5,4.34,199,Train,270
replica5_5YC1_54,5YC1,5,4.34,199,Train,270
replica1_5YC1_60,5YC1,5,4.34,199,Train,270
replica2_5YC1_60,5YC1,5,4.34,199,Train,270
replica3_5YC1_60,5YC1,5,4.34,199,Train,270
replica4_5YC1_60,5YC1,5,4.34,199,Train,270
replica5_5YC1_60,5YC1,5,4.34,199,Train,270
replica1_5YC1_67,5YC1,5,4.34,199,Train,270
replica2_5YC1_67,5YC1,5,4.34,199,Train,270
replica3_5YC1_67,5YC1,5,4.34,199,Train,270
replica4_5YC1_67,5YC1,5,4.34,199,Train,270
replica5_5YC1_67,5YC1,5,4.34,199,Train,270
replica1_5YC1_74,5YC1,5,4.34,199,Train,270
replica2_5YC1_74,5YC1,5,4.34,199,Train,270
replica3_5YC1_74,5YC1,5,4.34,199,Train,270
replica4_5YC1_74,5YC1,5,4.34,199,Train,270
replica5_5YC1_74,5YC1,5,4.34,199,Train,270
replica1_5YC1_80,5YC1,5,4.34,199,Train,270
replica2_5YC1_80,5YC1,5,4.34,199,Train,270
replica3_5YC1_80,5YC1,5,4.34,199,Train,270
replica4_5YC1_80,5YC1,5,4.34,199,Train,270
replica5_5YC1_80,5YC1,5,4.34,199,Train,270
replica1_5YC1_87,5YC1,5,4.34,199,Train,270
replica2_5YC1_87,5YC1,5,4.34,199,Train,270
replica3_5YC1_87,5YC1,5,4.34,199,Train,270
replica4_5YC1_87,5YC1,5,4.34,199,Train,270
replica5_5YC1_87,5YC1,5,4.34,199,Train,270
replica1_5YC1_93,5YC1,5,4.34,199,Train,270
replica2_5YC1_93,5YC1,5,4.34,199,Train,270
replica3_5YC1_93,5YC1,5,4.34,199,Train,270
replica4_5YC1_93,5YC1,5,4.34,199,Train,270
replica5_5YC1_93,5YC1,5,4.34,199,Train,270
replica1_5YC1_100,5YC1,5,4.34,199,Train,270
replica2_5YC1_100,5YC1,5,4.34,199,Train,270
replica3_5YC1_100,5YC1,5,4.34,199,Train,270
replica4_5YC1_100,5YC1,5,4.34,199,Train,270
replica5_5YC1_100,5YC1,5,4.34,199,Train,270
replica1_5YGF_1,5YGF,9,6.21,200,Train,271
replica2_5YGF_1,5YGF,9,6.21,200,Train,271
replica3_5YGF_1,5YGF,9,6.21,200,Train,271
replica4_5YGF_1,5YGF,9,6.21,200,Train,271
replica5_5YGF_1,5YGF,9,6.21,200,Train,271
replica1_5YGF_8,5YGF,9,6.21,200,Train,271
replica2_5YGF_8,5YGF,9,6.21,200,Train,271
replica3_5YGF_8,5YGF,9,6.21,200,Train,271
replica4_5YGF_8,5YGF,9,6.21,200,Train,271
replica5_5YGF_8,5YGF,9,6.21,200,Train,271
replica1_5YGF_14,5YGF,9,6.21,200,Train,271
replica2_5YGF_14,5YGF,9,6.21,200,Train,271
replica3_5YGF_14,5YGF,9,6.21,200,Train,271
replica4_5YGF_14,5YGF,9,6.21,200,Train,271
replica5_5YGF_14,5YGF,9,6.21,200,Train,271
replica1_5YGF_21,5YGF,9,6.21,200,Train,271
replica2_5YGF_21,5YGF,9,6.21,200,Train,271
replica3_5YGF_21,5YGF,9,6.21,200,Train,271
replica4_5YGF_21,5YGF,9,6.21,200,Train,271
replica5_5YGF_21,5YGF,9,6.21,200,Train,271
replica1_5YGF_27,5YGF,9,6.21,200,Train,271
replica2_5YGF_27,5YGF,9,6.21,200,Train,271
replica3_5YGF_27,5YGF,9,6.21,200,Train,271
replica4_5YGF_27,5YGF,9,6.21,200,Train,271
replica5_5YGF_27,5YGF,9,6.21,200,Train,271
replica1_5YGF_34,5YGF,9,6.21,200,Train,271
replica2_5YGF_34,5YGF,9,6.21,200,Train,271
replica3_5YGF_34,5YGF,9,6.21,200,Train,271
replica4_5YGF_34,5YGF,9,6.21,200,Train,271
replica5_5YGF_34,5YGF,9,6.21,200,Train,271
replica1_5YGF_41,5YGF,9,6.21,200,Train,271
replica2_5YGF_41,5YGF,9,6.21,200,Train,271
replica3_5YGF_41,5YGF,9,6.21,200,Train,271
replica4_5YGF_41,5YGF,9,6.21,200,Train,271
replica5_5YGF_41,5YGF,9,6.21,200,Train,271
replica1_5YGF_47,5YGF,9,6.21,200,Train,271
replica2_5YGF_47,5YGF,9,6.21,200,Train,271
replica3_5YGF_47,5YGF,9,6.21,200,Train,271
replica4_5YGF_47,5YGF,9,6.21,200,Train,271
replica5_5YGF_47,5YGF,9,6.21,200,Train,271
replica1_5YGF_54,5YGF,9,6.21,200,Train,271
replica2_5YGF_54,5YGF,9,6.21,200,Train,271
replica3_5YGF_54,5YGF,9,6.21,200,Train,271
replica4_5YGF_54,5YGF,9,6.21,200,Train,271
replica5_5YGF_54,5YGF,9,6.21,200,Train,271
replica1_5YGF_60,5YGF,9,6.21,200,Train,271
replica2_5YGF_60,5YGF,9,6.21,200,Train,271
replica3_5YGF_60,5YGF,9,6.21,200,Train,271
replica4_5YGF_60,5YGF,9,6.21,200,Train,271
replica5_5YGF_60,5YGF,9,6.21,200,Train,271
replica1_5YGF_67,5YGF,9,6.21,200,Train,271
replica2_5YGF_67,5YGF,9,6.21,200,Train,271
replica3_5YGF_67,5YGF,9,6.21,200,Train,271
replica4_5YGF_67,5YGF,9,6.21,200,Train,271
replica5_5YGF_67,5YGF,9,6.21,200,Train,271
replica1_5YGF_74,5YGF,9,6.21,200,Train,271
replica2_5YGF_74,5YGF,9,6.21,200,Train,271
replica3_5YGF_74,5YGF,9,6.21,200,Train,271
replica4_5YGF_74,5YGF,9,6.21,200,Train,271
replica5_5YGF_74,5YGF,9,6.21,200,Train,271
replica1_5YGF_80,5YGF,9,6.21,200,Train,271
replica2_5YGF_80,5YGF,9,6.21,200,Train,271
replica3_5YGF_80,5YGF,9,6.21,200,Train,271
replica4_5YGF_80,5YGF,9,6.21,200,Train,271
replica5_5YGF_80,5YGF,9,6.21,200,Train,271
replica1_5YGF_87,5YGF,9,6.21,200,Train,271
replica2_5YGF_87,5YGF,9,6.21,200,Train,271
replica3_5YGF_87,5YGF,9,6.21,200,Train,271
replica4_5YGF_87,5YGF,9,6.21,200,Train,271
replica5_5YGF_87,5YGF,9,6.21,200,Train,271
replica1_5YGF_93,5YGF,9,6.21,200,Train,271
replica2_5YGF_93,5YGF,9,6.21,200,Train,271
replica3_5YGF_93,5YGF,9,6.21,200,Train,271
replica4_5YGF_93,5YGF,9,6.21,200,Train,271
replica5_5YGF_93,5YGF,9,6.21,200,Train,271
replica1_5YGF_100,5YGF,9,6.21,200,Train,271
replica2_5YGF_100,5YGF,9,6.21,200,Train,271
replica3_5YGF_100,5YGF,9,6.21,200,Train,271
replica4_5YGF_100,5YGF,9,6.21,200,Train,271
replica5_5YGF_100,5YGF,9,6.21,200,Train,271
replica1_5ZOO_1,5ZOO,14,5.65,201,Train,272
replica2_5ZOO_1,5ZOO,14,5.65,201,Train,272
replica3_5ZOO_1,5ZOO,14,5.65,201,Train,272
replica4_5ZOO_1,5ZOO,14,5.65,201,Train,272
replica5_5ZOO_1,5ZOO,14,5.65,201,Train,272
replica1_5ZOO_15,5ZOO,14,5.65,201,Train,272
replica2_5ZOO_15,5ZOO,14,5.65,201,Train,272
replica3_5ZOO_15,5ZOO,14,5.65,201,Train,272
replica4_5ZOO_15,5ZOO,14,5.65,201,Train,272
replica5_5ZOO_15,5ZOO,14,5.65,201,Train,272
replica1_5ZOO_29,5ZOO,14,5.65,201,Train,272
replica2_5ZOO_29,5ZOO,14,5.65,201,Train,272
replica3_5ZOO_29,5ZOO,14,5.65,201,Train,272
replica4_5ZOO_29,5ZOO,14,5.65,201,Train,272
replica5_5ZOO_29,5ZOO,14,5.65,201,Train,272
replica1_5ZOO_43,5ZOO,14,5.65,201,Train,272
replica2_5ZOO_43,5ZOO,14,5.65,201,Train,272
replica3_5ZOO_43,5ZOO,14,5.65,201,Train,272
replica4_5ZOO_43,5ZOO,14,5.65,201,Train,272
replica5_5ZOO_43,5ZOO,14,5.65,201,Train,272
replica1_5ZOO_58,5ZOO,14,5.65,201,Train,272
replica2_5ZOO_58,5ZOO,14,5.65,201,Train,272
replica3_5ZOO_58,5ZOO,14,5.65,201,Train,272
replica4_5ZOO_58,5ZOO,14,5.65,201,Train,272
replica5_5ZOO_58,5ZOO,14,5.65,201,Train,272
replica1_5ZOO_72,5ZOO,14,5.65,201,Train,272
replica2_5ZOO_72,5ZOO,14,5.65,201,Train,272
replica3_5ZOO_72,5ZOO,14,5.65,201,Train,272
replica4_5ZOO_72,5ZOO,14,5.65,201,Train,272
replica5_5ZOO_72,5ZOO,14,5.65,201,Train,272
replica1_5ZOO_86,5ZOO,14,5.65,201,Train,272
replica2_5ZOO_86,5ZOO,14,5.65,201,Train,272
replica3_5ZOO_86,5ZOO,14,5.65,201,Train,272
replica4_5ZOO_86,5ZOO,14,5.65,201,Train,272
replica5_5ZOO_86,5ZOO,14,5.65,201,Train,272
replica1_5ZOO_100,5ZOO,14,5.65,201,Train,272
replica2_5ZOO_100,5ZOO,14,5.65,201,Train,272
replica3_5ZOO_100,5ZOO,14,5.65,201,Train,272
replica4_5ZOO_100,5ZOO,14,5.65,201,Train,272
replica5_5ZOO_100,5ZOO,14,5.65,201,Train,272
replica1_5ZOP_1,5ZOP,12,4.73,201,Train,273
replica2_5ZOP_1,5ZOP,12,4.73,201,Train,273
replica3_5ZOP_1,5ZOP,12,4.73,201,Train,273
replica4_5ZOP_1,5ZOP,12,4.73,201,Train,273
replica5_5ZOP_1,5ZOP,12,4.73,201,Train,273
replica1_5ZOP_15,5ZOP,12,4.73,201,Train,273
replica2_5ZOP_15,5ZOP,12,4.73,201,Train,273
replica3_5ZOP_15,5ZOP,12,4.73,201,Train,273
replica4_5ZOP_15,5ZOP,12,4.73,201,Train,273
replica5_5ZOP_15,5ZOP,12,4.73,201,Train,273
replica1_5ZOP_29,5ZOP,12,4.73,201,Train,273
replica2_5ZOP_29,5ZOP,12,4.73,201,Train,273
replica3_5ZOP_29,5ZOP,12,4.73,201,Train,273
replica4_5ZOP_29,5ZOP,12,4.73,201,Train,273
replica5_5ZOP_29,5ZOP,12,4.73,201,Train,273
replica1_5ZOP_43,5ZOP,12,4.73,201,Train,273
replica2_5ZOP_43,5ZOP,12,4.73,201,Train,273
replica3_5ZOP_43,5ZOP,12,4.73,201,Train,273
replica4_5ZOP_43,5ZOP,12,4.73,201,Train,273
replica5_5ZOP_43,5ZOP,12,4.73,201,Train,273
replica1_5ZOP_58,5ZOP,12,4.73,201,Train,273
replica2_5ZOP_58,5ZOP,12,4.73,201,Train,273
replica3_5ZOP_58,5ZOP,12,4.73,201,Train,273
replica4_5ZOP_58,5ZOP,12,4.73,201,Train,273
replica5_5ZOP_58,5ZOP,12,4.73,201,Train,273
replica1_5ZOP_72,5ZOP,12,4.73,201,Train,273
replica2_5ZOP_72,5ZOP,12,4.73,201,Train,273
replica3_5ZOP_72,5ZOP,12,4.73,201,Train,273
replica4_5ZOP_72,5ZOP,12,4.73,201,Train,273
replica5_5ZOP_72,5ZOP,12,4.73,201,Train,273
replica1_5ZOP_86,5ZOP,12,4.73,201,Train,273
replica2_5ZOP_86,5ZOP,12,4.73,201,Train,273
replica3_5ZOP_86,5ZOP,12,4.73,201,Train,273
replica4_5ZOP_86,5ZOP,12,4.73,201,Train,273
replica5_5ZOP_86,5ZOP,12,4.73,201,Train,273
replica1_5ZOP_100,5ZOP,12,4.73,201,Train,273
replica2_5ZOP_100,5ZOP,12,4.73,201,Train,273
replica3_5ZOP_100,5ZOP,12,4.73,201,Train,273
replica4_5ZOP_100,5ZOP,12,4.73,201,Train,273
replica5_5ZOP_100,5ZOP,12,4.73,201,Train,273
replica1_5ZVW_1,5ZVW,6,8.62,197,Test,
replica2_5ZVW_1,5ZVW,6,8.62,197,Test,
replica3_5ZVW_1,5ZVW,6,8.62,197,Test,
replica4_5ZVW_1,5ZVW,6,8.62,197,Test,
replica5_5ZVW_1,5ZVW,6,8.62,197,Test,
replica1_5ZVW_8,5ZVW,6,8.62,197,Test,
replica2_5ZVW_8,5ZVW,6,8.62,197,Test,
replica3_5ZVW_8,5ZVW,6,8.62,197,Test,
replica4_5ZVW_8,5ZVW,6,8.62,197,Test,
replica5_5ZVW_8,5ZVW,6,8.62,197,Test,
replica1_5ZVW_14,5ZVW,6,8.62,197,Test,
replica2_5ZVW_14,5ZVW,6,8.62,197,Test,
replica3_5ZVW_14,5ZVW,6,8.62,197,Test,
replica4_5ZVW_14,5ZVW,6,8.62,197,Test,
replica5_5ZVW_14,5ZVW,6,8.62,197,Test,
replica1_5ZVW_21,5ZVW,6,8.62,197,Test,
replica2_5ZVW_21,5ZVW,6,8.62,197,Test,
replica3_5ZVW_21,5ZVW,6,8.62,197,Test,
replica4_5ZVW_21,5ZVW,6,8.62,197,Test,
replica5_5ZVW_21,5ZVW,6,8.62,197,Test,
replica1_5ZVW_27,5ZVW,6,8.62,197,Test,
replica2_5ZVW_27,5ZVW,6,8.62,197,Test,
replica3_5ZVW_27,5ZVW,6,8.62,197,Test,
replica4_5ZVW_27,5ZVW,6,8.62,197,Test,
replica5_5ZVW_27,5ZVW,6,8.62,197,Test,
replica1_5ZVW_34,5ZVW,6,8.62,197,Test,
replica2_5ZVW_34,5ZVW,6,8.62,197,Test,
replica3_5ZVW_34,5ZVW,6,8.62,197,Test,
replica4_5ZVW_34,5ZVW,6,8.62,197,Test,
replica5_5ZVW_34,5ZVW,6,8.62,197,Test,
replica1_5ZVW_41,5ZVW,6,8.62,197,Test,
replica2_5ZVW_41,5ZVW,6,8.62,197,Test,
replica3_5ZVW_41,5ZVW,6,8.62,197,Test,
replica4_5ZVW_41,5ZVW,6,8.62,197,Test,
replica5_5ZVW_41,5ZVW,6,8.62,197,Test,
replica1_5ZVW_47,5ZVW,6,8.62,197,Test,
replica2_5ZVW_47,5ZVW,6,8.62,197,Test,
replica3_5ZVW_47,5ZVW,6,8.62,197,Test,
replica4_5ZVW_47,5ZVW,6,8.62,197,Test,
replica5_5ZVW_47,5ZVW,6,8.62,197,Test,
replica1_5ZVW_54,5ZVW,6,8.62,197,Test,
replica2_5ZVW_54,5ZVW,6,8.62,197,Test,
replica3_5ZVW_54,5ZVW,6,8.62,197,Test,
replica4_5ZVW_54,5ZVW,6,8.62,197,Test,
replica5_5ZVW_54,5ZVW,6,8.62,197,Test,
replica1_5ZVW_60,5ZVW,6,8.62,197,Test,
replica2_5ZVW_60,5ZVW,6,8.62,197,Test,
replica3_5ZVW_60,5ZVW,6,8.62,197,Test,
replica4_5ZVW_60,5ZVW,6,8.62,197,Test,
replica5_5ZVW_60,5ZVW,6,8.62,197,Test,
replica1_5ZVW_67,5ZVW,6,8.62,197,Test,
replica2_5ZVW_67,5ZVW,6,8.62,197,Test,
replica3_5ZVW_67,5ZVW,6,8.62,197,Test,
replica4_5ZVW_67,5ZVW,6,8.62,197,Test,
replica5_5ZVW_67,5ZVW,6,8.62,197,Test,
replica1_5ZVW_74,5ZVW,6,8.62,197,Test,
replica2_5ZVW_74,5ZVW,6,8.62,197,Test,
replica3_5ZVW_74,5ZVW,6,8.62,197,Test,
replica4_5ZVW_74,5ZVW,6,8.62,197,Test,
replica5_5ZVW_74,5ZVW,6,8.62,197,Test,
replica1_5ZVW_80,5ZVW,6,8.62,197,Test,
replica2_5ZVW_80,5ZVW,6,8.62,197,Test,
replica3_5ZVW_80,5ZVW,6,8.62,197,Test,
replica4_5ZVW_80,5ZVW,6,8.62,197,Test,
replica5_5ZVW_80,5ZVW,6,8.62,197,Test,
replica1_5ZVW_87,5ZVW,6,8.62,197,Test,
replica2_5ZVW_87,5ZVW,6,8.62,197,Test,
replica3_5ZVW_87,5ZVW,6,8.62,197,Test,
replica4_5ZVW_87,5ZVW,6,8.62,197,Test,
replica5_5ZVW_87,5ZVW,6,8.62,197,Test,
replica1_5ZVW_93,5ZVW,6,8.62,197,Test,
replica2_5ZVW_93,5ZVW,6,8.62,197,Test,
replica3_5ZVW_93,5ZVW,6,8.62,197,Test,
replica4_5ZVW_93,5ZVW,6,8.62,197,Test,
replica5_5ZVW_93,5ZVW,6,8.62,197,Test,
replica1_5ZVW_100,5ZVW,6,8.62,197,Test,
replica2_5ZVW_100,5ZVW,6,8.62,197,Test,
replica3_5ZVW_100,5ZVW,6,8.62,197,Test,
replica4_5ZVW_100,5ZVW,6,8.62,197,Test,
replica5_5ZVW_100,5ZVW,6,8.62,197,Test,
replica1_5ZYS_1,5ZYS,10,6.27,25,Train,274
replica2_5ZYS_1,5ZYS,10,6.27,25,Train,274
replica3_5ZYS_1,5ZYS,10,6.27,25,Train,274
replica4_5ZYS_1,5ZYS,10,6.27,25,Train,274
replica5_5ZYS_1,5ZYS,10,6.27,25,Train,274
replica1_5ZYS_8,5ZYS,10,6.27,25,Train,274
replica2_5ZYS_8,5ZYS,10,6.27,25,Train,274
replica3_5ZYS_8,5ZYS,10,6.27,25,Train,274
replica4_5ZYS_8,5ZYS,10,6.27,25,Train,274
replica5_5ZYS_8,5ZYS,10,6.27,25,Train,274
replica1_5ZYS_14,5ZYS,10,6.27,25,Train,274
replica2_5ZYS_14,5ZYS,10,6.27,25,Train,274
replica3_5ZYS_14,5ZYS,10,6.27,25,Train,274
replica4_5ZYS_14,5ZYS,10,6.27,25,Train,274
replica5_5ZYS_14,5ZYS,10,6.27,25,Train,274
replica1_5ZYS_21,5ZYS,10,6.27,25,Train,274
replica2_5ZYS_21,5ZYS,10,6.27,25,Train,274
replica3_5ZYS_21,5ZYS,10,6.27,25,Train,274
replica4_5ZYS_21,5ZYS,10,6.27,25,Train,274
replica5_5ZYS_21,5ZYS,10,6.27,25,Train,274
replica1_5ZYS_27,5ZYS,10,6.27,25,Train,274
replica2_5ZYS_27,5ZYS,10,6.27,25,Train,274
replica3_5ZYS_27,5ZYS,10,6.27,25,Train,274
replica4_5ZYS_27,5ZYS,10,6.27,25,Train,274
replica5_5ZYS_27,5ZYS,10,6.27,25,Train,274
replica1_5ZYS_34,5ZYS,10,6.27,25,Train,274
replica2_5ZYS_34,5ZYS,10,6.27,25,Train,274
replica3_5ZYS_34,5ZYS,10,6.27,25,Train,274
replica4_5ZYS_34,5ZYS,10,6.27,25,Train,274
replica5_5ZYS_34,5ZYS,10,6.27,25,Train,274
replica1_5ZYS_41,5ZYS,10,6.27,25,Train,274
replica2_5ZYS_41,5ZYS,10,6.27,25,Train,274
replica3_5ZYS_41,5ZYS,10,6.27,25,Train,274
replica4_5ZYS_41,5ZYS,10,6.27,25,Train,274
replica5_5ZYS_41,5ZYS,10,6.27,25,Train,274
replica1_5ZYS_47,5ZYS,10,6.27,25,Train,274
replica2_5ZYS_47,5ZYS,10,6.27,25,Train,274
replica3_5ZYS_47,5ZYS,10,6.27,25,Train,274
replica4_5ZYS_47,5ZYS,10,6.27,25,Train,274
replica5_5ZYS_47,5ZYS,10,6.27,25,Train,274
replica1_5ZYS_54,5ZYS,10,6.27,25,Train,274
replica2_5ZYS_54,5ZYS,10,6.27,25,Train,274
replica3_5ZYS_54,5ZYS,10,6.27,25,Train,274
replica4_5ZYS_54,5ZYS,10,6.27,25,Train,274
replica5_5ZYS_54,5ZYS,10,6.27,25,Train,274
replica1_5ZYS_60,5ZYS,10,6.27,25,Train,274
replica2_5ZYS_60,5ZYS,10,6.27,25,Train,274
replica3_5ZYS_60,5ZYS,10,6.27,25,Train,274
replica4_5ZYS_60,5ZYS,10,6.27,25,Train,274
replica5_5ZYS_60,5ZYS,10,6.27,25,Train,274
replica1_5ZYS_67,5ZYS,10,6.27,25,Train,274
replica2_5ZYS_67,5ZYS,10,6.27,25,Train,274
replica3_5ZYS_67,5ZYS,10,6.27,25,Train,274
replica4_5ZYS_67,5ZYS,10,6.27,25,Train,274
replica5_5ZYS_67,5ZYS,10,6.27,25,Train,274
replica1_5ZYS_74,5ZYS,10,6.27,25,Train,274
replica2_5ZYS_74,5ZYS,10,6.27,25,Train,274
replica3_5ZYS_74,5ZYS,10,6.27,25,Train,274
replica4_5ZYS_74,5ZYS,10,6.27,25,Train,274
replica5_5ZYS_74,5ZYS,10,6.27,25,Train,274
replica1_5ZYS_80,5ZYS,10,6.27,25,Train,274
replica2_5ZYS_80,5ZYS,10,6.27,25,Train,274
replica3_5ZYS_80,5ZYS,10,6.27,25,Train,274
replica4_5ZYS_80,5ZYS,10,6.27,25,Train,274
replica5_5ZYS_80,5ZYS,10,6.27,25,Train,274
replica1_5ZYS_87,5ZYS,10,6.27,25,Train,274
replica2_5ZYS_87,5ZYS,10,6.27,25,Train,274
replica3_5ZYS_87,5ZYS,10,6.27,25,Train,274
replica4_5ZYS_87,5ZYS,10,6.27,25,Train,274
replica5_5ZYS_87,5ZYS,10,6.27,25,Train,274
replica1_5ZYS_93,5ZYS,10,6.27,25,Train,274
replica2_5ZYS_93,5ZYS,10,6.27,25,Train,274
replica3_5ZYS_93,5ZYS,10,6.27,25,Train,274
replica4_5ZYS_93,5ZYS,10,6.27,25,Train,274
replica5_5ZYS_93,5ZYS,10,6.27,25,Train,274
replica1_5ZYS_100,5ZYS,10,6.27,25,Train,274
replica2_5ZYS_100,5ZYS,10,6.27,25,Train,274
replica3_5ZYS_100,5ZYS,10,6.27,25,Train,274
replica4_5ZYS_100,5ZYS,10,6.27,25,Train,274
replica5_5ZYS_100,5ZYS,10,6.27,25,Train,274
replica1_6A30_1,6A30,6,4.89,202,Test,
replica2_6A30_1,6A30,6,4.89,202,Test,
replica3_6A30_1,6A30,6,4.89,202,Test,
replica4_6A30_1,6A30,6,4.89,202,Test,
replica5_6A30_1,6A30,6,4.89,202,Test,
replica1_6A30_8,6A30,6,4.89,202,Test,
replica2_6A30_8,6A30,6,4.89,202,Test,
replica3_6A30_8,6A30,6,4.89,202,Test,
replica4_6A30_8,6A30,6,4.89,202,Test,
replica5_6A30_8,6A30,6,4.89,202,Test,
replica1_6A30_14,6A30,6,4.89,202,Test,
replica2_6A30_14,6A30,6,4.89,202,Test,
replica3_6A30_14,6A30,6,4.89,202,Test,
replica4_6A30_14,6A30,6,4.89,202,Test,
replica5_6A30_14,6A30,6,4.89,202,Test,
replica1_6A30_21,6A30,6,4.89,202,Test,
replica2_6A30_21,6A30,6,4.89,202,Test,
replica3_6A30_21,6A30,6,4.89,202,Test,
replica4_6A30_21,6A30,6,4.89,202,Test,
replica5_6A30_21,6A30,6,4.89,202,Test,
replica1_6A30_27,6A30,6,4.89,202,Test,
replica2_6A30_27,6A30,6,4.89,202,Test,
replica3_6A30_27,6A30,6,4.89,202,Test,
replica4_6A30_27,6A30,6,4.89,202,Test,
replica5_6A30_27,6A30,6,4.89,202,Test,
replica1_6A30_34,6A30,6,4.89,202,Test,
replica2_6A30_34,6A30,6,4.89,202,Test,
replica3_6A30_34,6A30,6,4.89,202,Test,
replica4_6A30_34,6A30,6,4.89,202,Test,
replica5_6A30_34,6A30,6,4.89,202,Test,
replica1_6A30_41,6A30,6,4.89,202,Test,
replica2_6A30_41,6A30,6,4.89,202,Test,
replica3_6A30_41,6A30,6,4.89,202,Test,
replica4_6A30_41,6A30,6,4.89,202,Test,
replica5_6A30_41,6A30,6,4.89,202,Test,
replica1_6A30_47,6A30,6,4.89,202,Test,
replica2_6A30_47,6A30,6,4.89,202,Test,
replica3_6A30_47,6A30,6,4.89,202,Test,
replica4_6A30_47,6A30,6,4.89,202,Test,
replica5_6A30_47,6A30,6,4.89,202,Test,
replica1_6A30_54,6A30,6,4.89,202,Test,
replica2_6A30_54,6A30,6,4.89,202,Test,
replica3_6A30_54,6A30,6,4.89,202,Test,
replica4_6A30_54,6A30,6,4.89,202,Test,
replica5_6A30_54,6A30,6,4.89,202,Test,
replica1_6A30_60,6A30,6,4.89,202,Test,
replica2_6A30_60,6A30,6,4.89,202,Test,
replica3_6A30_60,6A30,6,4.89,202,Test,
replica4_6A30_60,6A30,6,4.89,202,Test,
replica5_6A30_60,6A30,6,4.89,202,Test,
replica1_6A30_67,6A30,6,4.89,202,Test,
replica2_6A30_67,6A30,6,4.89,202,Test,
replica3_6A30_67,6A30,6,4.89,202,Test,
replica4_6A30_67,6A30,6,4.89,202,Test,
replica5_6A30_67,6A30,6,4.89,202,Test,
replica1_6A30_74,6A30,6,4.89,202,Test,
replica2_6A30_74,6A30,6,4.89,202,Test,
replica3_6A30_74,6A30,6,4.89,202,Test,
replica4_6A30_74,6A30,6,4.89,202,Test,
replica5_6A30_74,6A30,6,4.89,202,Test,
replica1_6A30_80,6A30,6,4.89,202,Test,
replica2_6A30_80,6A30,6,4.89,202,Test,
replica3_6A30_80,6A30,6,4.89,202,Test,
replica4_6A30_80,6A30,6,4.89,202,Test,
replica5_6A30_80,6A30,6,4.89,202,Test,
replica1_6A30_87,6A30,6,4.89,202,Test,
replica2_6A30_87,6A30,6,4.89,202,Test,
replica3_6A30_87,6A30,6,4.89,202,Test,
replica4_6A30_87,6A30,6,4.89,202,Test,
replica5_6A30_87,6A30,6,4.89,202,Test,
replica1_6A30_93,6A30,6,4.89,202,Test,
replica2_6A30_93,6A30,6,4.89,202,Test,
replica3_6A30_93,6A30,6,4.89,202,Test,
replica4_6A30_93,6A30,6,4.89,202,Test,
replica5_6A30_93,6A30,6,4.89,202,Test,
replica1_6A30_100,6A30,6,4.89,202,Test,
replica2_6A30_100,6A30,6,4.89,202,Test,
replica3_6A30_100,6A30,6,4.89,202,Test,
replica4_6A30_100,6A30,6,4.89,202,Test,
replica5_6A30_100,6A30,6,4.89,202,Test,
replica1_6A8N_1,6A8N,10,7.82,37,Train,275
replica2_6A8N_1,6A8N,10,7.82,37,Train,275
replica3_6A8N_1,6A8N,10,7.82,37,Train,275
replica4_6A8N_1,6A8N,10,7.82,37,Train,275
replica5_6A8N_1,6A8N,10,7.82,37,Train,275
replica1_6A8N_8,6A8N,10,7.82,37,Train,275
replica2_6A8N_8,6A8N,10,7.82,37,Train,275
replica3_6A8N_8,6A8N,10,7.82,37,Train,275
replica4_6A8N_8,6A8N,10,7.82,37,Train,275
replica5_6A8N_8,6A8N,10,7.82,37,Train,275
replica1_6A8N_14,6A8N,10,7.82,37,Train,275
replica2_6A8N_14,6A8N,10,7.82,37,Train,275
replica3_6A8N_14,6A8N,10,7.82,37,Train,275
replica4_6A8N_14,6A8N,10,7.82,37,Train,275
replica5_6A8N_14,6A8N,10,7.82,37,Train,275
replica1_6A8N_21,6A8N,10,7.82,37,Train,275
replica2_6A8N_21,6A8N,10,7.82,37,Train,275
replica3_6A8N_21,6A8N,10,7.82,37,Train,275
replica4_6A8N_21,6A8N,10,7.82,37,Train,275
replica5_6A8N_21,6A8N,10,7.82,37,Train,275
replica1_6A8N_27,6A8N,10,7.82,37,Train,275
replica2_6A8N_27,6A8N,10,7.82,37,Train,275
replica3_6A8N_27,6A8N,10,7.82,37,Train,275
replica4_6A8N_27,6A8N,10,7.82,37,Train,275
replica5_6A8N_27,6A8N,10,7.82,37,Train,275
replica1_6A8N_34,6A8N,10,7.82,37,Train,275
replica2_6A8N_34,6A8N,10,7.82,37,Train,275
replica3_6A8N_34,6A8N,10,7.82,37,Train,275
replica4_6A8N_34,6A8N,10,7.82,37,Train,275
replica5_6A8N_34,6A8N,10,7.82,37,Train,275
replica1_6A8N_41,6A8N,10,7.82,37,Train,275
replica2_6A8N_41,6A8N,10,7.82,37,Train,275
replica3_6A8N_41,6A8N,10,7.82,37,Train,275
replica4_6A8N_41,6A8N,10,7.82,37,Train,275
replica5_6A8N_41,6A8N,10,7.82,37,Train,275
replica1_6A8N_47,6A8N,10,7.82,37,Train,275
replica2_6A8N_47,6A8N,10,7.82,37,Train,275
replica3_6A8N_47,6A8N,10,7.82,37,Train,275
replica4_6A8N_47,6A8N,10,7.82,37,Train,275
replica5_6A8N_47,6A8N,10,7.82,37,Train,275
replica1_6A8N_54,6A8N,10,7.82,37,Train,275
replica2_6A8N_54,6A8N,10,7.82,37,Train,275
replica3_6A8N_54,6A8N,10,7.82,37,Train,275
replica4_6A8N_54,6A8N,10,7.82,37,Train,275
replica5_6A8N_54,6A8N,10,7.82,37,Train,275
replica1_6A8N_60,6A8N,10,7.82,37,Train,275
replica2_6A8N_60,6A8N,10,7.82,37,Train,275
replica3_6A8N_60,6A8N,10,7.82,37,Train,275
replica4_6A8N_60,6A8N,10,7.82,37,Train,275
replica5_6A8N_60,6A8N,10,7.82,37,Train,275
replica1_6A8N_67,6A8N,10,7.82,37,Train,275
replica2_6A8N_67,6A8N,10,7.82,37,Train,275
replica3_6A8N_67,6A8N,10,7.82,37,Train,275
replica4_6A8N_67,6A8N,10,7.82,37,Train,275
replica5_6A8N_67,6A8N,10,7.82,37,Train,275
replica1_6A8N_74,6A8N,10,7.82,37,Train,275
replica2_6A8N_74,6A8N,10,7.82,37,Train,275
replica3_6A8N_74,6A8N,10,7.82,37,Train,275
replica4_6A8N_74,6A8N,10,7.82,37,Train,275
replica5_6A8N_74,6A8N,10,7.82,37,Train,275
replica1_6A8N_80,6A8N,10,7.82,37,Train,275
replica2_6A8N_80,6A8N,10,7.82,37,Train,275
replica3_6A8N_80,6A8N,10,7.82,37,Train,275
replica4_6A8N_80,6A8N,10,7.82,37,Train,275
replica5_6A8N_80,6A8N,10,7.82,37,Train,275
replica1_6A8N_87,6A8N,10,7.82,37,Train,275
replica2_6A8N_87,6A8N,10,7.82,37,Train,275
replica3_6A8N_87,6A8N,10,7.82,37,Train,275
replica4_6A8N_87,6A8N,10,7.82,37,Train,275
replica5_6A8N_87,6A8N,10,7.82,37,Train,275
replica1_6A8N_93,6A8N,10,7.82,37,Train,275
replica2_6A8N_93,6A8N,10,7.82,37,Train,275
replica3_6A8N_93,6A8N,10,7.82,37,Train,275
replica4_6A8N_93,6A8N,10,7.82,37,Train,275
replica5_6A8N_93,6A8N,10,7.82,37,Train,275
replica1_6A8N_100,6A8N,10,7.82,37,Train,275
replica2_6A8N_100,6A8N,10,7.82,37,Train,275
replica3_6A8N_100,6A8N,10,7.82,37,Train,275
replica4_6A8N_100,6A8N,10,7.82,37,Train,275
replica5_6A8N_100,6A8N,10,7.82,37,Train,275
replica1_6A9C_1,6A9C,9,2.74,203,Train,276
replica2_6A9C_1,6A9C,9,2.74,203,Train,276
replica3_6A9C_1,6A9C,9,2.74,203,Train,276
replica4_6A9C_1,6A9C,9,2.74,203,Train,276
replica5_6A9C_1,6A9C,9,2.74,203,Train,276
replica1_6A9C_8,6A9C,9,2.74,203,Train,276
replica2_6A9C_8,6A9C,9,2.74,203,Train,276
replica3_6A9C_8,6A9C,9,2.74,203,Train,276
replica4_6A9C_8,6A9C,9,2.74,203,Train,276
replica5_6A9C_8,6A9C,9,2.74,203,Train,276
replica1_6A9C_14,6A9C,9,2.74,203,Train,276
replica2_6A9C_14,6A9C,9,2.74,203,Train,276
replica3_6A9C_14,6A9C,9,2.74,203,Train,276
replica4_6A9C_14,6A9C,9,2.74,203,Train,276
replica5_6A9C_14,6A9C,9,2.74,203,Train,276
replica1_6A9C_21,6A9C,9,2.74,203,Train,276
replica2_6A9C_21,6A9C,9,2.74,203,Train,276
replica3_6A9C_21,6A9C,9,2.74,203,Train,276
replica4_6A9C_21,6A9C,9,2.74,203,Train,276
replica5_6A9C_21,6A9C,9,2.74,203,Train,276
replica1_6A9C_27,6A9C,9,2.74,203,Train,276
replica2_6A9C_27,6A9C,9,2.74,203,Train,276
replica3_6A9C_27,6A9C,9,2.74,203,Train,276
replica4_6A9C_27,6A9C,9,2.74,203,Train,276
replica5_6A9C_27,6A9C,9,2.74,203,Train,276
replica1_6A9C_34,6A9C,9,2.74,203,Train,276
replica2_6A9C_34,6A9C,9,2.74,203,Train,276
replica3_6A9C_34,6A9C,9,2.74,203,Train,276
replica4_6A9C_34,6A9C,9,2.74,203,Train,276
replica5_6A9C_34,6A9C,9,2.74,203,Train,276
replica1_6A9C_41,6A9C,9,2.74,203,Train,276
replica2_6A9C_41,6A9C,9,2.74,203,Train,276
replica3_6A9C_41,6A9C,9,2.74,203,Train,276
replica4_6A9C_41,6A9C,9,2.74,203,Train,276
replica5_6A9C_41,6A9C,9,2.74,203,Train,276
replica1_6A9C_47,6A9C,9,2.74,203,Train,276
replica2_6A9C_47,6A9C,9,2.74,203,Train,276
replica3_6A9C_47,6A9C,9,2.74,203,Train,276
replica4_6A9C_47,6A9C,9,2.74,203,Train,276
replica5_6A9C_47,6A9C,9,2.74,203,Train,276
replica1_6A9C_54,6A9C,9,2.74,203,Train,276
replica2_6A9C_54,6A9C,9,2.74,203,Train,276
replica3_6A9C_54,6A9C,9,2.74,203,Train,276
replica4_6A9C_54,6A9C,9,2.74,203,Train,276
replica5_6A9C_54,6A9C,9,2.74,203,Train,276
replica1_6A9C_60,6A9C,9,2.74,203,Train,276
replica2_6A9C_60,6A9C,9,2.74,203,Train,276
replica3_6A9C_60,6A9C,9,2.74,203,Train,276
replica4_6A9C_60,6A9C,9,2.74,203,Train,276
replica5_6A9C_60,6A9C,9,2.74,203,Train,276
replica1_6A9C_67,6A9C,9,2.74,203,Train,276
replica2_6A9C_67,6A9C,9,2.74,203,Train,276
replica3_6A9C_67,6A9C,9,2.74,203,Train,276
replica4_6A9C_67,6A9C,9,2.74,203,Train,276
replica5_6A9C_67,6A9C,9,2.74,203,Train,276
replica1_6A9C_74,6A9C,9,2.74,203,Train,276
replica2_6A9C_74,6A9C,9,2.74,203,Train,276
replica3_6A9C_74,6A9C,9,2.74,203,Train,276
replica4_6A9C_74,6A9C,9,2.74,203,Train,276
replica5_6A9C_74,6A9C,9,2.74,203,Train,276
replica1_6A9C_80,6A9C,9,2.74,203,Train,276
replica2_6A9C_80,6A9C,9,2.74,203,Train,276
replica3_6A9C_80,6A9C,9,2.74,203,Train,276
replica4_6A9C_80,6A9C,9,2.74,203,Train,276
replica5_6A9C_80,6A9C,9,2.74,203,Train,276
replica1_6A9C_87,6A9C,9,2.74,203,Train,276
replica2_6A9C_87,6A9C,9,2.74,203,Train,276
replica3_6A9C_87,6A9C,9,2.74,203,Train,276
replica4_6A9C_87,6A9C,9,2.74,203,Train,276
replica5_6A9C_87,6A9C,9,2.74,203,Train,276
replica1_6A9C_93,6A9C,9,2.74,203,Train,276
replica2_6A9C_93,6A9C,9,2.74,203,Train,276
replica3_6A9C_93,6A9C,9,2.74,203,Train,276
replica4_6A9C_93,6A9C,9,2.74,203,Train,276
replica5_6A9C_93,6A9C,9,2.74,203,Train,276
replica1_6A9C_100,6A9C,9,2.74,203,Train,276
replica2_6A9C_100,6A9C,9,2.74,203,Train,276
replica3_6A9C_100,6A9C,9,2.74,203,Train,276
replica4_6A9C_100,6A9C,9,2.74,203,Train,276
replica5_6A9C_100,6A9C,9,2.74,203,Train,276
replica1_6AXK_1,6AXK,14,6.52,204,Train,277
replica2_6AXK_1,6AXK,14,6.52,204,Train,277
replica3_6AXK_1,6AXK,14,6.52,204,Train,277
replica4_6AXK_1,6AXK,14,6.52,204,Train,277
replica5_6AXK_1,6AXK,14,6.52,204,Train,277
replica1_6AXK_8,6AXK,14,6.52,204,Train,277
replica2_6AXK_8,6AXK,14,6.52,204,Train,277
replica3_6AXK_8,6AXK,14,6.52,204,Train,277
replica4_6AXK_8,6AXK,14,6.52,204,Train,277
replica5_6AXK_8,6AXK,14,6.52,204,Train,277
replica1_6AXK_14,6AXK,14,6.52,204,Train,277
replica2_6AXK_14,6AXK,14,6.52,204,Train,277
replica3_6AXK_14,6AXK,14,6.52,204,Train,277
replica4_6AXK_14,6AXK,14,6.52,204,Train,277
replica5_6AXK_14,6AXK,14,6.52,204,Train,277
replica1_6AXK_21,6AXK,14,6.52,204,Train,277
replica2_6AXK_21,6AXK,14,6.52,204,Train,277
replica3_6AXK_21,6AXK,14,6.52,204,Train,277
replica4_6AXK_21,6AXK,14,6.52,204,Train,277
replica5_6AXK_21,6AXK,14,6.52,204,Train,277
replica1_6AXK_27,6AXK,14,6.52,204,Train,277
replica2_6AXK_27,6AXK,14,6.52,204,Train,277
replica3_6AXK_27,6AXK,14,6.52,204,Train,277
replica4_6AXK_27,6AXK,14,6.52,204,Train,277
replica5_6AXK_27,6AXK,14,6.52,204,Train,277
replica1_6AXK_34,6AXK,14,6.52,204,Train,277
replica2_6AXK_34,6AXK,14,6.52,204,Train,277
replica3_6AXK_34,6AXK,14,6.52,204,Train,277
replica4_6AXK_34,6AXK,14,6.52,204,Train,277
replica5_6AXK_34,6AXK,14,6.52,204,Train,277
replica1_6AXK_41,6AXK,14,6.52,204,Train,277
replica2_6AXK_41,6AXK,14,6.52,204,Train,277
replica3_6AXK_41,6AXK,14,6.52,204,Train,277
replica4_6AXK_41,6AXK,14,6.52,204,Train,277
replica5_6AXK_41,6AXK,14,6.52,204,Train,277
replica1_6AXK_47,6AXK,14,6.52,204,Train,277
replica2_6AXK_47,6AXK,14,6.52,204,Train,277
replica3_6AXK_47,6AXK,14,6.52,204,Train,277
replica4_6AXK_47,6AXK,14,6.52,204,Train,277
replica5_6AXK_47,6AXK,14,6.52,204,Train,277
replica1_6AXK_54,6AXK,14,6.52,204,Train,277
replica2_6AXK_54,6AXK,14,6.52,204,Train,277
replica3_6AXK_54,6AXK,14,6.52,204,Train,277
replica4_6AXK_54,6AXK,14,6.52,204,Train,277
replica5_6AXK_54,6AXK,14,6.52,204,Train,277
replica1_6AXK_60,6AXK,14,6.52,204,Train,277
replica2_6AXK_60,6AXK,14,6.52,204,Train,277
replica3_6AXK_60,6AXK,14,6.52,204,Train,277
replica4_6AXK_60,6AXK,14,6.52,204,Train,277
replica5_6AXK_60,6AXK,14,6.52,204,Train,277
replica1_6AXK_67,6AXK,14,6.52,204,Train,277
replica2_6AXK_67,6AXK,14,6.52,204,Train,277
replica3_6AXK_67,6AXK,14,6.52,204,Train,277
replica4_6AXK_67,6AXK,14,6.52,204,Train,277
replica5_6AXK_67,6AXK,14,6.52,204,Train,277
replica1_6AXK_74,6AXK,14,6.52,204,Train,277
replica2_6AXK_74,6AXK,14,6.52,204,Train,277
replica3_6AXK_74,6AXK,14,6.52,204,Train,277
replica4_6AXK_74,6AXK,14,6.52,204,Train,277
replica5_6AXK_74,6AXK,14,6.52,204,Train,277
replica1_6AXK_80,6AXK,14,6.52,204,Train,277
replica2_6AXK_80,6AXK,14,6.52,204,Train,277
replica3_6AXK_80,6AXK,14,6.52,204,Train,277
replica4_6AXK_80,6AXK,14,6.52,204,Train,277
replica5_6AXK_80,6AXK,14,6.52,204,Train,277
replica1_6AXK_87,6AXK,14,6.52,204,Train,277
replica2_6AXK_87,6AXK,14,6.52,204,Train,277
replica3_6AXK_87,6AXK,14,6.52,204,Train,277
replica4_6AXK_87,6AXK,14,6.52,204,Train,277
replica5_6AXK_87,6AXK,14,6.52,204,Train,277
replica1_6AXK_93,6AXK,14,6.52,204,Train,277
replica2_6AXK_93,6AXK,14,6.52,204,Train,277
replica3_6AXK_93,6AXK,14,6.52,204,Train,277
replica4_6AXK_93,6AXK,14,6.52,204,Train,277
replica5_6AXK_93,6AXK,14,6.52,204,Train,277
replica1_6AXK_100,6AXK,14,6.52,204,Train,277
replica2_6AXK_100,6AXK,14,6.52,204,Train,277
replica3_6AXK_100,6AXK,14,6.52,204,Train,277
replica4_6AXK_100,6AXK,14,6.52,204,Train,277
replica5_6AXK_100,6AXK,14,6.52,204,Train,277
replica1_6B27_1,6B27,14,5.03,5,Test,
replica2_6B27_1,6B27,14,5.03,5,Test,
replica3_6B27_1,6B27,14,5.03,5,Test,
replica4_6B27_1,6B27,14,5.03,5,Test,
replica5_6B27_1,6B27,14,5.03,5,Test,
replica1_6B27_8,6B27,14,5.03,5,Test,
replica2_6B27_8,6B27,14,5.03,5,Test,
replica3_6B27_8,6B27,14,5.03,5,Test,
replica4_6B27_8,6B27,14,5.03,5,Test,
replica5_6B27_8,6B27,14,5.03,5,Test,
replica1_6B27_14,6B27,14,5.03,5,Test,
replica2_6B27_14,6B27,14,5.03,5,Test,
replica3_6B27_14,6B27,14,5.03,5,Test,
replica4_6B27_14,6B27,14,5.03,5,Test,
replica5_6B27_14,6B27,14,5.03,5,Test,
replica1_6B27_21,6B27,14,5.03,5,Test,
replica2_6B27_21,6B27,14,5.03,5,Test,
replica3_6B27_21,6B27,14,5.03,5,Test,
replica4_6B27_21,6B27,14,5.03,5,Test,
replica5_6B27_21,6B27,14,5.03,5,Test,
replica1_6B27_27,6B27,14,5.03,5,Test,
replica2_6B27_27,6B27,14,5.03,5,Test,
replica3_6B27_27,6B27,14,5.03,5,Test,
replica4_6B27_27,6B27,14,5.03,5,Test,
replica5_6B27_27,6B27,14,5.03,5,Test,
replica1_6B27_34,6B27,14,5.03,5,Test,
replica2_6B27_34,6B27,14,5.03,5,Test,
replica3_6B27_34,6B27,14,5.03,5,Test,
replica4_6B27_34,6B27,14,5.03,5,Test,
replica5_6B27_34,6B27,14,5.03,5,Test,
replica1_6B27_41,6B27,14,5.03,5,Test,
replica2_6B27_41,6B27,14,5.03,5,Test,
replica3_6B27_41,6B27,14,5.03,5,Test,
replica4_6B27_41,6B27,14,5.03,5,Test,
replica5_6B27_41,6B27,14,5.03,5,Test,
replica1_6B27_47,6B27,14,5.03,5,Test,
replica2_6B27_47,6B27,14,5.03,5,Test,
replica3_6B27_47,6B27,14,5.03,5,Test,
replica4_6B27_47,6B27,14,5.03,5,Test,
replica5_6B27_47,6B27,14,5.03,5,Test,
replica1_6B27_54,6B27,14,5.03,5,Test,
replica2_6B27_54,6B27,14,5.03,5,Test,
replica3_6B27_54,6B27,14,5.03,5,Test,
replica4_6B27_54,6B27,14,5.03,5,Test,
replica5_6B27_54,6B27,14,5.03,5,Test,
replica1_6B27_60,6B27,14,5.03,5,Test,
replica2_6B27_60,6B27,14,5.03,5,Test,
replica3_6B27_60,6B27,14,5.03,5,Test,
replica4_6B27_60,6B27,14,5.03,5,Test,
replica5_6B27_60,6B27,14,5.03,5,Test,
replica1_6B27_67,6B27,14,5.03,5,Test,
replica2_6B27_67,6B27,14,5.03,5,Test,
replica3_6B27_67,6B27,14,5.03,5,Test,
replica4_6B27_67,6B27,14,5.03,5,Test,
replica5_6B27_67,6B27,14,5.03,5,Test,
replica1_6B27_74,6B27,14,5.03,5,Test,
replica2_6B27_74,6B27,14,5.03,5,Test,
replica3_6B27_74,6B27,14,5.03,5,Test,
replica4_6B27_74,6B27,14,5.03,5,Test,
replica5_6B27_74,6B27,14,5.03,5,Test,
replica1_6B27_80,6B27,14,5.03,5,Test,
replica2_6B27_80,6B27,14,5.03,5,Test,
replica3_6B27_80,6B27,14,5.03,5,Test,
replica4_6B27_80,6B27,14,5.03,5,Test,
replica5_6B27_80,6B27,14,5.03,5,Test,
replica1_6B27_87,6B27,14,5.03,5,Test,
replica2_6B27_87,6B27,14,5.03,5,Test,
replica3_6B27_87,6B27,14,5.03,5,Test,
replica4_6B27_87,6B27,14,5.03,5,Test,
replica5_6B27_87,6B27,14,5.03,5,Test,
replica1_6B27_93,6B27,14,5.03,5,Test,
replica2_6B27_93,6B27,14,5.03,5,Test,
replica3_6B27_93,6B27,14,5.03,5,Test,
replica4_6B27_93,6B27,14,5.03,5,Test,
replica5_6B27_93,6B27,14,5.03,5,Test,
replica1_6B27_100,6B27,14,5.03,5,Test,
replica2_6B27_100,6B27,14,5.03,5,Test,
replica3_6B27_100,6B27,14,5.03,5,Test,
replica4_6B27_100,6B27,14,5.03,5,Test,
replica5_6B27_100,6B27,14,5.03,5,Test,
replica1_6B5M_1,6B5M,15,12,205,Train,278
replica2_6B5M_1,6B5M,15,12,205,Train,278
replica3_6B5M_1,6B5M,15,12,205,Train,278
replica4_6B5M_1,6B5M,15,12,205,Train,278
replica5_6B5M_1,6B5M,15,12,205,Train,278
replica1_6B5M_8,6B5M,15,12,205,Train,278
replica2_6B5M_8,6B5M,15,12,205,Train,278
replica3_6B5M_8,6B5M,15,12,205,Train,278
replica4_6B5M_8,6B5M,15,12,205,Train,278
replica5_6B5M_8,6B5M,15,12,205,Train,278
replica1_6B5M_14,6B5M,15,12,205,Train,278
replica2_6B5M_14,6B5M,15,12,205,Train,278
replica3_6B5M_14,6B5M,15,12,205,Train,278
replica4_6B5M_14,6B5M,15,12,205,Train,278
replica5_6B5M_14,6B5M,15,12,205,Train,278
replica1_6B5M_21,6B5M,15,12,205,Train,278
replica2_6B5M_21,6B5M,15,12,205,Train,278
replica3_6B5M_21,6B5M,15,12,205,Train,278
replica4_6B5M_21,6B5M,15,12,205,Train,278
replica5_6B5M_21,6B5M,15,12,205,Train,278
replica1_6B5M_27,6B5M,15,12,205,Train,278
replica2_6B5M_27,6B5M,15,12,205,Train,278
replica3_6B5M_27,6B5M,15,12,205,Train,278
replica4_6B5M_27,6B5M,15,12,205,Train,278
replica5_6B5M_27,6B5M,15,12,205,Train,278
replica1_6B5M_34,6B5M,15,12,205,Train,278
replica2_6B5M_34,6B5M,15,12,205,Train,278
replica3_6B5M_34,6B5M,15,12,205,Train,278
replica4_6B5M_34,6B5M,15,12,205,Train,278
replica5_6B5M_34,6B5M,15,12,205,Train,278
replica1_6B5M_41,6B5M,15,12,205,Train,278
replica2_6B5M_41,6B5M,15,12,205,Train,278
replica3_6B5M_41,6B5M,15,12,205,Train,278
replica4_6B5M_41,6B5M,15,12,205,Train,278
replica5_6B5M_41,6B5M,15,12,205,Train,278
replica1_6B5M_47,6B5M,15,12,205,Train,278
replica2_6B5M_47,6B5M,15,12,205,Train,278
replica3_6B5M_47,6B5M,15,12,205,Train,278
replica4_6B5M_47,6B5M,15,12,205,Train,278
replica5_6B5M_47,6B5M,15,12,205,Train,278
replica1_6B5M_54,6B5M,15,12,205,Train,278
replica2_6B5M_54,6B5M,15,12,205,Train,278
replica3_6B5M_54,6B5M,15,12,205,Train,278
replica4_6B5M_54,6B5M,15,12,205,Train,278
replica5_6B5M_54,6B5M,15,12,205,Train,278
replica1_6B5M_60,6B5M,15,12,205,Train,278
replica2_6B5M_60,6B5M,15,12,205,Train,278
replica3_6B5M_60,6B5M,15,12,205,Train,278
replica4_6B5M_60,6B5M,15,12,205,Train,278
replica5_6B5M_60,6B5M,15,12,205,Train,278
replica1_6B5M_67,6B5M,15,12,205,Train,278
replica2_6B5M_67,6B5M,15,12,205,Train,278
replica3_6B5M_67,6B5M,15,12,205,Train,278
replica4_6B5M_67,6B5M,15,12,205,Train,278
replica5_6B5M_67,6B5M,15,12,205,Train,278
replica1_6B5M_74,6B5M,15,12,205,Train,278
replica2_6B5M_74,6B5M,15,12,205,Train,278
replica3_6B5M_74,6B5M,15,12,205,Train,278
replica4_6B5M_74,6B5M,15,12,205,Train,278
replica5_6B5M_74,6B5M,15,12,205,Train,278
replica1_6B5M_80,6B5M,15,12,205,Train,278
replica2_6B5M_80,6B5M,15,12,205,Train,278
replica3_6B5M_80,6B5M,15,12,205,Train,278
replica4_6B5M_80,6B5M,15,12,205,Train,278
replica5_6B5M_80,6B5M,15,12,205,Train,278
replica1_6B5M_87,6B5M,15,12,205,Train,278
replica2_6B5M_87,6B5M,15,12,205,Train,278
replica3_6B5M_87,6B5M,15,12,205,Train,278
replica4_6B5M_87,6B5M,15,12,205,Train,278
replica5_6B5M_87,6B5M,15,12,205,Train,278
replica1_6B5M_93,6B5M,15,12,205,Train,278
replica2_6B5M_93,6B5M,15,12,205,Train,278
replica3_6B5M_93,6B5M,15,12,205,Train,278
replica4_6B5M_93,6B5M,15,12,205,Train,278
replica5_6B5M_93,6B5M,15,12,205,Train,278
replica1_6B5M_100,6B5M,15,12,205,Train,278
replica2_6B5M_100,6B5M,15,12,205,Train,278
replica3_6B5M_100,6B5M,15,12,205,Train,278
replica4_6B5M_100,6B5M,15,12,205,Train,278
replica5_6B5M_100,6B5M,15,12,205,Train,278
replica1_6B5R_1,6B5R,15,8.77,206,Train,279
replica2_6B5R_1,6B5R,15,8.77,206,Train,279
replica3_6B5R_1,6B5R,15,8.77,206,Train,279
replica4_6B5R_1,6B5R,15,8.77,206,Train,279
replica5_6B5R_1,6B5R,15,8.77,206,Train,279
replica1_6B5R_15,6B5R,15,8.77,206,Train,279
replica2_6B5R_15,6B5R,15,8.77,206,Train,279
replica3_6B5R_15,6B5R,15,8.77,206,Train,279
replica4_6B5R_15,6B5R,15,8.77,206,Train,279
replica5_6B5R_15,6B5R,15,8.77,206,Train,279
replica1_6B5R_29,6B5R,15,8.77,206,Train,279
replica2_6B5R_29,6B5R,15,8.77,206,Train,279
replica3_6B5R_29,6B5R,15,8.77,206,Train,279
replica4_6B5R_29,6B5R,15,8.77,206,Train,279
replica5_6B5R_29,6B5R,15,8.77,206,Train,279
replica1_6B5R_43,6B5R,15,8.77,206,Train,279
replica2_6B5R_43,6B5R,15,8.77,206,Train,279
replica3_6B5R_43,6B5R,15,8.77,206,Train,279
replica4_6B5R_43,6B5R,15,8.77,206,Train,279
replica5_6B5R_43,6B5R,15,8.77,206,Train,279
replica1_6B5R_58,6B5R,15,8.77,206,Train,279
replica2_6B5R_58,6B5R,15,8.77,206,Train,279
replica3_6B5R_58,6B5R,15,8.77,206,Train,279
replica4_6B5R_58,6B5R,15,8.77,206,Train,279
replica5_6B5R_58,6B5R,15,8.77,206,Train,279
replica1_6B5R_72,6B5R,15,8.77,206,Train,279
replica2_6B5R_72,6B5R,15,8.77,206,Train,279
replica3_6B5R_72,6B5R,15,8.77,206,Train,279
replica4_6B5R_72,6B5R,15,8.77,206,Train,279
replica5_6B5R_72,6B5R,15,8.77,206,Train,279
replica1_6B5R_86,6B5R,15,8.77,206,Train,279
replica2_6B5R_86,6B5R,15,8.77,206,Train,279
replica3_6B5R_86,6B5R,15,8.77,206,Train,279
replica4_6B5R_86,6B5R,15,8.77,206,Train,279
replica5_6B5R_86,6B5R,15,8.77,206,Train,279
replica1_6B5R_100,6B5R,15,8.77,206,Train,279
replica2_6B5R_100,6B5R,15,8.77,206,Train,279
replica3_6B5R_100,6B5R,15,8.77,206,Train,279
replica4_6B5R_100,6B5R,15,8.77,206,Train,279
replica5_6B5R_100,6B5R,15,8.77,206,Train,279
replica1_6B5T_1,6B5T,15,8.66,206,Train,279
replica2_6B5T_1,6B5T,15,8.66,206,Train,279
replica3_6B5T_1,6B5T,15,8.66,206,Train,279
replica4_6B5T_1,6B5T,15,8.66,206,Train,279
replica5_6B5T_1,6B5T,15,8.66,206,Train,279
replica1_6B5T_15,6B5T,15,8.66,206,Train,279
replica2_6B5T_15,6B5T,15,8.66,206,Train,279
replica3_6B5T_15,6B5T,15,8.66,206,Train,279
replica4_6B5T_15,6B5T,15,8.66,206,Train,279
replica5_6B5T_15,6B5T,15,8.66,206,Train,279
replica1_6B5T_29,6B5T,15,8.66,206,Train,279
replica2_6B5T_29,6B5T,15,8.66,206,Train,279
replica3_6B5T_29,6B5T,15,8.66,206,Train,279
replica4_6B5T_29,6B5T,15,8.66,206,Train,279
replica5_6B5T_29,6B5T,15,8.66,206,Train,279
replica1_6B5T_43,6B5T,15,8.66,206,Train,279
replica2_6B5T_43,6B5T,15,8.66,206,Train,279
replica3_6B5T_43,6B5T,15,8.66,206,Train,279
replica4_6B5T_43,6B5T,15,8.66,206,Train,279
replica5_6B5T_43,6B5T,15,8.66,206,Train,279
replica1_6B5T_58,6B5T,15,8.66,206,Train,279
replica2_6B5T_58,6B5T,15,8.66,206,Train,279
replica3_6B5T_58,6B5T,15,8.66,206,Train,279
replica4_6B5T_58,6B5T,15,8.66,206,Train,279
replica5_6B5T_58,6B5T,15,8.66,206,Train,279
replica1_6B5T_72,6B5T,15,8.66,206,Train,279
replica2_6B5T_72,6B5T,15,8.66,206,Train,279
replica3_6B5T_72,6B5T,15,8.66,206,Train,279
replica4_6B5T_72,6B5T,15,8.66,206,Train,279
replica5_6B5T_72,6B5T,15,8.66,206,Train,279
replica1_6B5T_86,6B5T,15,8.66,206,Train,279
replica2_6B5T_86,6B5T,15,8.66,206,Train,279
replica3_6B5T_86,6B5T,15,8.66,206,Train,279
replica4_6B5T_86,6B5T,15,8.66,206,Train,279
replica5_6B5T_86,6B5T,15,8.66,206,Train,279
replica1_6B5T_100,6B5T,15,8.66,206,Train,279
replica2_6B5T_100,6B5T,15,8.66,206,Train,279
replica3_6B5T_100,6B5T,15,8.66,206,Train,279
replica4_6B5T_100,6B5T,15,8.66,206,Train,279
replica5_6B5T_100,6B5T,15,8.66,206,Train,279
replica1_6BJ3_1,6BJ3,9,4.77,12,Train,280
replica2_6BJ3_1,6BJ3,9,4.77,12,Train,280
replica3_6BJ3_1,6BJ3,9,4.77,12,Train,280
replica4_6BJ3_1,6BJ3,9,4.77,12,Train,280
replica5_6BJ3_1,6BJ3,9,4.77,12,Train,280
replica1_6BJ3_8,6BJ3,9,4.77,12,Train,280
replica2_6BJ3_8,6BJ3,9,4.77,12,Train,280
replica3_6BJ3_8,6BJ3,9,4.77,12,Train,280
replica4_6BJ3_8,6BJ3,9,4.77,12,Train,280
replica5_6BJ3_8,6BJ3,9,4.77,12,Train,280
replica1_6BJ3_14,6BJ3,9,4.77,12,Train,280
replica2_6BJ3_14,6BJ3,9,4.77,12,Train,280
replica3_6BJ3_14,6BJ3,9,4.77,12,Train,280
replica4_6BJ3_14,6BJ3,9,4.77,12,Train,280
replica5_6BJ3_14,6BJ3,9,4.77,12,Train,280
replica1_6BJ3_21,6BJ3,9,4.77,12,Train,280
replica2_6BJ3_21,6BJ3,9,4.77,12,Train,280
replica3_6BJ3_21,6BJ3,9,4.77,12,Train,280
replica4_6BJ3_21,6BJ3,9,4.77,12,Train,280
replica5_6BJ3_21,6BJ3,9,4.77,12,Train,280
replica1_6BJ3_27,6BJ3,9,4.77,12,Train,280
replica2_6BJ3_27,6BJ3,9,4.77,12,Train,280
replica3_6BJ3_27,6BJ3,9,4.77,12,Train,280
replica4_6BJ3_27,6BJ3,9,4.77,12,Train,280
replica5_6BJ3_27,6BJ3,9,4.77,12,Train,280
replica1_6BJ3_34,6BJ3,9,4.77,12,Train,280
replica2_6BJ3_34,6BJ3,9,4.77,12,Train,280
replica3_6BJ3_34,6BJ3,9,4.77,12,Train,280
replica4_6BJ3_34,6BJ3,9,4.77,12,Train,280
replica5_6BJ3_34,6BJ3,9,4.77,12,Train,280
replica1_6BJ3_41,6BJ3,9,4.77,12,Train,280
replica2_6BJ3_41,6BJ3,9,4.77,12,Train,280
replica3_6BJ3_41,6BJ3,9,4.77,12,Train,280
replica4_6BJ3_41,6BJ3,9,4.77,12,Train,280
replica5_6BJ3_41,6BJ3,9,4.77,12,Train,280
replica1_6BJ3_47,6BJ3,9,4.77,12,Train,280
replica2_6BJ3_47,6BJ3,9,4.77,12,Train,280
replica3_6BJ3_47,6BJ3,9,4.77,12,Train,280
replica4_6BJ3_47,6BJ3,9,4.77,12,Train,280
replica5_6BJ3_47,6BJ3,9,4.77,12,Train,280
replica1_6BJ3_54,6BJ3,9,4.77,12,Train,280
replica2_6BJ3_54,6BJ3,9,4.77,12,Train,280
replica3_6BJ3_54,6BJ3,9,4.77,12,Train,280
replica4_6BJ3_54,6BJ3,9,4.77,12,Train,280
replica5_6BJ3_54,6BJ3,9,4.77,12,Train,280
replica1_6BJ3_60,6BJ3,9,4.77,12,Train,280
replica2_6BJ3_60,6BJ3,9,4.77,12,Train,280
replica3_6BJ3_60,6BJ3,9,4.77,12,Train,280
replica4_6BJ3_60,6BJ3,9,4.77,12,Train,280
replica5_6BJ3_60,6BJ3,9,4.77,12,Train,280
replica1_6BJ3_67,6BJ3,9,4.77,12,Train,280
replica2_6BJ3_67,6BJ3,9,4.77,12,Train,280
replica3_6BJ3_67,6BJ3,9,4.77,12,Train,280
replica4_6BJ3_67,6BJ3,9,4.77,12,Train,280
replica5_6BJ3_67,6BJ3,9,4.77,12,Train,280
replica1_6BJ3_74,6BJ3,9,4.77,12,Train,280
replica2_6BJ3_74,6BJ3,9,4.77,12,Train,280
replica3_6BJ3_74,6BJ3,9,4.77,12,Train,280
replica4_6BJ3_74,6BJ3,9,4.77,12,Train,280
replica5_6BJ3_74,6BJ3,9,4.77,12,Train,280
replica1_6BJ3_80,6BJ3,9,4.77,12,Train,280
replica2_6BJ3_80,6BJ3,9,4.77,12,Train,280
replica3_6BJ3_80,6BJ3,9,4.77,12,Train,280
replica4_6BJ3_80,6BJ3,9,4.77,12,Train,280
replica5_6BJ3_80,6BJ3,9,4.77,12,Train,280
replica1_6BJ3_87,6BJ3,9,4.77,12,Train,280
replica2_6BJ3_87,6BJ3,9,4.77,12,Train,280
replica3_6BJ3_87,6BJ3,9,4.77,12,Train,280
replica4_6BJ3_87,6BJ3,9,4.77,12,Train,280
replica5_6BJ3_87,6BJ3,9,4.77,12,Train,280
replica1_6BJ3_93,6BJ3,9,4.77,12,Train,280
replica2_6BJ3_93,6BJ3,9,4.77,12,Train,280
replica3_6BJ3_93,6BJ3,9,4.77,12,Train,280
replica4_6BJ3_93,6BJ3,9,4.77,12,Train,280
replica5_6BJ3_93,6BJ3,9,4.77,12,Train,280
replica1_6BJ3_100,6BJ3,9,4.77,12,Train,280
replica2_6BJ3_100,6BJ3,9,4.77,12,Train,280
replica3_6BJ3_100,6BJ3,9,4.77,12,Train,280
replica4_6BJ3_100,6BJ3,9,4.77,12,Train,280
replica5_6BJ3_100,6BJ3,9,4.77,12,Train,280
replica1_6BVH_1,6BVH,14,9.15,37,Train,178
replica2_6BVH_1,6BVH,14,9.15,37,Train,178
replica3_6BVH_1,6BVH,14,9.15,37,Train,178
replica4_6BVH_1,6BVH,14,9.15,37,Train,178
replica5_6BVH_1,6BVH,14,9.15,37,Train,178
replica1_6BVH_15,6BVH,14,9.15,37,Train,178
replica2_6BVH_15,6BVH,14,9.15,37,Train,178
replica3_6BVH_15,6BVH,14,9.15,37,Train,178
replica4_6BVH_15,6BVH,14,9.15,37,Train,178
replica5_6BVH_15,6BVH,14,9.15,37,Train,178
replica1_6BVH_29,6BVH,14,9.15,37,Train,178
replica2_6BVH_29,6BVH,14,9.15,37,Train,178
replica3_6BVH_29,6BVH,14,9.15,37,Train,178
replica4_6BVH_29,6BVH,14,9.15,37,Train,178
replica5_6BVH_29,6BVH,14,9.15,37,Train,178
replica1_6BVH_43,6BVH,14,9.15,37,Train,178
replica2_6BVH_43,6BVH,14,9.15,37,Train,178
replica3_6BVH_43,6BVH,14,9.15,37,Train,178
replica4_6BVH_43,6BVH,14,9.15,37,Train,178
replica5_6BVH_43,6BVH,14,9.15,37,Train,178
replica1_6BVH_58,6BVH,14,9.15,37,Train,178
replica2_6BVH_58,6BVH,14,9.15,37,Train,178
replica3_6BVH_58,6BVH,14,9.15,37,Train,178
replica4_6BVH_58,6BVH,14,9.15,37,Train,178
replica5_6BVH_58,6BVH,14,9.15,37,Train,178
replica1_6BVH_72,6BVH,14,9.15,37,Train,178
replica2_6BVH_72,6BVH,14,9.15,37,Train,178
replica3_6BVH_72,6BVH,14,9.15,37,Train,178
replica4_6BVH_72,6BVH,14,9.15,37,Train,178
replica5_6BVH_72,6BVH,14,9.15,37,Train,178
replica1_6BVH_86,6BVH,14,9.15,37,Train,178
replica2_6BVH_86,6BVH,14,9.15,37,Train,178
replica3_6BVH_86,6BVH,14,9.15,37,Train,178
replica4_6BVH_86,6BVH,14,9.15,37,Train,178
replica5_6BVH_86,6BVH,14,9.15,37,Train,178
replica1_6BVH_100,6BVH,14,9.15,37,Train,178
replica2_6BVH_100,6BVH,14,9.15,37,Train,178
replica3_6BVH_100,6BVH,14,9.15,37,Train,178
replica4_6BVH_100,6BVH,14,9.15,37,Train,178
replica5_6BVH_100,6BVH,14,9.15,37,Train,178
replica1_6BW4_1,6BW4,12,5.5,207,Test,
replica2_6BW4_1,6BW4,12,5.5,207,Test,
replica3_6BW4_1,6BW4,12,5.5,207,Test,
replica4_6BW4_1,6BW4,12,5.5,207,Test,
replica5_6BW4_1,6BW4,12,5.5,207,Test,
replica1_6BW4_26,6BW4,12,5.5,207,Test,
replica2_6BW4_26,6BW4,12,5.5,207,Test,
replica3_6BW4_26,6BW4,12,5.5,207,Test,
replica4_6BW4_26,6BW4,12,5.5,207,Test,
replica5_6BW4_26,6BW4,12,5.5,207,Test,
replica1_6BW4_51,6BW4,12,5.5,207,Test,
replica2_6BW4_51,6BW4,12,5.5,207,Test,
replica3_6BW4_51,6BW4,12,5.5,207,Test,
replica4_6BW4_51,6BW4,12,5.5,207,Test,
replica5_6BW4_51,6BW4,12,5.5,207,Test,
replica1_6BW4_75,6BW4,12,5.5,207,Test,
replica2_6BW4_75,6BW4,12,5.5,207,Test,
replica3_6BW4_75,6BW4,12,5.5,207,Test,
replica4_6BW4_75,6BW4,12,5.5,207,Test,
replica5_6BW4_75,6BW4,12,5.5,207,Test,
replica1_6BW4_100,6BW4,12,5.5,207,Test,
replica2_6BW4_100,6BW4,12,5.5,207,Test,
replica3_6BW4_100,6BW4,12,5.5,207,Test,
replica4_6BW4_100,6BW4,12,5.5,207,Test,
replica5_6BW4_100,6BW4,12,5.5,207,Test,
replica1_6CCU_1,6CCU,4,4.45,208,Train,281
replica2_6CCU_1,6CCU,4,4.45,208,Train,281
replica3_6CCU_1,6CCU,4,4.45,208,Train,281
replica4_6CCU_1,6CCU,4,4.45,208,Train,281
replica5_6CCU_1,6CCU,4,4.45,208,Train,281
replica1_6CCU_15,6CCU,4,4.45,208,Train,281
replica2_6CCU_15,6CCU,4,4.45,208,Train,281
replica3_6CCU_15,6CCU,4,4.45,208,Train,281
replica4_6CCU_15,6CCU,4,4.45,208,Train,281
replica5_6CCU_15,6CCU,4,4.45,208,Train,281
replica1_6CCU_29,6CCU,4,4.45,208,Train,281
replica2_6CCU_29,6CCU,4,4.45,208,Train,281
replica3_6CCU_29,6CCU,4,4.45,208,Train,281
replica4_6CCU_29,6CCU,4,4.45,208,Train,281
replica5_6CCU_29,6CCU,4,4.45,208,Train,281
replica1_6CCU_43,6CCU,4,4.45,208,Train,281
replica2_6CCU_43,6CCU,4,4.45,208,Train,281
replica3_6CCU_43,6CCU,4,4.45,208,Train,281
replica4_6CCU_43,6CCU,4,4.45,208,Train,281
replica5_6CCU_43,6CCU,4,4.45,208,Train,281
replica1_6CCU_58,6CCU,4,4.45,208,Train,281
replica2_6CCU_58,6CCU,4,4.45,208,Train,281
replica3_6CCU_58,6CCU,4,4.45,208,Train,281
replica4_6CCU_58,6CCU,4,4.45,208,Train,281
replica5_6CCU_58,6CCU,4,4.45,208,Train,281
replica1_6CCU_72,6CCU,4,4.45,208,Train,281
replica2_6CCU_72,6CCU,4,4.45,208,Train,281
replica3_6CCU_72,6CCU,4,4.45,208,Train,281
replica4_6CCU_72,6CCU,4,4.45,208,Train,281
replica5_6CCU_72,6CCU,4,4.45,208,Train,281
replica1_6CCU_86,6CCU,4,4.45,208,Train,281
replica2_6CCU_86,6CCU,4,4.45,208,Train,281
replica3_6CCU_86,6CCU,4,4.45,208,Train,281
replica4_6CCU_86,6CCU,4,4.45,208,Train,281
replica5_6CCU_86,6CCU,4,4.45,208,Train,281
replica1_6CCU_100,6CCU,4,4.45,208,Train,281
replica2_6CCU_100,6CCU,4,4.45,208,Train,281
replica3_6CCU_100,6CCU,4,4.45,208,Train,281
replica4_6CCU_100,6CCU,4,4.45,208,Train,281
replica5_6CCU_100,6CCU,4,4.45,208,Train,281
replica1_6CD8_1,6CD8,4,4.71,208,Train,281
replica2_6CD8_1,6CD8,4,4.71,208,Train,281
replica3_6CD8_1,6CD8,4,4.71,208,Train,281
replica4_6CD8_1,6CD8,4,4.71,208,Train,281
replica5_6CD8_1,6CD8,4,4.71,208,Train,281
replica1_6CD8_15,6CD8,4,4.71,208,Train,281
replica2_6CD8_15,6CD8,4,4.71,208,Train,281
replica3_6CD8_15,6CD8,4,4.71,208,Train,281
replica4_6CD8_15,6CD8,4,4.71,208,Train,281
replica5_6CD8_15,6CD8,4,4.71,208,Train,281
replica1_6CD8_29,6CD8,4,4.71,208,Train,281
replica2_6CD8_29,6CD8,4,4.71,208,Train,281
replica3_6CD8_29,6CD8,4,4.71,208,Train,281
replica4_6CD8_29,6CD8,4,4.71,208,Train,281
replica5_6CD8_29,6CD8,4,4.71,208,Train,281
replica1_6CD8_43,6CD8,4,4.71,208,Train,281
replica2_6CD8_43,6CD8,4,4.71,208,Train,281
replica3_6CD8_43,6CD8,4,4.71,208,Train,281
replica4_6CD8_43,6CD8,4,4.71,208,Train,281
replica5_6CD8_43,6CD8,4,4.71,208,Train,281
replica1_6CD8_58,6CD8,4,4.71,208,Train,281
replica2_6CD8_58,6CD8,4,4.71,208,Train,281
replica3_6CD8_58,6CD8,4,4.71,208,Train,281
replica4_6CD8_58,6CD8,4,4.71,208,Train,281
replica5_6CD8_58,6CD8,4,4.71,208,Train,281
replica1_6CD8_72,6CD8,4,4.71,208,Train,281
replica2_6CD8_72,6CD8,4,4.71,208,Train,281
replica3_6CD8_72,6CD8,4,4.71,208,Train,281
replica4_6CD8_72,6CD8,4,4.71,208,Train,281
replica5_6CD8_72,6CD8,4,4.71,208,Train,281
replica1_6CD8_86,6CD8,4,4.71,208,Train,281
replica2_6CD8_86,6CD8,4,4.71,208,Train,281
replica3_6CD8_86,6CD8,4,4.71,208,Train,281
replica4_6CD8_86,6CD8,4,4.71,208,Train,281
replica5_6CD8_86,6CD8,4,4.71,208,Train,281
replica1_6CD8_100,6CD8,4,4.71,208,Train,281
replica2_6CD8_100,6CD8,4,4.71,208,Train,281
replica3_6CD8_100,6CD8,4,4.71,208,Train,281
replica4_6CD8_100,6CD8,4,4.71,208,Train,281
replica5_6CD8_100,6CD8,4,4.71,208,Train,281
replica1_6CDM_1,6CDM,8,9.09,78,Train,282
replica2_6CDM_1,6CDM,8,9.09,78,Train,282
replica3_6CDM_1,6CDM,8,9.09,78,Train,282
replica4_6CDM_1,6CDM,8,9.09,78,Train,282
replica5_6CDM_1,6CDM,8,9.09,78,Train,282
replica1_6CDM_34,6CDM,8,9.09,78,Train,282
replica2_6CDM_34,6CDM,8,9.09,78,Train,282
replica3_6CDM_34,6CDM,8,9.09,78,Train,282
replica4_6CDM_34,6CDM,8,9.09,78,Train,282
replica5_6CDM_34,6CDM,8,9.09,78,Train,282
replica1_6CDM_67,6CDM,8,9.09,78,Train,282
replica2_6CDM_67,6CDM,8,9.09,78,Train,282
replica3_6CDM_67,6CDM,8,9.09,78,Train,282
replica4_6CDM_67,6CDM,8,9.09,78,Train,282
replica5_6CDM_67,6CDM,8,9.09,78,Train,282
replica1_6CDM_100,6CDM,8,9.09,78,Train,282
replica2_6CDM_100,6CDM,8,9.09,78,Train,282
replica3_6CDM_100,6CDM,8,9.09,78,Train,282
replica4_6CDM_100,6CDM,8,9.09,78,Train,282
replica5_6CDM_100,6CDM,8,9.09,78,Train,282
replica1_6CDO_1,6CDO,8,8.97,78,Train,282
replica2_6CDO_1,6CDO,8,8.97,78,Train,282
replica3_6CDO_1,6CDO,8,8.97,78,Train,282
replica4_6CDO_1,6CDO,8,8.97,78,Train,282
replica5_6CDO_1,6CDO,8,8.97,78,Train,282
replica1_6CDO_34,6CDO,8,8.97,78,Train,282
replica2_6CDO_34,6CDO,8,8.97,78,Train,282
replica3_6CDO_34,6CDO,8,8.97,78,Train,282
replica4_6CDO_34,6CDO,8,8.97,78,Train,282
replica5_6CDO_34,6CDO,8,8.97,78,Train,282
replica1_6CDO_67,6CDO,8,8.97,78,Train,282
replica2_6CDO_67,6CDO,8,8.97,78,Train,282
replica3_6CDO_67,6CDO,8,8.97,78,Train,282
replica4_6CDO_67,6CDO,8,8.97,78,Train,282
replica5_6CDO_67,6CDO,8,8.97,78,Train,282
replica1_6CDO_100,6CDO,8,8.97,78,Train,282
replica2_6CDO_100,6CDO,8,8.97,78,Train,282
replica3_6CDO_100,6CDO,8,8.97,78,Train,282
replica4_6CDO_100,6CDO,8,8.97,78,Train,282
replica5_6CDO_100,6CDO,8,8.97,78,Train,282
replica1_6CDP_1,6CDP,8,8.79,78,Train,282
replica2_6CDP_1,6CDP,8,8.79,78,Train,282
replica3_6CDP_1,6CDP,8,8.79,78,Train,282
replica4_6CDP_1,6CDP,8,8.79,78,Train,282
replica5_6CDP_1,6CDP,8,8.79,78,Train,282
replica1_6CDP_34,6CDP,8,8.79,78,Train,282
replica2_6CDP_34,6CDP,8,8.79,78,Train,282
replica3_6CDP_34,6CDP,8,8.79,78,Train,282
replica4_6CDP_34,6CDP,8,8.79,78,Train,282
replica5_6CDP_34,6CDP,8,8.79,78,Train,282
replica1_6CDP_67,6CDP,8,8.79,78,Train,282
replica2_6CDP_67,6CDP,8,8.79,78,Train,282
replica3_6CDP_67,6CDP,8,8.79,78,Train,282
replica4_6CDP_67,6CDP,8,8.79,78,Train,282
replica5_6CDP_67,6CDP,8,8.79,78,Train,282
replica1_6CDP_100,6CDP,8,8.79,78,Train,282
replica2_6CDP_100,6CDP,8,8.79,78,Train,282
replica3_6CDP_100,6CDP,8,8.79,78,Train,282
replica4_6CDP_100,6CDP,8,8.79,78,Train,282
replica5_6CDP_100,6CDP,8,8.79,78,Train,282
replica1_6CT7_1,6CT7,11,7,209,Train,283
replica2_6CT7_1,6CT7,11,7,209,Train,283
replica3_6CT7_1,6CT7,11,7,209,Train,283
replica4_6CT7_1,6CT7,11,7,209,Train,283
replica5_6CT7_1,6CT7,11,7,209,Train,283
replica1_6CT7_8,6CT7,11,7,209,Train,283
replica2_6CT7_8,6CT7,11,7,209,Train,283
replica3_6CT7_8,6CT7,11,7,209,Train,283
replica4_6CT7_8,6CT7,11,7,209,Train,283
replica5_6CT7_8,6CT7,11,7,209,Train,283
replica1_6CT7_14,6CT7,11,7,209,Train,283
replica2_6CT7_14,6CT7,11,7,209,Train,283
replica3_6CT7_14,6CT7,11,7,209,Train,283
replica4_6CT7_14,6CT7,11,7,209,Train,283
replica5_6CT7_14,6CT7,11,7,209,Train,283
replica1_6CT7_21,6CT7,11,7,209,Train,283
replica2_6CT7_21,6CT7,11,7,209,Train,283
replica3_6CT7_21,6CT7,11,7,209,Train,283
replica4_6CT7_21,6CT7,11,7,209,Train,283
replica5_6CT7_21,6CT7,11,7,209,Train,283
replica1_6CT7_27,6CT7,11,7,209,Train,283
replica2_6CT7_27,6CT7,11,7,209,Train,283
replica3_6CT7_27,6CT7,11,7,209,Train,283
replica4_6CT7_27,6CT7,11,7,209,Train,283
replica5_6CT7_27,6CT7,11,7,209,Train,283
replica1_6CT7_34,6CT7,11,7,209,Train,283
replica2_6CT7_34,6CT7,11,7,209,Train,283
replica3_6CT7_34,6CT7,11,7,209,Train,283
replica4_6CT7_34,6CT7,11,7,209,Train,283
replica5_6CT7_34,6CT7,11,7,209,Train,283
replica1_6CT7_41,6CT7,11,7,209,Train,283
replica2_6CT7_41,6CT7,11,7,209,Train,283
replica3_6CT7_41,6CT7,11,7,209,Train,283
replica4_6CT7_41,6CT7,11,7,209,Train,283
replica5_6CT7_41,6CT7,11,7,209,Train,283
replica1_6CT7_47,6CT7,11,7,209,Train,283
replica2_6CT7_47,6CT7,11,7,209,Train,283
replica3_6CT7_47,6CT7,11,7,209,Train,283
replica4_6CT7_47,6CT7,11,7,209,Train,283
replica5_6CT7_47,6CT7,11,7,209,Train,283
replica1_6CT7_54,6CT7,11,7,209,Train,283
replica2_6CT7_54,6CT7,11,7,209,Train,283
replica3_6CT7_54,6CT7,11,7,209,Train,283
replica4_6CT7_54,6CT7,11,7,209,Train,283
replica5_6CT7_54,6CT7,11,7,209,Train,283
replica1_6CT7_60,6CT7,11,7,209,Train,283
replica2_6CT7_60,6CT7,11,7,209,Train,283
replica3_6CT7_60,6CT7,11,7,209,Train,283
replica4_6CT7_60,6CT7,11,7,209,Train,283
replica5_6CT7_60,6CT7,11,7,209,Train,283
replica1_6CT7_67,6CT7,11,7,209,Train,283
replica2_6CT7_67,6CT7,11,7,209,Train,283
replica3_6CT7_67,6CT7,11,7,209,Train,283
replica4_6CT7_67,6CT7,11,7,209,Train,283
replica5_6CT7_67,6CT7,11,7,209,Train,283
replica1_6CT7_74,6CT7,11,7,209,Train,283
replica2_6CT7_74,6CT7,11,7,209,Train,283
replica3_6CT7_74,6CT7,11,7,209,Train,283
replica4_6CT7_74,6CT7,11,7,209,Train,283
replica5_6CT7_74,6CT7,11,7,209,Train,283
replica1_6CT7_80,6CT7,11,7,209,Train,283
replica2_6CT7_80,6CT7,11,7,209,Train,283
replica3_6CT7_80,6CT7,11,7,209,Train,283
replica4_6CT7_80,6CT7,11,7,209,Train,283
replica5_6CT7_80,6CT7,11,7,209,Train,283
replica1_6CT7_87,6CT7,11,7,209,Train,283
replica2_6CT7_87,6CT7,11,7,209,Train,283
replica3_6CT7_87,6CT7,11,7,209,Train,283
replica4_6CT7_87,6CT7,11,7,209,Train,283
replica5_6CT7_87,6CT7,11,7,209,Train,283
replica1_6CT7_93,6CT7,11,7,209,Train,283
replica2_6CT7_93,6CT7,11,7,209,Train,283
replica3_6CT7_93,6CT7,11,7,209,Train,283
replica4_6CT7_93,6CT7,11,7,209,Train,283
replica5_6CT7_93,6CT7,11,7,209,Train,283
replica1_6CT7_100,6CT7,11,7,209,Train,283
replica2_6CT7_100,6CT7,11,7,209,Train,283
replica3_6CT7_100,6CT7,11,7,209,Train,283
replica4_6CT7_100,6CT7,11,7,209,Train,283
replica5_6CT7_100,6CT7,11,7,209,Train,283
replica1_6D3X_1,6D3X,14,10.29,37,Train,41
replica2_6D3X_1,6D3X,14,10.29,37,Train,41
replica3_6D3X_1,6D3X,14,10.29,37,Train,41
replica4_6D3X_1,6D3X,14,10.29,37,Train,41
replica5_6D3X_1,6D3X,14,10.29,37,Train,41
replica1_6D3X_34,6D3X,14,10.29,37,Train,41
replica2_6D3X_34,6D3X,14,10.29,37,Train,41
replica3_6D3X_34,6D3X,14,10.29,37,Train,41
replica4_6D3X_34,6D3X,14,10.29,37,Train,41
replica5_6D3X_34,6D3X,14,10.29,37,Train,41
replica1_6D3X_67,6D3X,14,10.29,37,Train,41
replica2_6D3X_67,6D3X,14,10.29,37,Train,41
replica3_6D3X_67,6D3X,14,10.29,37,Train,41
replica4_6D3X_67,6D3X,14,10.29,37,Train,41
replica5_6D3X_67,6D3X,14,10.29,37,Train,41
replica1_6D3X_100,6D3X,14,10.29,37,Train,41
replica2_6D3X_100,6D3X,14,10.29,37,Train,41
replica3_6D3X_100,6D3X,14,10.29,37,Train,41
replica4_6D3X_100,6D3X,14,10.29,37,Train,41
replica5_6D3X_100,6D3X,14,10.29,37,Train,41
replica1_6D3Y_1,6D3Y,14,8.7,37,Train,178
replica2_6D3Y_1,6D3Y,14,8.7,37,Train,178
replica3_6D3Y_1,6D3Y,14,8.7,37,Train,178
replica4_6D3Y_1,6D3Y,14,8.7,37,Train,178
replica5_6D3Y_1,6D3Y,14,8.7,37,Train,178
replica1_6D3Y_34,6D3Y,14,8.7,37,Train,178
replica2_6D3Y_34,6D3Y,14,8.7,37,Train,178
replica3_6D3Y_34,6D3Y,14,8.7,37,Train,178
replica4_6D3Y_34,6D3Y,14,8.7,37,Train,178
replica5_6D3Y_34,6D3Y,14,8.7,37,Train,178
replica1_6D3Y_67,6D3Y,14,8.7,37,Train,178
replica2_6D3Y_67,6D3Y,14,8.7,37,Train,178
replica3_6D3Y_67,6D3Y,14,8.7,37,Train,178
replica4_6D3Y_67,6D3Y,14,8.7,37,Train,178
replica5_6D3Y_67,6D3Y,14,8.7,37,Train,178
replica1_6D3Y_100,6D3Y,14,8.7,37,Train,178
replica2_6D3Y_100,6D3Y,14,8.7,37,Train,178
replica3_6D3Y_100,6D3Y,14,8.7,37,Train,178
replica4_6D3Y_100,6D3Y,14,8.7,37,Train,178
replica5_6D3Y_100,6D3Y,14,8.7,37,Train,178
replica1_6D3Z_1,6D3Z,14,8.92,37,Train,178
replica2_6D3Z_1,6D3Z,14,8.92,37,Train,178
replica3_6D3Z_1,6D3Z,14,8.92,37,Train,178
replica4_6D3Z_1,6D3Z,14,8.92,37,Train,178
replica5_6D3Z_1,6D3Z,14,8.92,37,Train,178
replica1_6D3Z_34,6D3Z,14,8.92,37,Train,178
replica2_6D3Z_34,6D3Z,14,8.92,37,Train,178
replica3_6D3Z_34,6D3Z,14,8.92,37,Train,178
replica4_6D3Z_34,6D3Z,14,8.92,37,Train,178
replica5_6D3Z_34,6D3Z,14,8.92,37,Train,178
replica1_6D3Z_67,6D3Z,14,8.92,37,Train,178
replica2_6D3Z_67,6D3Z,14,8.92,37,Train,178
replica3_6D3Z_67,6D3Z,14,8.92,37,Train,178
replica4_6D3Z_67,6D3Z,14,8.92,37,Train,178
replica5_6D3Z_67,6D3Z,14,8.92,37,Train,178
replica1_6D3Z_100,6D3Z,14,8.92,37,Train,178
replica2_6D3Z_100,6D3Z,14,8.92,37,Train,178
replica3_6D3Z_100,6D3Z,14,8.92,37,Train,178
replica4_6D3Z_100,6D3Z,14,8.92,37,Train,178
replica5_6D3Z_100,6D3Z,14,8.92,37,Train,178
replica1_6D40_1,6D40,14,9.85,37,Train,41
replica2_6D40_1,6D40,14,9.85,37,Train,41
replica3_6D40_1,6D40,14,9.85,37,Train,41
replica4_6D40_1,6D40,14,9.85,37,Train,41
replica5_6D40_1,6D40,14,9.85,37,Train,41
replica1_6D40_34,6D40,14,9.85,37,Train,41
replica2_6D40_34,6D40,14,9.85,37,Train,41
replica3_6D40_34,6D40,14,9.85,37,Train,41
replica4_6D40_34,6D40,14,9.85,37,Train,41
replica5_6D40_34,6D40,14,9.85,37,Train,41
replica1_6D40_67,6D40,14,9.85,37,Train,41
replica2_6D40_67,6D40,14,9.85,37,Train,41
replica3_6D40_67,6D40,14,9.85,37,Train,41
replica4_6D40_67,6D40,14,9.85,37,Train,41
replica5_6D40_67,6D40,14,9.85,37,Train,41
replica1_6D40_100,6D40,14,9.85,37,Train,41
replica2_6D40_100,6D40,14,9.85,37,Train,41
replica3_6D40_100,6D40,14,9.85,37,Train,41
replica4_6D40_100,6D40,14,9.85,37,Train,41
replica5_6D40_100,6D40,14,9.85,37,Train,41
replica1_6E5X_1,6E5X,15,6.12,210,Train,284
replica2_6E5X_1,6E5X,15,6.12,210,Train,284
replica3_6E5X_1,6E5X,15,6.12,210,Train,284
replica4_6E5X_1,6E5X,15,6.12,210,Train,284
replica5_6E5X_1,6E5X,15,6.12,210,Train,284
replica1_6E5X_8,6E5X,15,6.12,210,Train,284
replica2_6E5X_8,6E5X,15,6.12,210,Train,284
replica3_6E5X_8,6E5X,15,6.12,210,Train,284
replica4_6E5X_8,6E5X,15,6.12,210,Train,284
replica5_6E5X_8,6E5X,15,6.12,210,Train,284
replica1_6E5X_14,6E5X,15,6.12,210,Train,284
replica2_6E5X_14,6E5X,15,6.12,210,Train,284
replica3_6E5X_14,6E5X,15,6.12,210,Train,284
replica4_6E5X_14,6E5X,15,6.12,210,Train,284
replica5_6E5X_14,6E5X,15,6.12,210,Train,284
replica1_6E5X_21,6E5X,15,6.12,210,Train,284
replica2_6E5X_21,6E5X,15,6.12,210,Train,284
replica3_6E5X_21,6E5X,15,6.12,210,Train,284
replica4_6E5X_21,6E5X,15,6.12,210,Train,284
replica5_6E5X_21,6E5X,15,6.12,210,Train,284
replica1_6E5X_27,6E5X,15,6.12,210,Train,284
replica2_6E5X_27,6E5X,15,6.12,210,Train,284
replica3_6E5X_27,6E5X,15,6.12,210,Train,284
replica4_6E5X_27,6E5X,15,6.12,210,Train,284
replica5_6E5X_27,6E5X,15,6.12,210,Train,284
replica1_6E5X_34,6E5X,15,6.12,210,Train,284
replica2_6E5X_34,6E5X,15,6.12,210,Train,284
replica3_6E5X_34,6E5X,15,6.12,210,Train,284
replica4_6E5X_34,6E5X,15,6.12,210,Train,284
replica5_6E5X_34,6E5X,15,6.12,210,Train,284
replica1_6E5X_41,6E5X,15,6.12,210,Train,284
replica2_6E5X_41,6E5X,15,6.12,210,Train,284
replica3_6E5X_41,6E5X,15,6.12,210,Train,284
replica4_6E5X_41,6E5X,15,6.12,210,Train,284
replica5_6E5X_41,6E5X,15,6.12,210,Train,284
replica1_6E5X_47,6E5X,15,6.12,210,Train,284
replica2_6E5X_47,6E5X,15,6.12,210,Train,284
replica3_6E5X_47,6E5X,15,6.12,210,Train,284
replica4_6E5X_47,6E5X,15,6.12,210,Train,284
replica5_6E5X_47,6E5X,15,6.12,210,Train,284
replica1_6E5X_54,6E5X,15,6.12,210,Train,284
replica2_6E5X_54,6E5X,15,6.12,210,Train,284
replica3_6E5X_54,6E5X,15,6.12,210,Train,284
replica4_6E5X_54,6E5X,15,6.12,210,Train,284
replica5_6E5X_54,6E5X,15,6.12,210,Train,284
replica1_6E5X_60,6E5X,15,6.12,210,Train,284
replica2_6E5X_60,6E5X,15,6.12,210,Train,284
replica3_6E5X_60,6E5X,15,6.12,210,Train,284
replica4_6E5X_60,6E5X,15,6.12,210,Train,284
replica5_6E5X_60,6E5X,15,6.12,210,Train,284
replica1_6E5X_67,6E5X,15,6.12,210,Train,284
replica2_6E5X_67,6E5X,15,6.12,210,Train,284
replica3_6E5X_67,6E5X,15,6.12,210,Train,284
replica4_6E5X_67,6E5X,15,6.12,210,Train,284
replica5_6E5X_67,6E5X,15,6.12,210,Train,284
replica1_6E5X_74,6E5X,15,6.12,210,Train,284
replica2_6E5X_74,6E5X,15,6.12,210,Train,284
replica3_6E5X_74,6E5X,15,6.12,210,Train,284
replica4_6E5X_74,6E5X,15,6.12,210,Train,284
replica5_6E5X_74,6E5X,15,6.12,210,Train,284
replica1_6E5X_80,6E5X,15,6.12,210,Train,284
replica2_6E5X_80,6E5X,15,6.12,210,Train,284
replica3_6E5X_80,6E5X,15,6.12,210,Train,284
replica4_6E5X_80,6E5X,15,6.12,210,Train,284
replica5_6E5X_80,6E5X,15,6.12,210,Train,284
replica1_6E5X_87,6E5X,15,6.12,210,Train,284
replica2_6E5X_87,6E5X,15,6.12,210,Train,284
replica3_6E5X_87,6E5X,15,6.12,210,Train,284
replica4_6E5X_87,6E5X,15,6.12,210,Train,284
replica5_6E5X_87,6E5X,15,6.12,210,Train,284
replica1_6E5X_93,6E5X,15,6.12,210,Train,284
replica2_6E5X_93,6E5X,15,6.12,210,Train,284
replica3_6E5X_93,6E5X,15,6.12,210,Train,284
replica4_6E5X_93,6E5X,15,6.12,210,Train,284
replica5_6E5X_93,6E5X,15,6.12,210,Train,284
replica1_6E5X_100,6E5X,15,6.12,210,Train,284
replica2_6E5X_100,6E5X,15,6.12,210,Train,284
replica3_6E5X_100,6E5X,15,6.12,210,Train,284
replica4_6E5X_100,6E5X,15,6.12,210,Train,284
replica5_6E5X_100,6E5X,15,6.12,210,Train,284
replica1_6EVN_1,6EVN,9,4.71,121,Test,
replica2_6EVN_1,6EVN,9,4.71,121,Test,
replica3_6EVN_1,6EVN,9,4.71,121,Test,
replica4_6EVN_1,6EVN,9,4.71,121,Test,
replica5_6EVN_1,6EVN,9,4.71,121,Test,
replica1_6EVN_26,6EVN,9,4.71,121,Test,
replica2_6EVN_26,6EVN,9,4.71,121,Test,
replica3_6EVN_26,6EVN,9,4.71,121,Test,
replica4_6EVN_26,6EVN,9,4.71,121,Test,
replica5_6EVN_26,6EVN,9,4.71,121,Test,
replica1_6EVN_51,6EVN,9,4.71,121,Test,
replica2_6EVN_51,6EVN,9,4.71,121,Test,
replica3_6EVN_51,6EVN,9,4.71,121,Test,
replica4_6EVN_51,6EVN,9,4.71,121,Test,
replica5_6EVN_51,6EVN,9,4.71,121,Test,
replica1_6EVN_75,6EVN,9,4.71,121,Test,
replica2_6EVN_75,6EVN,9,4.71,121,Test,
replica3_6EVN_75,6EVN,9,4.71,121,Test,
replica4_6EVN_75,6EVN,9,4.71,121,Test,
replica5_6EVN_75,6EVN,9,4.71,121,Test,
replica1_6EVN_100,6EVN,9,4.71,121,Test,
replica2_6EVN_100,6EVN,9,4.71,121,Test,
replica3_6EVN_100,6EVN,9,4.71,121,Test,
replica4_6EVN_100,6EVN,9,4.71,121,Test,
replica5_6EVN_100,6EVN,9,4.71,121,Test,
replica1_6EVO_1,6EVO,9,5.17,121,Test,
replica2_6EVO_1,6EVO,9,5.17,121,Test,
replica3_6EVO_1,6EVO,9,5.17,121,Test,
replica4_6EVO_1,6EVO,9,5.17,121,Test,
replica5_6EVO_1,6EVO,9,5.17,121,Test,
replica1_6EVO_26,6EVO,9,5.17,121,Test,
replica2_6EVO_26,6EVO,9,5.17,121,Test,
replica3_6EVO_26,6EVO,9,5.17,121,Test,
replica4_6EVO_26,6EVO,9,5.17,121,Test,
replica5_6EVO_26,6EVO,9,5.17,121,Test,
replica1_6EVO_51,6EVO,9,5.17,121,Test,
replica2_6EVO_51,6EVO,9,5.17,121,Test,
replica3_6EVO_51,6EVO,9,5.17,121,Test,
replica4_6EVO_51,6EVO,9,5.17,121,Test,
replica5_6EVO_51,6EVO,9,5.17,121,Test,
replica1_6EVO_75,6EVO,9,5.17,121,Test,
replica2_6EVO_75,6EVO,9,5.17,121,Test,
replica3_6EVO_75,6EVO,9,5.17,121,Test,
replica4_6EVO_75,6EVO,9,5.17,121,Test,
replica5_6EVO_75,6EVO,9,5.17,121,Test,
replica1_6EVO_100,6EVO,9,5.17,121,Test,
replica2_6EVO_100,6EVO,9,5.17,121,Test,
replica3_6EVO_100,6EVO,9,5.17,121,Test,
replica4_6EVO_100,6EVO,9,5.17,121,Test,
replica5_6EVO_100,6EVO,9,5.17,121,Test,
replica1_6EVP_1,6EVP,9,4.53,121,Test,
replica2_6EVP_1,6EVP,9,4.53,121,Test,
replica3_6EVP_1,6EVP,9,4.53,121,Test,
replica4_6EVP_1,6EVP,9,4.53,121,Test,
replica5_6EVP_1,6EVP,9,4.53,121,Test,
replica1_6EVP_26,6EVP,9,4.53,121,Test,
replica2_6EVP_26,6EVP,9,4.53,121,Test,
replica3_6EVP_26,6EVP,9,4.53,121,Test,
replica4_6EVP_26,6EVP,9,4.53,121,Test,
replica5_6EVP_26,6EVP,9,4.53,121,Test,
replica1_6EVP_51,6EVP,9,4.53,121,Test,
replica2_6EVP_51,6EVP,9,4.53,121,Test,
replica3_6EVP_51,6EVP,9,4.53,121,Test,
replica4_6EVP_51,6EVP,9,4.53,121,Test,
replica5_6EVP_51,6EVP,9,4.53,121,Test,
replica1_6EVP_75,6EVP,9,4.53,121,Test,
replica2_6EVP_75,6EVP,9,4.53,121,Test,
replica3_6EVP_75,6EVP,9,4.53,121,Test,
replica4_6EVP_75,6EVP,9,4.53,121,Test,
replica5_6EVP_75,6EVP,9,4.53,121,Test,
replica1_6EVP_100,6EVP,9,4.53,121,Test,
replica2_6EVP_100,6EVP,9,4.53,121,Test,
replica3_6EVP_100,6EVP,9,4.53,121,Test,
replica4_6EVP_100,6EVP,9,4.53,121,Test,
replica5_6EVP_100,6EVP,9,4.53,121,Test,
replica1_6EZI_1,6EZI,10,5.31,25,Train,285
replica2_6EZI_1,6EZI,10,5.31,25,Train,285
replica3_6EZI_1,6EZI,10,5.31,25,Train,285
replica4_6EZI_1,6EZI,10,5.31,25,Train,285
replica5_6EZI_1,6EZI,10,5.31,25,Train,285
replica1_6EZI_8,6EZI,10,5.31,25,Train,285
replica2_6EZI_8,6EZI,10,5.31,25,Train,285
replica3_6EZI_8,6EZI,10,5.31,25,Train,285
replica4_6EZI_8,6EZI,10,5.31,25,Train,285
replica5_6EZI_8,6EZI,10,5.31,25,Train,285
replica1_6EZI_14,6EZI,10,5.31,25,Train,285
replica2_6EZI_14,6EZI,10,5.31,25,Train,285
replica3_6EZI_14,6EZI,10,5.31,25,Train,285
replica4_6EZI_14,6EZI,10,5.31,25,Train,285
replica5_6EZI_14,6EZI,10,5.31,25,Train,285
replica1_6EZI_21,6EZI,10,5.31,25,Train,285
replica2_6EZI_21,6EZI,10,5.31,25,Train,285
replica3_6EZI_21,6EZI,10,5.31,25,Train,285
replica4_6EZI_21,6EZI,10,5.31,25,Train,285
replica5_6EZI_21,6EZI,10,5.31,25,Train,285
replica1_6EZI_27,6EZI,10,5.31,25,Train,285
replica2_6EZI_27,6EZI,10,5.31,25,Train,285
replica3_6EZI_27,6EZI,10,5.31,25,Train,285
replica4_6EZI_27,6EZI,10,5.31,25,Train,285
replica5_6EZI_27,6EZI,10,5.31,25,Train,285
replica1_6EZI_34,6EZI,10,5.31,25,Train,285
replica2_6EZI_34,6EZI,10,5.31,25,Train,285
replica3_6EZI_34,6EZI,10,5.31,25,Train,285
replica4_6EZI_34,6EZI,10,5.31,25,Train,285
replica5_6EZI_34,6EZI,10,5.31,25,Train,285
replica1_6EZI_41,6EZI,10,5.31,25,Train,285
replica2_6EZI_41,6EZI,10,5.31,25,Train,285
replica3_6EZI_41,6EZI,10,5.31,25,Train,285
replica4_6EZI_41,6EZI,10,5.31,25,Train,285
replica5_6EZI_41,6EZI,10,5.31,25,Train,285
replica1_6EZI_47,6EZI,10,5.31,25,Train,285
replica2_6EZI_47,6EZI,10,5.31,25,Train,285
replica3_6EZI_47,6EZI,10,5.31,25,Train,285
replica4_6EZI_47,6EZI,10,5.31,25,Train,285
replica5_6EZI_47,6EZI,10,5.31,25,Train,285
replica1_6EZI_54,6EZI,10,5.31,25,Train,285
replica2_6EZI_54,6EZI,10,5.31,25,Train,285
replica3_6EZI_54,6EZI,10,5.31,25,Train,285
replica4_6EZI_54,6EZI,10,5.31,25,Train,285
replica5_6EZI_54,6EZI,10,5.31,25,Train,285
replica1_6EZI_60,6EZI,10,5.31,25,Train,285
replica2_6EZI_60,6EZI,10,5.31,25,Train,285
replica3_6EZI_60,6EZI,10,5.31,25,Train,285
replica4_6EZI_60,6EZI,10,5.31,25,Train,285
replica5_6EZI_60,6EZI,10,5.31,25,Train,285
replica1_6EZI_67,6EZI,10,5.31,25,Train,285
replica2_6EZI_67,6EZI,10,5.31,25,Train,285
replica3_6EZI_67,6EZI,10,5.31,25,Train,285
replica4_6EZI_67,6EZI,10,5.31,25,Train,285
replica5_6EZI_67,6EZI,10,5.31,25,Train,285
replica1_6EZI_74,6EZI,10,5.31,25,Train,285
replica2_6EZI_74,6EZI,10,5.31,25,Train,285
replica3_6EZI_74,6EZI,10,5.31,25,Train,285
replica4_6EZI_74,6EZI,10,5.31,25,Train,285
replica5_6EZI_74,6EZI,10,5.31,25,Train,285
replica1_6EZI_80,6EZI,10,5.31,25,Train,285
replica2_6EZI_80,6EZI,10,5.31,25,Train,285
replica3_6EZI_80,6EZI,10,5.31,25,Train,285
replica4_6EZI_80,6EZI,10,5.31,25,Train,285
replica5_6EZI_80,6EZI,10,5.31,25,Train,285
replica1_6EZI_87,6EZI,10,5.31,25,Train,285
replica2_6EZI_87,6EZI,10,5.31,25,Train,285
replica3_6EZI_87,6EZI,10,5.31,25,Train,285
replica4_6EZI_87,6EZI,10,5.31,25,Train,285
replica5_6EZI_87,6EZI,10,5.31,25,Train,285
replica1_6EZI_93,6EZI,10,5.31,25,Train,285
replica2_6EZI_93,6EZI,10,5.31,25,Train,285
replica3_6EZI_93,6EZI,10,5.31,25,Train,285
replica4_6EZI_93,6EZI,10,5.31,25,Train,285
replica5_6EZI_93,6EZI,10,5.31,25,Train,285
replica1_6EZI_100,6EZI,10,5.31,25,Train,285
replica2_6EZI_100,6EZI,10,5.31,25,Train,285
replica3_6EZI_100,6EZI,10,5.31,25,Train,285
replica4_6EZI_100,6EZI,10,5.31,25,Train,285
replica5_6EZI_100,6EZI,10,5.31,25,Train,285
replica1_6F7T_1,6F7T,12,9.44,211,Train,286
replica2_6F7T_1,6F7T,12,9.44,211,Train,286
replica3_6F7T_1,6F7T,12,9.44,211,Train,286
replica4_6F7T_1,6F7T,12,9.44,211,Train,286
replica5_6F7T_1,6F7T,12,9.44,211,Train,286
replica1_6F7T_8,6F7T,12,9.44,211,Train,286
replica2_6F7T_8,6F7T,12,9.44,211,Train,286
replica3_6F7T_8,6F7T,12,9.44,211,Train,286
replica4_6F7T_8,6F7T,12,9.44,211,Train,286
replica5_6F7T_8,6F7T,12,9.44,211,Train,286
replica1_6F7T_14,6F7T,12,9.44,211,Train,286
replica2_6F7T_14,6F7T,12,9.44,211,Train,286
replica3_6F7T_14,6F7T,12,9.44,211,Train,286
replica4_6F7T_14,6F7T,12,9.44,211,Train,286
replica5_6F7T_14,6F7T,12,9.44,211,Train,286
replica1_6F7T_21,6F7T,12,9.44,211,Train,286
replica2_6F7T_21,6F7T,12,9.44,211,Train,286
replica3_6F7T_21,6F7T,12,9.44,211,Train,286
replica4_6F7T_21,6F7T,12,9.44,211,Train,286
replica5_6F7T_21,6F7T,12,9.44,211,Train,286
replica1_6F7T_27,6F7T,12,9.44,211,Train,286
replica2_6F7T_27,6F7T,12,9.44,211,Train,286
replica3_6F7T_27,6F7T,12,9.44,211,Train,286
replica4_6F7T_27,6F7T,12,9.44,211,Train,286
replica5_6F7T_27,6F7T,12,9.44,211,Train,286
replica1_6F7T_34,6F7T,12,9.44,211,Train,286
replica2_6F7T_34,6F7T,12,9.44,211,Train,286
replica3_6F7T_34,6F7T,12,9.44,211,Train,286
replica4_6F7T_34,6F7T,12,9.44,211,Train,286
replica5_6F7T_34,6F7T,12,9.44,211,Train,286
replica1_6F7T_41,6F7T,12,9.44,211,Train,286
replica2_6F7T_41,6F7T,12,9.44,211,Train,286
replica3_6F7T_41,6F7T,12,9.44,211,Train,286
replica4_6F7T_41,6F7T,12,9.44,211,Train,286
replica5_6F7T_41,6F7T,12,9.44,211,Train,286
replica1_6F7T_47,6F7T,12,9.44,211,Train,286
replica2_6F7T_47,6F7T,12,9.44,211,Train,286
replica3_6F7T_47,6F7T,12,9.44,211,Train,286
replica4_6F7T_47,6F7T,12,9.44,211,Train,286
replica5_6F7T_47,6F7T,12,9.44,211,Train,286
replica1_6F7T_54,6F7T,12,9.44,211,Train,286
replica2_6F7T_54,6F7T,12,9.44,211,Train,286
replica3_6F7T_54,6F7T,12,9.44,211,Train,286
replica4_6F7T_54,6F7T,12,9.44,211,Train,286
replica5_6F7T_54,6F7T,12,9.44,211,Train,286
replica1_6F7T_60,6F7T,12,9.44,211,Train,286
replica2_6F7T_60,6F7T,12,9.44,211,Train,286
replica3_6F7T_60,6F7T,12,9.44,211,Train,286
replica4_6F7T_60,6F7T,12,9.44,211,Train,286
replica5_6F7T_60,6F7T,12,9.44,211,Train,286
replica1_6F7T_67,6F7T,12,9.44,211,Train,286
replica2_6F7T_67,6F7T,12,9.44,211,Train,286
replica3_6F7T_67,6F7T,12,9.44,211,Train,286
replica4_6F7T_67,6F7T,12,9.44,211,Train,286
replica5_6F7T_67,6F7T,12,9.44,211,Train,286
replica1_6F7T_74,6F7T,12,9.44,211,Train,286
replica2_6F7T_74,6F7T,12,9.44,211,Train,286
replica3_6F7T_74,6F7T,12,9.44,211,Train,286
replica4_6F7T_74,6F7T,12,9.44,211,Train,286
replica5_6F7T_74,6F7T,12,9.44,211,Train,286
replica1_6F7T_80,6F7T,12,9.44,211,Train,286
replica2_6F7T_80,6F7T,12,9.44,211,Train,286
replica3_6F7T_80,6F7T,12,9.44,211,Train,286
replica4_6F7T_80,6F7T,12,9.44,211,Train,286
replica5_6F7T_80,6F7T,12,9.44,211,Train,286
replica1_6F7T_87,6F7T,12,9.44,211,Train,286
replica2_6F7T_87,6F7T,12,9.44,211,Train,286
replica3_6F7T_87,6F7T,12,9.44,211,Train,286
replica4_6F7T_87,6F7T,12,9.44,211,Train,286
replica5_6F7T_87,6F7T,12,9.44,211,Train,286
replica1_6F7T_93,6F7T,12,9.44,211,Train,286
replica2_6F7T_93,6F7T,12,9.44,211,Train,286
replica3_6F7T_93,6F7T,12,9.44,211,Train,286
replica4_6F7T_93,6F7T,12,9.44,211,Train,286
replica5_6F7T_93,6F7T,12,9.44,211,Train,286
replica1_6F7T_100,6F7T,12,9.44,211,Train,286
replica2_6F7T_100,6F7T,12,9.44,211,Train,286
replica3_6F7T_100,6F7T,12,9.44,211,Train,286
replica4_6F7T_100,6F7T,12,9.44,211,Train,286
replica5_6F7T_100,6F7T,12,9.44,211,Train,286
replica1_6F8G_1,6F8G,12,4.18,212,Train,287
replica2_6F8G_1,6F8G,12,4.18,212,Train,287
replica3_6F8G_1,6F8G,12,4.18,212,Train,287
replica4_6F8G_1,6F8G,12,4.18,212,Train,287
replica5_6F8G_1,6F8G,12,4.18,212,Train,287
replica1_6F8G_100,6F8G,12,4.18,212,Train,287
replica2_6F8G_100,6F8G,12,4.18,212,Train,287
replica3_6F8G_100,6F8G,12,4.18,212,Train,287
replica4_6F8G_100,6F8G,12,4.18,212,Train,287
replica5_6F8G_100,6F8G,12,4.18,212,Train,287
replica1_6FZF_1,6FZF,14,6.82,14,Train,288
replica2_6FZF_1,6FZF,14,6.82,14,Train,288
replica3_6FZF_1,6FZF,14,6.82,14,Train,288
replica4_6FZF_1,6FZF,14,6.82,14,Train,288
replica5_6FZF_1,6FZF,14,6.82,14,Train,288
replica1_6FZF_15,6FZF,14,6.82,14,Train,288
replica2_6FZF_15,6FZF,14,6.82,14,Train,288
replica3_6FZF_15,6FZF,14,6.82,14,Train,288
replica4_6FZF_15,6FZF,14,6.82,14,Train,288
replica5_6FZF_15,6FZF,14,6.82,14,Train,288
replica1_6FZF_29,6FZF,14,6.82,14,Train,288
replica2_6FZF_29,6FZF,14,6.82,14,Train,288
replica3_6FZF_29,6FZF,14,6.82,14,Train,288
replica4_6FZF_29,6FZF,14,6.82,14,Train,288
replica5_6FZF_29,6FZF,14,6.82,14,Train,288
replica1_6FZF_43,6FZF,14,6.82,14,Train,288
replica2_6FZF_43,6FZF,14,6.82,14,Train,288
replica3_6FZF_43,6FZF,14,6.82,14,Train,288
replica4_6FZF_43,6FZF,14,6.82,14,Train,288
replica5_6FZF_43,6FZF,14,6.82,14,Train,288
replica1_6FZF_58,6FZF,14,6.82,14,Train,288
replica2_6FZF_58,6FZF,14,6.82,14,Train,288
replica3_6FZF_58,6FZF,14,6.82,14,Train,288
replica4_6FZF_58,6FZF,14,6.82,14,Train,288
replica5_6FZF_58,6FZF,14,6.82,14,Train,288
replica1_6FZF_72,6FZF,14,6.82,14,Train,288
replica2_6FZF_72,6FZF,14,6.82,14,Train,288
replica3_6FZF_72,6FZF,14,6.82,14,Train,288
replica4_6FZF_72,6FZF,14,6.82,14,Train,288
replica5_6FZF_72,6FZF,14,6.82,14,Train,288
replica1_6FZF_86,6FZF,14,6.82,14,Train,288
replica2_6FZF_86,6FZF,14,6.82,14,Train,288
replica3_6FZF_86,6FZF,14,6.82,14,Train,288
replica4_6FZF_86,6FZF,14,6.82,14,Train,288
replica5_6FZF_86,6FZF,14,6.82,14,Train,288
replica1_6FZF_100,6FZF,14,6.82,14,Train,288
replica2_6FZF_100,6FZF,14,6.82,14,Train,288
replica3_6FZF_100,6FZF,14,6.82,14,Train,288
replica4_6FZF_100,6FZF,14,6.82,14,Train,288
replica5_6FZF_100,6FZF,14,6.82,14,Train,288
replica1_6FZJ_1,6FZJ,14,6.33,14,Train,288
replica2_6FZJ_1,6FZJ,14,6.33,14,Train,288
replica3_6FZJ_1,6FZJ,14,6.33,14,Train,288
replica4_6FZJ_1,6FZJ,14,6.33,14,Train,288
replica5_6FZJ_1,6FZJ,14,6.33,14,Train,288
replica1_6FZJ_15,6FZJ,14,6.33,14,Train,288
replica2_6FZJ_15,6FZJ,14,6.33,14,Train,288
replica3_6FZJ_15,6FZJ,14,6.33,14,Train,288
replica4_6FZJ_15,6FZJ,14,6.33,14,Train,288
replica5_6FZJ_15,6FZJ,14,6.33,14,Train,288
replica1_6FZJ_29,6FZJ,14,6.33,14,Train,288
replica2_6FZJ_29,6FZJ,14,6.33,14,Train,288
replica3_6FZJ_29,6FZJ,14,6.33,14,Train,288
replica4_6FZJ_29,6FZJ,14,6.33,14,Train,288
replica5_6FZJ_29,6FZJ,14,6.33,14,Train,288
replica1_6FZJ_43,6FZJ,14,6.33,14,Train,288
replica2_6FZJ_43,6FZJ,14,6.33,14,Train,288
replica3_6FZJ_43,6FZJ,14,6.33,14,Train,288
replica4_6FZJ_43,6FZJ,14,6.33,14,Train,288
replica5_6FZJ_43,6FZJ,14,6.33,14,Train,288
replica1_6FZJ_58,6FZJ,14,6.33,14,Train,288
replica2_6FZJ_58,6FZJ,14,6.33,14,Train,288
replica3_6FZJ_58,6FZJ,14,6.33,14,Train,288
replica4_6FZJ_58,6FZJ,14,6.33,14,Train,288
replica5_6FZJ_58,6FZJ,14,6.33,14,Train,288
replica1_6FZJ_72,6FZJ,14,6.33,14,Train,288
replica2_6FZJ_72,6FZJ,14,6.33,14,Train,288
replica3_6FZJ_72,6FZJ,14,6.33,14,Train,288
replica4_6FZJ_72,6FZJ,14,6.33,14,Train,288
replica5_6FZJ_72,6FZJ,14,6.33,14,Train,288
replica1_6FZJ_86,6FZJ,14,6.33,14,Train,288
replica2_6FZJ_86,6FZJ,14,6.33,14,Train,288
replica3_6FZJ_86,6FZJ,14,6.33,14,Train,288
replica4_6FZJ_86,6FZJ,14,6.33,14,Train,288
replica5_6FZJ_86,6FZJ,14,6.33,14,Train,288
replica1_6FZJ_100,6FZJ,14,6.33,14,Train,288
replica2_6FZJ_100,6FZJ,14,6.33,14,Train,288
replica3_6FZJ_100,6FZJ,14,6.33,14,Train,288
replica4_6FZJ_100,6FZJ,14,6.33,14,Train,288
replica5_6FZJ_100,6FZJ,14,6.33,14,Train,288
replica1_6GY5_1,6GY5,11,4.86,213,Train,289
replica2_6GY5_1,6GY5,11,4.86,213,Train,289
replica3_6GY5_1,6GY5,11,4.86,213,Train,289
replica4_6GY5_1,6GY5,11,4.86,213,Train,289
replica5_6GY5_1,6GY5,11,4.86,213,Train,289
replica1_6GY5_8,6GY5,11,4.86,213,Train,289
replica2_6GY5_8,6GY5,11,4.86,213,Train,289
replica3_6GY5_8,6GY5,11,4.86,213,Train,289
replica4_6GY5_8,6GY5,11,4.86,213,Train,289
replica5_6GY5_8,6GY5,11,4.86,213,Train,289
replica1_6GY5_14,6GY5,11,4.86,213,Train,289
replica2_6GY5_14,6GY5,11,4.86,213,Train,289
replica3_6GY5_14,6GY5,11,4.86,213,Train,289
replica4_6GY5_14,6GY5,11,4.86,213,Train,289
replica5_6GY5_14,6GY5,11,4.86,213,Train,289
replica1_6GY5_21,6GY5,11,4.86,213,Train,289
replica2_6GY5_21,6GY5,11,4.86,213,Train,289
replica3_6GY5_21,6GY5,11,4.86,213,Train,289
replica4_6GY5_21,6GY5,11,4.86,213,Train,289
replica5_6GY5_21,6GY5,11,4.86,213,Train,289
replica1_6GY5_27,6GY5,11,4.86,213,Train,289
replica2_6GY5_27,6GY5,11,4.86,213,Train,289
replica3_6GY5_27,6GY5,11,4.86,213,Train,289
replica4_6GY5_27,6GY5,11,4.86,213,Train,289
replica5_6GY5_27,6GY5,11,4.86,213,Train,289
replica1_6GY5_34,6GY5,11,4.86,213,Train,289
replica2_6GY5_34,6GY5,11,4.86,213,Train,289
replica3_6GY5_34,6GY5,11,4.86,213,Train,289
replica4_6GY5_34,6GY5,11,4.86,213,Train,289
replica5_6GY5_34,6GY5,11,4.86,213,Train,289
replica1_6GY5_41,6GY5,11,4.86,213,Train,289
replica2_6GY5_41,6GY5,11,4.86,213,Train,289
replica3_6GY5_41,6GY5,11,4.86,213,Train,289
replica4_6GY5_41,6GY5,11,4.86,213,Train,289
replica5_6GY5_41,6GY5,11,4.86,213,Train,289
replica1_6GY5_47,6GY5,11,4.86,213,Train,289
replica2_6GY5_47,6GY5,11,4.86,213,Train,289
replica3_6GY5_47,6GY5,11,4.86,213,Train,289
replica4_6GY5_47,6GY5,11,4.86,213,Train,289
replica5_6GY5_47,6GY5,11,4.86,213,Train,289
replica1_6GY5_54,6GY5,11,4.86,213,Train,289
replica2_6GY5_54,6GY5,11,4.86,213,Train,289
replica3_6GY5_54,6GY5,11,4.86,213,Train,289
replica4_6GY5_54,6GY5,11,4.86,213,Train,289
replica5_6GY5_54,6GY5,11,4.86,213,Train,289
replica1_6GY5_60,6GY5,11,4.86,213,Train,289
replica2_6GY5_60,6GY5,11,4.86,213,Train,289
replica3_6GY5_60,6GY5,11,4.86,213,Train,289
replica4_6GY5_60,6GY5,11,4.86,213,Train,289
replica5_6GY5_60,6GY5,11,4.86,213,Train,289
replica1_6GY5_67,6GY5,11,4.86,213,Train,289
replica2_6GY5_67,6GY5,11,4.86,213,Train,289
replica3_6GY5_67,6GY5,11,4.86,213,Train,289
replica4_6GY5_67,6GY5,11,4.86,213,Train,289
replica5_6GY5_67,6GY5,11,4.86,213,Train,289
replica1_6GY5_74,6GY5,11,4.86,213,Train,289
replica2_6GY5_74,6GY5,11,4.86,213,Train,289
replica3_6GY5_74,6GY5,11,4.86,213,Train,289
replica4_6GY5_74,6GY5,11,4.86,213,Train,289
replica5_6GY5_74,6GY5,11,4.86,213,Train,289
replica1_6GY5_80,6GY5,11,4.86,213,Train,289
replica2_6GY5_80,6GY5,11,4.86,213,Train,289
replica3_6GY5_80,6GY5,11,4.86,213,Train,289
replica4_6GY5_80,6GY5,11,4.86,213,Train,289
replica5_6GY5_80,6GY5,11,4.86,213,Train,289
replica1_6GY5_87,6GY5,11,4.86,213,Train,289
replica2_6GY5_87,6GY5,11,4.86,213,Train,289
replica3_6GY5_87,6GY5,11,4.86,213,Train,289
replica4_6GY5_87,6GY5,11,4.86,213,Train,289
replica5_6GY5_87,6GY5,11,4.86,213,Train,289
replica1_6GY5_93,6GY5,11,4.86,213,Train,289
replica2_6GY5_93,6GY5,11,4.86,213,Train,289
replica3_6GY5_93,6GY5,11,4.86,213,Train,289
replica4_6GY5_93,6GY5,11,4.86,213,Train,289
replica5_6GY5_93,6GY5,11,4.86,213,Train,289
replica1_6GY5_100,6GY5,11,4.86,213,Train,289
replica2_6GY5_100,6GY5,11,4.86,213,Train,289
replica3_6GY5_100,6GY5,11,4.86,213,Train,289
replica4_6GY5_100,6GY5,11,4.86,213,Train,289
replica5_6GY5_100,6GY5,11,4.86,213,Train,289
replica1_6H7B_1,6H7B,14,7.48,214,Train,290
replica2_6H7B_1,6H7B,14,7.48,214,Train,290
replica3_6H7B_1,6H7B,14,7.48,214,Train,290
replica4_6H7B_1,6H7B,14,7.48,214,Train,290
replica5_6H7B_1,6H7B,14,7.48,214,Train,290
replica1_6H7B_8,6H7B,14,7.48,214,Train,290
replica2_6H7B_8,6H7B,14,7.48,214,Train,290
replica3_6H7B_8,6H7B,14,7.48,214,Train,290
replica4_6H7B_8,6H7B,14,7.48,214,Train,290
replica5_6H7B_8,6H7B,14,7.48,214,Train,290
replica1_6H7B_14,6H7B,14,7.48,214,Train,290
replica2_6H7B_14,6H7B,14,7.48,214,Train,290
replica3_6H7B_14,6H7B,14,7.48,214,Train,290
replica4_6H7B_14,6H7B,14,7.48,214,Train,290
replica5_6H7B_14,6H7B,14,7.48,214,Train,290
replica1_6H7B_21,6H7B,14,7.48,214,Train,290
replica2_6H7B_21,6H7B,14,7.48,214,Train,290
replica3_6H7B_21,6H7B,14,7.48,214,Train,290
replica4_6H7B_21,6H7B,14,7.48,214,Train,290
replica5_6H7B_21,6H7B,14,7.48,214,Train,290
replica1_6H7B_27,6H7B,14,7.48,214,Train,290
replica2_6H7B_27,6H7B,14,7.48,214,Train,290
replica3_6H7B_27,6H7B,14,7.48,214,Train,290
replica4_6H7B_27,6H7B,14,7.48,214,Train,290
replica5_6H7B_27,6H7B,14,7.48,214,Train,290
replica1_6H7B_34,6H7B,14,7.48,214,Train,290
replica2_6H7B_34,6H7B,14,7.48,214,Train,290
replica3_6H7B_34,6H7B,14,7.48,214,Train,290
replica4_6H7B_34,6H7B,14,7.48,214,Train,290
replica5_6H7B_34,6H7B,14,7.48,214,Train,290
replica1_6H7B_41,6H7B,14,7.48,214,Train,290
replica2_6H7B_41,6H7B,14,7.48,214,Train,290
replica3_6H7B_41,6H7B,14,7.48,214,Train,290
replica4_6H7B_41,6H7B,14,7.48,214,Train,290
replica5_6H7B_41,6H7B,14,7.48,214,Train,290
replica1_6H7B_47,6H7B,14,7.48,214,Train,290
replica2_6H7B_47,6H7B,14,7.48,214,Train,290
replica3_6H7B_47,6H7B,14,7.48,214,Train,290
replica4_6H7B_47,6H7B,14,7.48,214,Train,290
replica5_6H7B_47,6H7B,14,7.48,214,Train,290
replica1_6H7B_54,6H7B,14,7.48,214,Train,290
replica2_6H7B_54,6H7B,14,7.48,214,Train,290
replica3_6H7B_54,6H7B,14,7.48,214,Train,290
replica4_6H7B_54,6H7B,14,7.48,214,Train,290
replica5_6H7B_54,6H7B,14,7.48,214,Train,290
replica1_6H7B_60,6H7B,14,7.48,214,Train,290
replica2_6H7B_60,6H7B,14,7.48,214,Train,290
replica3_6H7B_60,6H7B,14,7.48,214,Train,290
replica4_6H7B_60,6H7B,14,7.48,214,Train,290
replica5_6H7B_60,6H7B,14,7.48,214,Train,290
replica1_6H7B_67,6H7B,14,7.48,214,Train,290
replica2_6H7B_67,6H7B,14,7.48,214,Train,290
replica3_6H7B_67,6H7B,14,7.48,214,Train,290
replica4_6H7B_67,6H7B,14,7.48,214,Train,290
replica5_6H7B_67,6H7B,14,7.48,214,Train,290
replica1_6H7B_74,6H7B,14,7.48,214,Train,290
replica2_6H7B_74,6H7B,14,7.48,214,Train,290
replica3_6H7B_74,6H7B,14,7.48,214,Train,290
replica4_6H7B_74,6H7B,14,7.48,214,Train,290
replica5_6H7B_74,6H7B,14,7.48,214,Train,290
replica1_6H7B_80,6H7B,14,7.48,214,Train,290
replica2_6H7B_80,6H7B,14,7.48,214,Train,290
replica3_6H7B_80,6H7B,14,7.48,214,Train,290
replica4_6H7B_80,6H7B,14,7.48,214,Train,290
replica5_6H7B_80,6H7B,14,7.48,214,Train,290
replica1_6H7B_87,6H7B,14,7.48,214,Train,290
replica2_6H7B_87,6H7B,14,7.48,214,Train,290
replica3_6H7B_87,6H7B,14,7.48,214,Train,290
replica4_6H7B_87,6H7B,14,7.48,214,Train,290
replica5_6H7B_87,6H7B,14,7.48,214,Train,290
replica1_6H7B_93,6H7B,14,7.48,214,Train,290
replica2_6H7B_93,6H7B,14,7.48,214,Train,290
replica3_6H7B_93,6H7B,14,7.48,214,Train,290
replica4_6H7B_93,6H7B,14,7.48,214,Train,290
replica5_6H7B_93,6H7B,14,7.48,214,Train,290
replica1_6H7B_100,6H7B,14,7.48,214,Train,290
replica2_6H7B_100,6H7B,14,7.48,214,Train,290
replica3_6H7B_100,6H7B,14,7.48,214,Train,290
replica4_6H7B_100,6H7B,14,7.48,214,Train,290
replica5_6H7B_100,6H7B,14,7.48,214,Train,290
replica1_6HOI_1,6HOI,10,5.1,215,Train,291
replica2_6HOI_1,6HOI,10,5.1,215,Train,291
replica3_6HOI_1,6HOI,10,5.1,215,Train,291
replica4_6HOI_1,6HOI,10,5.1,215,Train,291
replica5_6HOI_1,6HOI,10,5.1,215,Train,291
replica1_6HOI_8,6HOI,10,5.1,215,Train,291
replica2_6HOI_8,6HOI,10,5.1,215,Train,291
replica3_6HOI_8,6HOI,10,5.1,215,Train,291
replica4_6HOI_8,6HOI,10,5.1,215,Train,291
replica5_6HOI_8,6HOI,10,5.1,215,Train,291
replica1_6HOI_14,6HOI,10,5.1,215,Train,291
replica2_6HOI_14,6HOI,10,5.1,215,Train,291
replica3_6HOI_14,6HOI,10,5.1,215,Train,291
replica4_6HOI_14,6HOI,10,5.1,215,Train,291
replica5_6HOI_14,6HOI,10,5.1,215,Train,291
replica1_6HOI_21,6HOI,10,5.1,215,Train,291
replica2_6HOI_21,6HOI,10,5.1,215,Train,291
replica3_6HOI_21,6HOI,10,5.1,215,Train,291
replica4_6HOI_21,6HOI,10,5.1,215,Train,291
replica5_6HOI_21,6HOI,10,5.1,215,Train,291
replica1_6HOI_27,6HOI,10,5.1,215,Train,291
replica2_6HOI_27,6HOI,10,5.1,215,Train,291
replica3_6HOI_27,6HOI,10,5.1,215,Train,291
replica4_6HOI_27,6HOI,10,5.1,215,Train,291
replica5_6HOI_27,6HOI,10,5.1,215,Train,291
replica1_6HOI_34,6HOI,10,5.1,215,Train,291
replica2_6HOI_34,6HOI,10,5.1,215,Train,291
replica3_6HOI_34,6HOI,10,5.1,215,Train,291
replica4_6HOI_34,6HOI,10,5.1,215,Train,291
replica5_6HOI_34,6HOI,10,5.1,215,Train,291
replica1_6HOI_41,6HOI,10,5.1,215,Train,291
replica2_6HOI_41,6HOI,10,5.1,215,Train,291
replica3_6HOI_41,6HOI,10,5.1,215,Train,291
replica4_6HOI_41,6HOI,10,5.1,215,Train,291
replica5_6HOI_41,6HOI,10,5.1,215,Train,291
replica1_6HOI_47,6HOI,10,5.1,215,Train,291
replica2_6HOI_47,6HOI,10,5.1,215,Train,291
replica3_6HOI_47,6HOI,10,5.1,215,Train,291
replica4_6HOI_47,6HOI,10,5.1,215,Train,291
replica5_6HOI_47,6HOI,10,5.1,215,Train,291
replica1_6HOI_54,6HOI,10,5.1,215,Train,291
replica2_6HOI_54,6HOI,10,5.1,215,Train,291
replica3_6HOI_54,6HOI,10,5.1,215,Train,291
replica4_6HOI_54,6HOI,10,5.1,215,Train,291
replica5_6HOI_54,6HOI,10,5.1,215,Train,291
replica1_6HOI_60,6HOI,10,5.1,215,Train,291
replica2_6HOI_60,6HOI,10,5.1,215,Train,291
replica3_6HOI_60,6HOI,10,5.1,215,Train,291
replica4_6HOI_60,6HOI,10,5.1,215,Train,291
replica5_6HOI_60,6HOI,10,5.1,215,Train,291
replica1_6HOI_67,6HOI,10,5.1,215,Train,291
replica2_6HOI_67,6HOI,10,5.1,215,Train,291
replica3_6HOI_67,6HOI,10,5.1,215,Train,291
replica4_6HOI_67,6HOI,10,5.1,215,Train,291
replica5_6HOI_67,6HOI,10,5.1,215,Train,291
replica1_6HOI_74,6HOI,10,5.1,215,Train,291
replica2_6HOI_74,6HOI,10,5.1,215,Train,291
replica3_6HOI_74,6HOI,10,5.1,215,Train,291
replica4_6HOI_74,6HOI,10,5.1,215,Train,291
replica5_6HOI_74,6HOI,10,5.1,215,Train,291
replica1_6HOI_80,6HOI,10,5.1,215,Train,291
replica2_6HOI_80,6HOI,10,5.1,215,Train,291
replica3_6HOI_80,6HOI,10,5.1,215,Train,291
replica4_6HOI_80,6HOI,10,5.1,215,Train,291
replica5_6HOI_80,6HOI,10,5.1,215,Train,291
replica1_6HOI_87,6HOI,10,5.1,215,Train,291
replica2_6HOI_87,6HOI,10,5.1,215,Train,291
replica3_6HOI_87,6HOI,10,5.1,215,Train,291
replica4_6HOI_87,6HOI,10,5.1,215,Train,291
replica5_6HOI_87,6HOI,10,5.1,215,Train,291
replica1_6HOI_93,6HOI,10,5.1,215,Train,291
replica2_6HOI_93,6HOI,10,5.1,215,Train,291
replica3_6HOI_93,6HOI,10,5.1,215,Train,291
replica4_6HOI_93,6HOI,10,5.1,215,Train,291
replica5_6HOI_93,6HOI,10,5.1,215,Train,291
replica1_6HOI_100,6HOI,10,5.1,215,Train,291
replica2_6HOI_100,6HOI,10,5.1,215,Train,291
replica3_6HOI_100,6HOI,10,5.1,215,Train,291
replica4_6HOI_100,6HOI,10,5.1,215,Train,291
replica5_6HOI_100,6HOI,10,5.1,215,Train,291
replica1_6HPG_1,6HPG,8,5.5,113,Train,250
replica2_6HPG_1,6HPG,8,5.5,113,Train,250
replica3_6HPG_1,6HPG,8,5.5,113,Train,250
replica4_6HPG_1,6HPG,8,5.5,113,Train,250
replica5_6HPG_1,6HPG,8,5.5,113,Train,250
replica1_6HPG_15,6HPG,8,5.5,113,Train,250
replica2_6HPG_15,6HPG,8,5.5,113,Train,250
replica3_6HPG_15,6HPG,8,5.5,113,Train,250
replica4_6HPG_15,6HPG,8,5.5,113,Train,250
replica5_6HPG_15,6HPG,8,5.5,113,Train,250
replica1_6HPG_29,6HPG,8,5.5,113,Train,250
replica2_6HPG_29,6HPG,8,5.5,113,Train,250
replica3_6HPG_29,6HPG,8,5.5,113,Train,250
replica4_6HPG_29,6HPG,8,5.5,113,Train,250
replica5_6HPG_29,6HPG,8,5.5,113,Train,250
replica1_6HPG_43,6HPG,8,5.5,113,Train,250
replica2_6HPG_43,6HPG,8,5.5,113,Train,250
replica3_6HPG_43,6HPG,8,5.5,113,Train,250
replica4_6HPG_43,6HPG,8,5.5,113,Train,250
replica5_6HPG_43,6HPG,8,5.5,113,Train,250
replica1_6HPG_58,6HPG,8,5.5,113,Train,250
replica2_6HPG_58,6HPG,8,5.5,113,Train,250
replica3_6HPG_58,6HPG,8,5.5,113,Train,250
replica4_6HPG_58,6HPG,8,5.5,113,Train,250
replica5_6HPG_58,6HPG,8,5.5,113,Train,250
replica1_6HPG_72,6HPG,8,5.5,113,Train,250
replica2_6HPG_72,6HPG,8,5.5,113,Train,250
replica3_6HPG_72,6HPG,8,5.5,113,Train,250
replica4_6HPG_72,6HPG,8,5.5,113,Train,250
replica5_6HPG_72,6HPG,8,5.5,113,Train,250
replica1_6HPG_86,6HPG,8,5.5,113,Train,250
replica2_6HPG_86,6HPG,8,5.5,113,Train,250
replica3_6HPG_86,6HPG,8,5.5,113,Train,250
replica4_6HPG_86,6HPG,8,5.5,113,Train,250
replica5_6HPG_86,6HPG,8,5.5,113,Train,250
replica1_6HPG_100,6HPG,8,5.5,113,Train,250
replica2_6HPG_100,6HPG,8,5.5,113,Train,250
replica3_6HPG_100,6HPG,8,5.5,113,Train,250
replica4_6HPG_100,6HPG,8,5.5,113,Train,250
replica5_6HPG_100,6HPG,8,5.5,113,Train,250
replica1_6I41_1,6I41,9,4.21,23,Train,292
replica2_6I41_1,6I41,9,4.21,23,Train,292
replica3_6I41_1,6I41,9,4.21,23,Train,292
replica4_6I41_1,6I41,9,4.21,23,Train,292
replica5_6I41_1,6I41,9,4.21,23,Train,292
replica1_6I41_100,6I41,9,4.21,23,Train,292
replica2_6I41_100,6I41,9,4.21,23,Train,292
replica3_6I41_100,6I41,9,4.21,23,Train,292
replica4_6I41_100,6I41,9,4.21,23,Train,292
replica5_6I41_100,6I41,9,4.21,23,Train,292
replica1_6I5P_1,6I5P,9,4.32,23,Train,292
replica2_6I5P_1,6I5P,9,4.32,23,Train,292
replica3_6I5P_1,6I5P,9,4.32,23,Train,292
replica4_6I5P_1,6I5P,9,4.32,23,Train,292
replica5_6I5P_1,6I5P,9,4.32,23,Train,292
replica1_6I5P_100,6I5P,9,4.32,23,Train,292
replica2_6I5P_100,6I5P,9,4.32,23,Train,292
replica3_6I5P_100,6I5P,9,4.32,23,Train,292
replica4_6I5P_100,6I5P,9,4.32,23,Train,292
replica5_6I5P_100,6I5P,9,4.32,23,Train,292
replica1_6I68_1,6I68,9,4.89,23,Train,293
replica2_6I68_1,6I68,9,4.89,23,Train,293
replica3_6I68_1,6I68,9,4.89,23,Train,293
replica4_6I68_1,6I68,9,4.89,23,Train,293
replica5_6I68_1,6I68,9,4.89,23,Train,293
replica1_6I68_100,6I68,9,4.89,23,Train,293
replica2_6I68_100,6I68,9,4.89,23,Train,293
replica3_6I68_100,6I68,9,4.89,23,Train,293
replica4_6I68_100,6I68,9,4.89,23,Train,293
replica5_6I68_100,6I68,9,4.89,23,Train,293
replica1_6I7A_1,6I7A,9,4.26,23,Train,294
replica2_6I7A_1,6I7A,9,4.26,23,Train,294
replica3_6I7A_1,6I7A,9,4.26,23,Train,294
replica4_6I7A_1,6I7A,9,4.26,23,Train,294
replica5_6I7A_1,6I7A,9,4.26,23,Train,294
replica1_6I7A_100,6I7A,9,4.26,23,Train,294
replica2_6I7A_100,6I7A,9,4.26,23,Train,294
replica3_6I7A_100,6I7A,9,4.26,23,Train,294
replica4_6I7A_100,6I7A,9,4.26,23,Train,294
replica5_6I7A_100,6I7A,9,4.26,23,Train,294
replica1_6MM5_1,6MM5,12,4.54,216,Train,295
replica2_6MM5_1,6MM5,12,4.54,216,Train,295
replica3_6MM5_1,6MM5,12,4.54,216,Train,295
replica4_6MM5_1,6MM5,12,4.54,216,Train,295
replica5_6MM5_1,6MM5,12,4.54,216,Train,295
replica1_6MM5_8,6MM5,12,4.54,216,Train,295
replica2_6MM5_8,6MM5,12,4.54,216,Train,295
replica3_6MM5_8,6MM5,12,4.54,216,Train,295
replica4_6MM5_8,6MM5,12,4.54,216,Train,295
replica5_6MM5_8,6MM5,12,4.54,216,Train,295
replica1_6MM5_14,6MM5,12,4.54,216,Train,295
replica2_6MM5_14,6MM5,12,4.54,216,Train,295
replica3_6MM5_14,6MM5,12,4.54,216,Train,295
replica4_6MM5_14,6MM5,12,4.54,216,Train,295
replica5_6MM5_14,6MM5,12,4.54,216,Train,295
replica1_6MM5_21,6MM5,12,4.54,216,Train,295
replica2_6MM5_21,6MM5,12,4.54,216,Train,295
replica3_6MM5_21,6MM5,12,4.54,216,Train,295
replica4_6MM5_21,6MM5,12,4.54,216,Train,295
replica5_6MM5_21,6MM5,12,4.54,216,Train,295
replica1_6MM5_27,6MM5,12,4.54,216,Train,295
replica2_6MM5_27,6MM5,12,4.54,216,Train,295
replica3_6MM5_27,6MM5,12,4.54,216,Train,295
replica4_6MM5_27,6MM5,12,4.54,216,Train,295
replica5_6MM5_27,6MM5,12,4.54,216,Train,295
replica1_6MM5_34,6MM5,12,4.54,216,Train,295
replica2_6MM5_34,6MM5,12,4.54,216,Train,295
replica3_6MM5_34,6MM5,12,4.54,216,Train,295
replica4_6MM5_34,6MM5,12,4.54,216,Train,295
replica5_6MM5_34,6MM5,12,4.54,216,Train,295
replica1_6MM5_41,6MM5,12,4.54,216,Train,295
replica2_6MM5_41,6MM5,12,4.54,216,Train,295
replica3_6MM5_41,6MM5,12,4.54,216,Train,295
replica4_6MM5_41,6MM5,12,4.54,216,Train,295
replica5_6MM5_41,6MM5,12,4.54,216,Train,295
replica1_6MM5_47,6MM5,12,4.54,216,Train,295
replica2_6MM5_47,6MM5,12,4.54,216,Train,295
replica3_6MM5_47,6MM5,12,4.54,216,Train,295
replica4_6MM5_47,6MM5,12,4.54,216,Train,295
replica5_6MM5_47,6MM5,12,4.54,216,Train,295
replica1_6MM5_54,6MM5,12,4.54,216,Train,295
replica2_6MM5_54,6MM5,12,4.54,216,Train,295
replica3_6MM5_54,6MM5,12,4.54,216,Train,295
replica4_6MM5_54,6MM5,12,4.54,216,Train,295
replica5_6MM5_54,6MM5,12,4.54,216,Train,295
replica1_6MM5_60,6MM5,12,4.54,216,Train,295
replica2_6MM5_60,6MM5,12,4.54,216,Train,295
replica3_6MM5_60,6MM5,12,4.54,216,Train,295
replica4_6MM5_60,6MM5,12,4.54,216,Train,295
replica5_6MM5_60,6MM5,12,4.54,216,Train,295
replica1_6MM5_67,6MM5,12,4.54,216,Train,295
replica2_6MM5_67,6MM5,12,4.54,216,Train,295
replica3_6MM5_67,6MM5,12,4.54,216,Train,295
replica4_6MM5_67,6MM5,12,4.54,216,Train,295
replica5_6MM5_67,6MM5,12,4.54,216,Train,295
replica1_6MM5_74,6MM5,12,4.54,216,Train,295
replica2_6MM5_74,6MM5,12,4.54,216,Train,295
replica3_6MM5_74,6MM5,12,4.54,216,Train,295
replica4_6MM5_74,6MM5,12,4.54,216,Train,295
replica5_6MM5_74,6MM5,12,4.54,216,Train,295
replica1_6MM5_80,6MM5,12,4.54,216,Train,295
replica2_6MM5_80,6MM5,12,4.54,216,Train,295
replica3_6MM5_80,6MM5,12,4.54,216,Train,295
replica4_6MM5_80,6MM5,12,4.54,216,Train,295
replica5_6MM5_80,6MM5,12,4.54,216,Train,295
replica1_6MM5_87,6MM5,12,4.54,216,Train,295
replica2_6MM5_87,6MM5,12,4.54,216,Train,295
replica3_6MM5_87,6MM5,12,4.54,216,Train,295
replica4_6MM5_87,6MM5,12,4.54,216,Train,295
replica5_6MM5_87,6MM5,12,4.54,216,Train,295
replica1_6MM5_93,6MM5,12,4.54,216,Train,295
replica2_6MM5_93,6MM5,12,4.54,216,Train,295
replica3_6MM5_93,6MM5,12,4.54,216,Train,295
replica4_6MM5_93,6MM5,12,4.54,216,Train,295
replica5_6MM5_93,6MM5,12,4.54,216,Train,295
replica1_6MM5_100,6MM5,12,4.54,216,Train,295
replica2_6MM5_100,6MM5,12,4.54,216,Train,295
replica3_6MM5_100,6MM5,12,4.54,216,Train,295
replica4_6MM5_100,6MM5,12,4.54,216,Train,295
replica5_6MM5_100,6MM5,12,4.54,216,Train,295
replica1_6MQC_1,6MQC,8,8.28,78,Train,257
replica2_6MQC_1,6MQC,8,8.28,78,Train,257
replica3_6MQC_1,6MQC,8,8.28,78,Train,257
replica4_6MQC_1,6MQC,8,8.28,78,Train,257
replica5_6MQC_1,6MQC,8,8.28,78,Train,257
replica1_6MQC_8,6MQC,8,8.28,78,Train,257
replica2_6MQC_8,6MQC,8,8.28,78,Train,257
replica3_6MQC_8,6MQC,8,8.28,78,Train,257
replica4_6MQC_8,6MQC,8,8.28,78,Train,257
replica5_6MQC_8,6MQC,8,8.28,78,Train,257
replica1_6MQC_14,6MQC,8,8.28,78,Train,257
replica2_6MQC_14,6MQC,8,8.28,78,Train,257
replica3_6MQC_14,6MQC,8,8.28,78,Train,257
replica4_6MQC_14,6MQC,8,8.28,78,Train,257
replica5_6MQC_14,6MQC,8,8.28,78,Train,257
replica1_6MQC_21,6MQC,8,8.28,78,Train,257
replica2_6MQC_21,6MQC,8,8.28,78,Train,257
replica3_6MQC_21,6MQC,8,8.28,78,Train,257
replica4_6MQC_21,6MQC,8,8.28,78,Train,257
replica5_6MQC_21,6MQC,8,8.28,78,Train,257
replica1_6MQC_27,6MQC,8,8.28,78,Train,257
replica2_6MQC_27,6MQC,8,8.28,78,Train,257
replica3_6MQC_27,6MQC,8,8.28,78,Train,257
replica4_6MQC_27,6MQC,8,8.28,78,Train,257
replica5_6MQC_27,6MQC,8,8.28,78,Train,257
replica1_6MQC_34,6MQC,8,8.28,78,Train,257
replica2_6MQC_34,6MQC,8,8.28,78,Train,257
replica3_6MQC_34,6MQC,8,8.28,78,Train,257
replica4_6MQC_34,6MQC,8,8.28,78,Train,257
replica5_6MQC_34,6MQC,8,8.28,78,Train,257
replica1_6MQC_41,6MQC,8,8.28,78,Train,257
replica2_6MQC_41,6MQC,8,8.28,78,Train,257
replica3_6MQC_41,6MQC,8,8.28,78,Train,257
replica4_6MQC_41,6MQC,8,8.28,78,Train,257
replica5_6MQC_41,6MQC,8,8.28,78,Train,257
replica1_6MQC_47,6MQC,8,8.28,78,Train,257
replica2_6MQC_47,6MQC,8,8.28,78,Train,257
replica3_6MQC_47,6MQC,8,8.28,78,Train,257
replica4_6MQC_47,6MQC,8,8.28,78,Train,257
replica5_6MQC_47,6MQC,8,8.28,78,Train,257
replica1_6MQC_54,6MQC,8,8.28,78,Train,257
replica2_6MQC_54,6MQC,8,8.28,78,Train,257
replica3_6MQC_54,6MQC,8,8.28,78,Train,257
replica4_6MQC_54,6MQC,8,8.28,78,Train,257
replica5_6MQC_54,6MQC,8,8.28,78,Train,257
replica1_6MQC_60,6MQC,8,8.28,78,Train,257
replica2_6MQC_60,6MQC,8,8.28,78,Train,257
replica3_6MQC_60,6MQC,8,8.28,78,Train,257
replica4_6MQC_60,6MQC,8,8.28,78,Train,257
replica5_6MQC_60,6MQC,8,8.28,78,Train,257
replica1_6MQC_67,6MQC,8,8.28,78,Train,257
replica2_6MQC_67,6MQC,8,8.28,78,Train,257
replica3_6MQC_67,6MQC,8,8.28,78,Train,257
replica4_6MQC_67,6MQC,8,8.28,78,Train,257
replica5_6MQC_67,6MQC,8,8.28,78,Train,257
replica1_6MQC_74,6MQC,8,8.28,78,Train,257
replica2_6MQC_74,6MQC,8,8.28,78,Train,257
replica3_6MQC_74,6MQC,8,8.28,78,Train,257
replica4_6MQC_74,6MQC,8,8.28,78,Train,257
replica5_6MQC_74,6MQC,8,8.28,78,Train,257
replica1_6MQC_80,6MQC,8,8.28,78,Train,257
replica2_6MQC_80,6MQC,8,8.28,78,Train,257
replica3_6MQC_80,6MQC,8,8.28,78,Train,257
replica4_6MQC_80,6MQC,8,8.28,78,Train,257
replica5_6MQC_80,6MQC,8,8.28,78,Train,257
replica1_6MQC_87,6MQC,8,8.28,78,Train,257
replica2_6MQC_87,6MQC,8,8.28,78,Train,257
replica3_6MQC_87,6MQC,8,8.28,78,Train,257
replica4_6MQC_87,6MQC,8,8.28,78,Train,257
replica5_6MQC_87,6MQC,8,8.28,78,Train,257
replica1_6MQC_93,6MQC,8,8.28,78,Train,257
replica2_6MQC_93,6MQC,8,8.28,78,Train,257
replica3_6MQC_93,6MQC,8,8.28,78,Train,257
replica4_6MQC_93,6MQC,8,8.28,78,Train,257
replica5_6MQC_93,6MQC,8,8.28,78,Train,257
replica1_6MQC_100,6MQC,8,8.28,78,Train,257
replica2_6MQC_100,6MQC,8,8.28,78,Train,257
replica3_6MQC_100,6MQC,8,8.28,78,Train,257
replica4_6MQC_100,6MQC,8,8.28,78,Train,257
replica5_6MQC_100,6MQC,8,8.28,78,Train,257
replica1_6MQE_1,6MQE,8,11.29,217,Test,
replica2_6MQE_1,6MQE,8,11.29,217,Test,
replica3_6MQE_1,6MQE,8,11.29,217,Test,
replica4_6MQE_1,6MQE,8,11.29,217,Test,
replica5_6MQE_1,6MQE,8,11.29,217,Test,
replica1_6MQE_8,6MQE,8,11.29,217,Test,
replica2_6MQE_8,6MQE,8,11.29,217,Test,
replica3_6MQE_8,6MQE,8,11.29,217,Test,
replica4_6MQE_8,6MQE,8,11.29,217,Test,
replica5_6MQE_8,6MQE,8,11.29,217,Test,
replica1_6MQE_14,6MQE,8,11.29,217,Test,
replica2_6MQE_14,6MQE,8,11.29,217,Test,
replica3_6MQE_14,6MQE,8,11.29,217,Test,
replica4_6MQE_14,6MQE,8,11.29,217,Test,
replica5_6MQE_14,6MQE,8,11.29,217,Test,
replica1_6MQE_21,6MQE,8,11.29,217,Test,
replica2_6MQE_21,6MQE,8,11.29,217,Test,
replica3_6MQE_21,6MQE,8,11.29,217,Test,
replica4_6MQE_21,6MQE,8,11.29,217,Test,
replica5_6MQE_21,6MQE,8,11.29,217,Test,
replica1_6MQE_27,6MQE,8,11.29,217,Test,
replica2_6MQE_27,6MQE,8,11.29,217,Test,
replica3_6MQE_27,6MQE,8,11.29,217,Test,
replica4_6MQE_27,6MQE,8,11.29,217,Test,
replica5_6MQE_27,6MQE,8,11.29,217,Test,
replica1_6MQE_34,6MQE,8,11.29,217,Test,
replica2_6MQE_34,6MQE,8,11.29,217,Test,
replica3_6MQE_34,6MQE,8,11.29,217,Test,
replica4_6MQE_34,6MQE,8,11.29,217,Test,
replica5_6MQE_34,6MQE,8,11.29,217,Test,
replica1_6MQE_41,6MQE,8,11.29,217,Test,
replica2_6MQE_41,6MQE,8,11.29,217,Test,
replica3_6MQE_41,6MQE,8,11.29,217,Test,
replica4_6MQE_41,6MQE,8,11.29,217,Test,
replica5_6MQE_41,6MQE,8,11.29,217,Test,
replica1_6MQE_47,6MQE,8,11.29,217,Test,
replica2_6MQE_47,6MQE,8,11.29,217,Test,
replica3_6MQE_47,6MQE,8,11.29,217,Test,
replica4_6MQE_47,6MQE,8,11.29,217,Test,
replica5_6MQE_47,6MQE,8,11.29,217,Test,
replica1_6MQE_54,6MQE,8,11.29,217,Test,
replica2_6MQE_54,6MQE,8,11.29,217,Test,
replica3_6MQE_54,6MQE,8,11.29,217,Test,
replica4_6MQE_54,6MQE,8,11.29,217,Test,
replica5_6MQE_54,6MQE,8,11.29,217,Test,
replica1_6MQE_60,6MQE,8,11.29,217,Test,
replica2_6MQE_60,6MQE,8,11.29,217,Test,
replica3_6MQE_60,6MQE,8,11.29,217,Test,
replica4_6MQE_60,6MQE,8,11.29,217,Test,
replica5_6MQE_60,6MQE,8,11.29,217,Test,
replica1_6MQE_67,6MQE,8,11.29,217,Test,
replica2_6MQE_67,6MQE,8,11.29,217,Test,
replica3_6MQE_67,6MQE,8,11.29,217,Test,
replica4_6MQE_67,6MQE,8,11.29,217,Test,
replica5_6MQE_67,6MQE,8,11.29,217,Test,
replica1_6MQE_74,6MQE,8,11.29,217,Test,
replica2_6MQE_74,6MQE,8,11.29,217,Test,
replica3_6MQE_74,6MQE,8,11.29,217,Test,
replica4_6MQE_74,6MQE,8,11.29,217,Test,
replica5_6MQE_74,6MQE,8,11.29,217,Test,
replica1_6MQE_80,6MQE,8,11.29,217,Test,
replica2_6MQE_80,6MQE,8,11.29,217,Test,
replica3_6MQE_80,6MQE,8,11.29,217,Test,
replica4_6MQE_80,6MQE,8,11.29,217,Test,
replica5_6MQE_80,6MQE,8,11.29,217,Test,
replica1_6MQE_87,6MQE,8,11.29,217,Test,
replica2_6MQE_87,6MQE,8,11.29,217,Test,
replica3_6MQE_87,6MQE,8,11.29,217,Test,
replica4_6MQE_87,6MQE,8,11.29,217,Test,
replica5_6MQE_87,6MQE,8,11.29,217,Test,
replica1_6MQE_93,6MQE,8,11.29,217,Test,
replica2_6MQE_93,6MQE,8,11.29,217,Test,
replica3_6MQE_93,6MQE,8,11.29,217,Test,
replica4_6MQE_93,6MQE,8,11.29,217,Test,
replica5_6MQE_93,6MQE,8,11.29,217,Test,
replica1_6MQE_100,6MQE,8,11.29,217,Test,
replica2_6MQE_100,6MQE,8,11.29,217,Test,
replica3_6MQE_100,6MQE,8,11.29,217,Test,
replica4_6MQE_100,6MQE,8,11.29,217,Test,
replica5_6MQE_100,6MQE,8,11.29,217,Test,
replica1_6MS1_1,6MS1,8,5.22,25,Train,296
replica2_6MS1_1,6MS1,8,5.22,25,Train,296
replica3_6MS1_1,6MS1,8,5.22,25,Train,296
replica4_6MS1_1,6MS1,8,5.22,25,Train,296
replica5_6MS1_1,6MS1,8,5.22,25,Train,296
replica1_6MS1_15,6MS1,8,5.22,25,Train,296
replica2_6MS1_15,6MS1,8,5.22,25,Train,296
replica3_6MS1_15,6MS1,8,5.22,25,Train,296
replica4_6MS1_15,6MS1,8,5.22,25,Train,296
replica5_6MS1_15,6MS1,8,5.22,25,Train,296
replica1_6MS1_29,6MS1,8,5.22,25,Train,296
replica2_6MS1_29,6MS1,8,5.22,25,Train,296
replica3_6MS1_29,6MS1,8,5.22,25,Train,296
replica4_6MS1_29,6MS1,8,5.22,25,Train,296
replica5_6MS1_29,6MS1,8,5.22,25,Train,296
replica1_6MS1_43,6MS1,8,5.22,25,Train,296
replica2_6MS1_43,6MS1,8,5.22,25,Train,296
replica3_6MS1_43,6MS1,8,5.22,25,Train,296
replica4_6MS1_43,6MS1,8,5.22,25,Train,296
replica5_6MS1_43,6MS1,8,5.22,25,Train,296
replica1_6MS1_58,6MS1,8,5.22,25,Train,296
replica2_6MS1_58,6MS1,8,5.22,25,Train,296
replica3_6MS1_58,6MS1,8,5.22,25,Train,296
replica4_6MS1_58,6MS1,8,5.22,25,Train,296
replica5_6MS1_58,6MS1,8,5.22,25,Train,296
replica1_6MS1_72,6MS1,8,5.22,25,Train,296
replica2_6MS1_72,6MS1,8,5.22,25,Train,296
replica3_6MS1_72,6MS1,8,5.22,25,Train,296
replica4_6MS1_72,6MS1,8,5.22,25,Train,296
replica5_6MS1_72,6MS1,8,5.22,25,Train,296
replica1_6MS1_86,6MS1,8,5.22,25,Train,296
replica2_6MS1_86,6MS1,8,5.22,25,Train,296
replica3_6MS1_86,6MS1,8,5.22,25,Train,296
replica4_6MS1_86,6MS1,8,5.22,25,Train,296
replica5_6MS1_86,6MS1,8,5.22,25,Train,296
replica1_6MS1_100,6MS1,8,5.22,25,Train,296
replica2_6MS1_100,6MS1,8,5.22,25,Train,296
replica3_6MS1_100,6MS1,8,5.22,25,Train,296
replica4_6MS1_100,6MS1,8,5.22,25,Train,296
replica5_6MS1_100,6MS1,8,5.22,25,Train,296
replica1_6MT4_1,6MT4,9,3.82,12,Train,297
replica2_6MT4_1,6MT4,9,3.82,12,Train,297
replica3_6MT4_1,6MT4,9,3.82,12,Train,297
replica4_6MT4_1,6MT4,9,3.82,12,Train,297
replica5_6MT4_1,6MT4,9,3.82,12,Train,297
replica1_6MT5_1,6MT5,9,4.49,12,Train,298
replica2_6MT5_1,6MT5,9,4.49,12,Train,298
replica3_6MT5_1,6MT5,9,4.49,12,Train,298
replica4_6MT5_1,6MT5,9,4.49,12,Train,298
replica5_6MT5_1,6MT5,9,4.49,12,Train,298
replica1_6MT6_1,6MT6,9,3.88,12,Train,297
replica2_6MT6_1,6MT6,9,3.88,12,Train,297
replica3_6MT6_1,6MT6,9,3.88,12,Train,297
replica4_6MT6_1,6MT6,9,3.88,12,Train,297
replica5_6MT6_1,6MT6,9,3.88,12,Train,297
replica1_6MTV_1,6MTV,8,5.11,25,Train,299
replica2_6MTV_1,6MTV,8,5.11,25,Train,299
replica3_6MTV_1,6MTV,8,5.11,25,Train,299
replica4_6MTV_1,6MTV,8,5.11,25,Train,299
replica5_6MTV_1,6MTV,8,5.11,25,Train,299
replica1_6MTV_15,6MTV,8,5.11,25,Train,299
replica2_6MTV_15,6MTV,8,5.11,25,Train,299
replica3_6MTV_15,6MTV,8,5.11,25,Train,299
replica4_6MTV_15,6MTV,8,5.11,25,Train,299
replica5_6MTV_15,6MTV,8,5.11,25,Train,299
replica1_6MTV_29,6MTV,8,5.11,25,Train,299
replica2_6MTV_29,6MTV,8,5.11,25,Train,299
replica3_6MTV_29,6MTV,8,5.11,25,Train,299
replica4_6MTV_29,6MTV,8,5.11,25,Train,299
replica5_6MTV_29,6MTV,8,5.11,25,Train,299
replica1_6MTV_43,6MTV,8,5.11,25,Train,299
replica2_6MTV_43,6MTV,8,5.11,25,Train,299
replica3_6MTV_43,6MTV,8,5.11,25,Train,299
replica4_6MTV_43,6MTV,8,5.11,25,Train,299
replica5_6MTV_43,6MTV,8,5.11,25,Train,299
replica1_6MTV_58,6MTV,8,5.11,25,Train,299
replica2_6MTV_58,6MTV,8,5.11,25,Train,299
replica3_6MTV_58,6MTV,8,5.11,25,Train,299
replica4_6MTV_58,6MTV,8,5.11,25,Train,299
replica5_6MTV_58,6MTV,8,5.11,25,Train,299
replica1_6MTV_72,6MTV,8,5.11,25,Train,299
replica2_6MTV_72,6MTV,8,5.11,25,Train,299
replica3_6MTV_72,6MTV,8,5.11,25,Train,299
replica4_6MTV_72,6MTV,8,5.11,25,Train,299
replica5_6MTV_72,6MTV,8,5.11,25,Train,299
replica1_6MTV_86,6MTV,8,5.11,25,Train,299
replica2_6MTV_86,6MTV,8,5.11,25,Train,299
replica3_6MTV_86,6MTV,8,5.11,25,Train,299
replica4_6MTV_86,6MTV,8,5.11,25,Train,299
replica5_6MTV_86,6MTV,8,5.11,25,Train,299
replica1_6MTV_100,6MTV,8,5.11,25,Train,299
replica2_6MTV_100,6MTV,8,5.11,25,Train,299
replica3_6MTV_100,6MTV,8,5.11,25,Train,299
replica4_6MTV_100,6MTV,8,5.11,25,Train,299
replica5_6MTV_100,6MTV,8,5.11,25,Train,299
replica1_6N3E_1,6N3E,7,4.72,58,Train,300
replica2_6N3E_1,6N3E,7,4.72,58,Train,300
replica3_6N3E_1,6N3E,7,4.72,58,Train,300
replica4_6N3E_1,6N3E,7,4.72,58,Train,300
replica5_6N3E_1,6N3E,7,4.72,58,Train,300
replica1_6N3E_26,6N3E,7,4.72,58,Train,300
replica2_6N3E_26,6N3E,7,4.72,58,Train,300
replica3_6N3E_26,6N3E,7,4.72,58,Train,300
replica4_6N3E_26,6N3E,7,4.72,58,Train,300
replica5_6N3E_26,6N3E,7,4.72,58,Train,300
replica1_6N3E_51,6N3E,7,4.72,58,Train,300
replica2_6N3E_51,6N3E,7,4.72,58,Train,300
replica3_6N3E_51,6N3E,7,4.72,58,Train,300
replica4_6N3E_51,6N3E,7,4.72,58,Train,300
replica5_6N3E_51,6N3E,7,4.72,58,Train,300
replica1_6N3E_75,6N3E,7,4.72,58,Train,300
replica2_6N3E_75,6N3E,7,4.72,58,Train,300
replica3_6N3E_75,6N3E,7,4.72,58,Train,300
replica4_6N3E_75,6N3E,7,4.72,58,Train,300
replica5_6N3E_75,6N3E,7,4.72,58,Train,300
replica1_6N3E_100,6N3E,7,4.72,58,Train,300
replica2_6N3E_100,6N3E,7,4.72,58,Train,300
replica3_6N3E_100,6N3E,7,4.72,58,Train,300
replica4_6N3E_100,6N3E,7,4.72,58,Train,300
replica5_6N3E_100,6N3E,7,4.72,58,Train,300
replica1_6N3F_1,6N3F,4,6.1,218,Train,301
replica2_6N3F_1,6N3F,4,6.1,218,Train,301
replica3_6N3F_1,6N3F,4,6.1,218,Train,301
replica4_6N3F_1,6N3F,4,6.1,218,Train,301
replica5_6N3F_1,6N3F,4,6.1,218,Train,301
replica1_6N3F_26,6N3F,4,6.1,218,Train,301
replica2_6N3F_26,6N3F,4,6.1,218,Train,301
replica3_6N3F_26,6N3F,4,6.1,218,Train,301
replica4_6N3F_26,6N3F,4,6.1,218,Train,301
replica5_6N3F_26,6N3F,4,6.1,218,Train,301
replica1_6N3F_51,6N3F,4,6.1,218,Train,301
replica2_6N3F_51,6N3F,4,6.1,218,Train,301
replica3_6N3F_51,6N3F,4,6.1,218,Train,301
replica4_6N3F_51,6N3F,4,6.1,218,Train,301
replica5_6N3F_51,6N3F,4,6.1,218,Train,301
replica1_6N3F_75,6N3F,4,6.1,218,Train,301
replica2_6N3F_75,6N3F,4,6.1,218,Train,301
replica3_6N3F_75,6N3F,4,6.1,218,Train,301
replica4_6N3F_75,6N3F,4,6.1,218,Train,301
replica5_6N3F_75,6N3F,4,6.1,218,Train,301
replica1_6N3F_100,6N3F,4,6.1,218,Train,301
replica2_6N3F_100,6N3F,4,6.1,218,Train,301
replica3_6N3F_100,6N3F,4,6.1,218,Train,301
replica4_6N3F_100,6N3F,4,6.1,218,Train,301
replica5_6N3F_100,6N3F,4,6.1,218,Train,301
replica1_6NCP_1,6NCP,5,5.74,219,Train,302
replica2_6NCP_1,6NCP,5,5.74,219,Train,302
replica3_6NCP_1,6NCP,5,5.74,219,Train,302
replica4_6NCP_1,6NCP,5,5.74,219,Train,302
replica5_6NCP_1,6NCP,5,5.74,219,Train,302
replica1_6NCP_8,6NCP,5,5.74,219,Train,302
replica2_6NCP_8,6NCP,5,5.74,219,Train,302
replica3_6NCP_8,6NCP,5,5.74,219,Train,302
replica4_6NCP_8,6NCP,5,5.74,219,Train,302
replica5_6NCP_8,6NCP,5,5.74,219,Train,302
replica1_6NCP_14,6NCP,5,5.74,219,Train,302
replica2_6NCP_14,6NCP,5,5.74,219,Train,302
replica3_6NCP_14,6NCP,5,5.74,219,Train,302
replica4_6NCP_14,6NCP,5,5.74,219,Train,302
replica5_6NCP_14,6NCP,5,5.74,219,Train,302
replica1_6NCP_21,6NCP,5,5.74,219,Train,302
replica2_6NCP_21,6NCP,5,5.74,219,Train,302
replica3_6NCP_21,6NCP,5,5.74,219,Train,302
replica4_6NCP_21,6NCP,5,5.74,219,Train,302
replica5_6NCP_21,6NCP,5,5.74,219,Train,302
replica1_6NCP_27,6NCP,5,5.74,219,Train,302
replica2_6NCP_27,6NCP,5,5.74,219,Train,302
replica3_6NCP_27,6NCP,5,5.74,219,Train,302
replica4_6NCP_27,6NCP,5,5.74,219,Train,302
replica5_6NCP_27,6NCP,5,5.74,219,Train,302
replica1_6NCP_34,6NCP,5,5.74,219,Train,302
replica2_6NCP_34,6NCP,5,5.74,219,Train,302
replica3_6NCP_34,6NCP,5,5.74,219,Train,302
replica4_6NCP_34,6NCP,5,5.74,219,Train,302
replica5_6NCP_34,6NCP,5,5.74,219,Train,302
replica1_6NCP_41,6NCP,5,5.74,219,Train,302
replica2_6NCP_41,6NCP,5,5.74,219,Train,302
replica3_6NCP_41,6NCP,5,5.74,219,Train,302
replica4_6NCP_41,6NCP,5,5.74,219,Train,302
replica5_6NCP_41,6NCP,5,5.74,219,Train,302
replica1_6NCP_47,6NCP,5,5.74,219,Train,302
replica2_6NCP_47,6NCP,5,5.74,219,Train,302
replica3_6NCP_47,6NCP,5,5.74,219,Train,302
replica4_6NCP_47,6NCP,5,5.74,219,Train,302
replica5_6NCP_47,6NCP,5,5.74,219,Train,302
replica1_6NCP_54,6NCP,5,5.74,219,Train,302
replica2_6NCP_54,6NCP,5,5.74,219,Train,302
replica3_6NCP_54,6NCP,5,5.74,219,Train,302
replica4_6NCP_54,6NCP,5,5.74,219,Train,302
replica5_6NCP_54,6NCP,5,5.74,219,Train,302
replica1_6NCP_60,6NCP,5,5.74,219,Train,302
replica2_6NCP_60,6NCP,5,5.74,219,Train,302
replica3_6NCP_60,6NCP,5,5.74,219,Train,302
replica4_6NCP_60,6NCP,5,5.74,219,Train,302
replica5_6NCP_60,6NCP,5,5.74,219,Train,302
replica1_6NCP_67,6NCP,5,5.74,219,Train,302
replica2_6NCP_67,6NCP,5,5.74,219,Train,302
replica3_6NCP_67,6NCP,5,5.74,219,Train,302
replica4_6NCP_67,6NCP,5,5.74,219,Train,302
replica5_6NCP_67,6NCP,5,5.74,219,Train,302
replica1_6NCP_74,6NCP,5,5.74,219,Train,302
replica2_6NCP_74,6NCP,5,5.74,219,Train,302
replica3_6NCP_74,6NCP,5,5.74,219,Train,302
replica4_6NCP_74,6NCP,5,5.74,219,Train,302
replica5_6NCP_74,6NCP,5,5.74,219,Train,302
replica1_6NCP_80,6NCP,5,5.74,219,Train,302
replica2_6NCP_80,6NCP,5,5.74,219,Train,302
replica3_6NCP_80,6NCP,5,5.74,219,Train,302
replica4_6NCP_80,6NCP,5,5.74,219,Train,302
replica5_6NCP_80,6NCP,5,5.74,219,Train,302
replica1_6NCP_87,6NCP,5,5.74,219,Train,302
replica2_6NCP_87,6NCP,5,5.74,219,Train,302
replica3_6NCP_87,6NCP,5,5.74,219,Train,302
replica4_6NCP_87,6NCP,5,5.74,219,Train,302
replica5_6NCP_87,6NCP,5,5.74,219,Train,302
replica1_6NCP_93,6NCP,5,5.74,219,Train,302
replica2_6NCP_93,6NCP,5,5.74,219,Train,302
replica3_6NCP_93,6NCP,5,5.74,219,Train,302
replica4_6NCP_93,6NCP,5,5.74,219,Train,302
replica5_6NCP_93,6NCP,5,5.74,219,Train,302
replica1_6NCP_100,6NCP,5,5.74,219,Train,302
replica2_6NCP_100,6NCP,5,5.74,219,Train,302
replica3_6NCP_100,6NCP,5,5.74,219,Train,302
replica4_6NCP_100,6NCP,5,5.74,219,Train,302
replica5_6NCP_100,6NCP,5,5.74,219,Train,302
replica1_6NSX_1,6NSX,6,6.64,218,Train,303
replica2_6NSX_1,6NSX,6,6.64,218,Train,303
replica3_6NSX_1,6NSX,6,6.64,218,Train,303
replica4_6NSX_1,6NSX,6,6.64,218,Train,303
replica5_6NSX_1,6NSX,6,6.64,218,Train,303
replica1_6NSX_26,6NSX,6,6.64,218,Train,303
replica2_6NSX_26,6NSX,6,6.64,218,Train,303
replica3_6NSX_26,6NSX,6,6.64,218,Train,303
replica4_6NSX_26,6NSX,6,6.64,218,Train,303
replica5_6NSX_26,6NSX,6,6.64,218,Train,303
replica1_6NSX_51,6NSX,6,6.64,218,Train,303
replica2_6NSX_51,6NSX,6,6.64,218,Train,303
replica3_6NSX_51,6NSX,6,6.64,218,Train,303
replica4_6NSX_51,6NSX,6,6.64,218,Train,303
replica5_6NSX_51,6NSX,6,6.64,218,Train,303
replica1_6NSX_75,6NSX,6,6.64,218,Train,303
replica2_6NSX_75,6NSX,6,6.64,218,Train,303
replica3_6NSX_75,6NSX,6,6.64,218,Train,303
replica4_6NSX_75,6NSX,6,6.64,218,Train,303
replica5_6NSX_75,6NSX,6,6.64,218,Train,303
replica1_6NSX_100,6NSX,6,6.64,218,Train,303
replica2_6NSX_100,6NSX,6,6.64,218,Train,303
replica3_6NSX_100,6NSX,6,6.64,218,Train,303
replica4_6NSX_100,6NSX,6,6.64,218,Train,303
replica5_6NSX_100,6NSX,6,6.64,218,Train,303
replica1_6O9C_1,6O9C,9,7.55,12,Train,304
replica2_6O9C_1,6O9C,9,7.55,12,Train,304
replica3_6O9C_1,6O9C,9,7.55,12,Train,304
replica4_6O9C_1,6O9C,9,7.55,12,Train,304
replica5_6O9C_1,6O9C,9,7.55,12,Train,304
replica1_6O9C_26,6O9C,9,7.55,12,Train,304
replica2_6O9C_26,6O9C,9,7.55,12,Train,304
replica3_6O9C_26,6O9C,9,7.55,12,Train,304
replica4_6O9C_26,6O9C,9,7.55,12,Train,304
replica5_6O9C_26,6O9C,9,7.55,12,Train,304
replica1_6O9C_51,6O9C,9,7.55,12,Train,304
replica2_6O9C_51,6O9C,9,7.55,12,Train,304
replica3_6O9C_51,6O9C,9,7.55,12,Train,304
replica4_6O9C_51,6O9C,9,7.55,12,Train,304
replica5_6O9C_51,6O9C,9,7.55,12,Train,304
replica1_6O9C_75,6O9C,9,7.55,12,Train,304
replica2_6O9C_75,6O9C,9,7.55,12,Train,304
replica3_6O9C_75,6O9C,9,7.55,12,Train,304
replica4_6O9C_75,6O9C,9,7.55,12,Train,304
replica5_6O9C_75,6O9C,9,7.55,12,Train,304
replica1_6O9C_100,6O9C,9,7.55,12,Train,304
replica2_6O9C_100,6O9C,9,7.55,12,Train,304
replica3_6O9C_100,6O9C,9,7.55,12,Train,304
replica4_6O9C_100,6O9C,9,7.55,12,Train,304
replica5_6O9C_100,6O9C,9,7.55,12,Train,304
replica1_6P3W_1,6P3W,7,6.26,15,Test,
replica2_6P3W_1,6P3W,7,6.26,15,Test,
replica3_6P3W_1,6P3W,7,6.26,15,Test,
replica4_6P3W_1,6P3W,7,6.26,15,Test,
replica5_6P3W_1,6P3W,7,6.26,15,Test,
replica1_6P3W_100,6P3W,7,6.26,15,Test,
replica2_6P3W_100,6P3W,7,6.26,15,Test,
replica3_6P3W_100,6P3W,7,6.26,15,Test,
replica4_6P3W_100,6P3W,7,6.26,15,Test,
replica5_6P3W_100,6P3W,7,6.26,15,Test,
replica1_6PEU_1,6PEU,12,5.89,220,Test,
replica2_6PEU_1,6PEU,12,5.89,220,Test,
replica3_6PEU_1,6PEU,12,5.89,220,Test,
replica4_6PEU_1,6PEU,12,5.89,220,Test,
replica5_6PEU_1,6PEU,12,5.89,220,Test,
replica1_6PEU_8,6PEU,12,5.89,220,Test,
replica2_6PEU_8,6PEU,12,5.89,220,Test,
replica3_6PEU_8,6PEU,12,5.89,220,Test,
replica4_6PEU_8,6PEU,12,5.89,220,Test,
replica5_6PEU_8,6PEU,12,5.89,220,Test,
replica1_6PEU_14,6PEU,12,5.89,220,Test,
replica2_6PEU_14,6PEU,12,5.89,220,Test,
replica3_6PEU_14,6PEU,12,5.89,220,Test,
replica4_6PEU_14,6PEU,12,5.89,220,Test,
replica5_6PEU_14,6PEU,12,5.89,220,Test,
replica1_6PEU_21,6PEU,12,5.89,220,Test,
replica2_6PEU_21,6PEU,12,5.89,220,Test,
replica3_6PEU_21,6PEU,12,5.89,220,Test,
replica4_6PEU_21,6PEU,12,5.89,220,Test,
replica5_6PEU_21,6PEU,12,5.89,220,Test,
replica1_6PEU_27,6PEU,12,5.89,220,Test,
replica2_6PEU_27,6PEU,12,5.89,220,Test,
replica3_6PEU_27,6PEU,12,5.89,220,Test,
replica4_6PEU_27,6PEU,12,5.89,220,Test,
replica5_6PEU_27,6PEU,12,5.89,220,Test,
replica1_6PEU_34,6PEU,12,5.89,220,Test,
replica2_6PEU_34,6PEU,12,5.89,220,Test,
replica3_6PEU_34,6PEU,12,5.89,220,Test,
replica4_6PEU_34,6PEU,12,5.89,220,Test,
replica5_6PEU_34,6PEU,12,5.89,220,Test,
replica1_6PEU_41,6PEU,12,5.89,220,Test,
replica2_6PEU_41,6PEU,12,5.89,220,Test,
replica3_6PEU_41,6PEU,12,5.89,220,Test,
replica4_6PEU_41,6PEU,12,5.89,220,Test,
replica5_6PEU_41,6PEU,12,5.89,220,Test,
replica1_6PEU_47,6PEU,12,5.89,220,Test,
replica2_6PEU_47,6PEU,12,5.89,220,Test,
replica3_6PEU_47,6PEU,12,5.89,220,Test,
replica4_6PEU_47,6PEU,12,5.89,220,Test,
replica5_6PEU_47,6PEU,12,5.89,220,Test,
replica1_6PEU_54,6PEU,12,5.89,220,Test,
replica2_6PEU_54,6PEU,12,5.89,220,Test,
replica3_6PEU_54,6PEU,12,5.89,220,Test,
replica4_6PEU_54,6PEU,12,5.89,220,Test,
replica5_6PEU_54,6PEU,12,5.89,220,Test,
replica1_6PEU_60,6PEU,12,5.89,220,Test,
replica2_6PEU_60,6PEU,12,5.89,220,Test,
replica3_6PEU_60,6PEU,12,5.89,220,Test,
replica4_6PEU_60,6PEU,12,5.89,220,Test,
replica5_6PEU_60,6PEU,12,5.89,220,Test,
replica1_6PEU_67,6PEU,12,5.89,220,Test,
replica2_6PEU_67,6PEU,12,5.89,220,Test,
replica3_6PEU_67,6PEU,12,5.89,220,Test,
replica4_6PEU_67,6PEU,12,5.89,220,Test,
replica5_6PEU_67,6PEU,12,5.89,220,Test,
replica1_6PEU_74,6PEU,12,5.89,220,Test,
replica2_6PEU_74,6PEU,12,5.89,220,Test,
replica3_6PEU_74,6PEU,12,5.89,220,Test,
replica4_6PEU_74,6PEU,12,5.89,220,Test,
replica5_6PEU_74,6PEU,12,5.89,220,Test,
replica1_6PEU_80,6PEU,12,5.89,220,Test,
replica2_6PEU_80,6PEU,12,5.89,220,Test,
replica3_6PEU_80,6PEU,12,5.89,220,Test,
replica4_6PEU_80,6PEU,12,5.89,220,Test,
replica5_6PEU_80,6PEU,12,5.89,220,Test,
replica1_6PEU_87,6PEU,12,5.89,220,Test,
replica2_6PEU_87,6PEU,12,5.89,220,Test,
replica3_6PEU_87,6PEU,12,5.89,220,Test,
replica4_6PEU_87,6PEU,12,5.89,220,Test,
replica5_6PEU_87,6PEU,12,5.89,220,Test,
replica1_6PEU_93,6PEU,12,5.89,220,Test,
replica2_6PEU_93,6PEU,12,5.89,220,Test,
replica3_6PEU_93,6PEU,12,5.89,220,Test,
replica4_6PEU_93,6PEU,12,5.89,220,Test,
replica5_6PEU_93,6PEU,12,5.89,220,Test,
replica1_6PEU_100,6PEU,12,5.89,220,Test,
replica2_6PEU_100,6PEU,12,5.89,220,Test,
replica3_6PEU_100,6PEU,12,5.89,220,Test,
replica4_6PEU_100,6PEU,12,5.89,220,Test,
replica5_6PEU_100,6PEU,12,5.89,220,Test,
replica1_6Q3Q_1,6Q3Q,8,4.45,113,Train,305
replica2_6Q3Q_1,6Q3Q,8,4.45,113,Train,305
replica3_6Q3Q_1,6Q3Q,8,4.45,113,Train,305
replica4_6Q3Q_1,6Q3Q,8,4.45,113,Train,305
replica5_6Q3Q_1,6Q3Q,8,4.45,113,Train,305
replica1_6Q3Q_15,6Q3Q,8,4.45,113,Train,305
replica2_6Q3Q_15,6Q3Q,8,4.45,113,Train,305
replica3_6Q3Q_15,6Q3Q,8,4.45,113,Train,305
replica4_6Q3Q_15,6Q3Q,8,4.45,113,Train,305
replica5_6Q3Q_15,6Q3Q,8,4.45,113,Train,305
replica1_6Q3Q_29,6Q3Q,8,4.45,113,Train,305
replica2_6Q3Q_29,6Q3Q,8,4.45,113,Train,305
replica3_6Q3Q_29,6Q3Q,8,4.45,113,Train,305
replica4_6Q3Q_29,6Q3Q,8,4.45,113,Train,305
replica5_6Q3Q_29,6Q3Q,8,4.45,113,Train,305
replica1_6Q3Q_43,6Q3Q,8,4.45,113,Train,305
replica2_6Q3Q_43,6Q3Q,8,4.45,113,Train,305
replica3_6Q3Q_43,6Q3Q,8,4.45,113,Train,305
replica4_6Q3Q_43,6Q3Q,8,4.45,113,Train,305
replica5_6Q3Q_43,6Q3Q,8,4.45,113,Train,305
replica1_6Q3Q_58,6Q3Q,8,4.45,113,Train,305
replica2_6Q3Q_58,6Q3Q,8,4.45,113,Train,305
replica3_6Q3Q_58,6Q3Q,8,4.45,113,Train,305
replica4_6Q3Q_58,6Q3Q,8,4.45,113,Train,305
replica5_6Q3Q_58,6Q3Q,8,4.45,113,Train,305
replica1_6Q3Q_72,6Q3Q,8,4.45,113,Train,305
replica2_6Q3Q_72,6Q3Q,8,4.45,113,Train,305
replica3_6Q3Q_72,6Q3Q,8,4.45,113,Train,305
replica4_6Q3Q_72,6Q3Q,8,4.45,113,Train,305
replica5_6Q3Q_72,6Q3Q,8,4.45,113,Train,305
replica1_6Q3Q_86,6Q3Q,8,4.45,113,Train,305
replica2_6Q3Q_86,6Q3Q,8,4.45,113,Train,305
replica3_6Q3Q_86,6Q3Q,8,4.45,113,Train,305
replica4_6Q3Q_86,6Q3Q,8,4.45,113,Train,305
replica5_6Q3Q_86,6Q3Q,8,4.45,113,Train,305
replica1_6Q3Q_100,6Q3Q,8,4.45,113,Train,305
replica2_6Q3Q_100,6Q3Q,8,4.45,113,Train,305
replica3_6Q3Q_100,6Q3Q,8,4.45,113,Train,305
replica4_6Q3Q_100,6Q3Q,8,4.45,113,Train,305
replica5_6Q3Q_100,6Q3Q,8,4.45,113,Train,305
replica1_6QTQ_1,6QTQ,9,3.72,76,Train,306
replica2_6QTQ_1,6QTQ,9,3.72,76,Train,306
replica3_6QTQ_1,6QTQ,9,3.72,76,Train,306
replica4_6QTQ_1,6QTQ,9,3.72,76,Train,306
replica5_6QTQ_1,6QTQ,9,3.72,76,Train,306
replica1_6QTQ_34,6QTQ,9,3.72,76,Train,306
replica2_6QTQ_34,6QTQ,9,3.72,76,Train,306
replica3_6QTQ_34,6QTQ,9,3.72,76,Train,306
replica4_6QTQ_34,6QTQ,9,3.72,76,Train,306
replica5_6QTQ_34,6QTQ,9,3.72,76,Train,306
replica1_6QTQ_67,6QTQ,9,3.72,76,Train,306
replica2_6QTQ_67,6QTQ,9,3.72,76,Train,306
replica3_6QTQ_67,6QTQ,9,3.72,76,Train,306
replica4_6QTQ_67,6QTQ,9,3.72,76,Train,306
replica5_6QTQ_67,6QTQ,9,3.72,76,Train,306
replica1_6QTQ_100,6QTQ,9,3.72,76,Train,306
replica2_6QTQ_100,6QTQ,9,3.72,76,Train,306
replica3_6QTQ_100,6QTQ,9,3.72,76,Train,306
replica4_6QTQ_100,6QTQ,9,3.72,76,Train,306
replica5_6QTQ_100,6QTQ,9,3.72,76,Train,306
replica1_6QTR_1,6QTR,12,4.64,76,Train,307
replica2_6QTR_1,6QTR,12,4.64,76,Train,307
replica3_6QTR_1,6QTR,12,4.64,76,Train,307
replica4_6QTR_1,6QTR,12,4.64,76,Train,307
replica5_6QTR_1,6QTR,12,4.64,76,Train,307
replica1_6QTR_34,6QTR,12,4.64,76,Train,307
replica2_6QTR_34,6QTR,12,4.64,76,Train,307
replica3_6QTR_34,6QTR,12,4.64,76,Train,307
replica4_6QTR_34,6QTR,12,4.64,76,Train,307
replica5_6QTR_34,6QTR,12,4.64,76,Train,307
replica1_6QTR_67,6QTR,12,4.64,76,Train,307
replica2_6QTR_67,6QTR,12,4.64,76,Train,307
replica3_6QTR_67,6QTR,12,4.64,76,Train,307
replica4_6QTR_67,6QTR,12,4.64,76,Train,307
replica5_6QTR_67,6QTR,12,4.64,76,Train,307
replica1_6QTR_100,6QTR,12,4.64,76,Train,307
replica2_6QTR_100,6QTR,12,4.64,76,Train,307
replica3_6QTR_100,6QTR,12,4.64,76,Train,307
replica4_6QTR_100,6QTR,12,4.64,76,Train,307
replica5_6QTR_100,6QTR,12,4.64,76,Train,307
replica1_6QTS_1,6QTS,9,4.8,76,Train,308
replica2_6QTS_1,6QTS,9,4.8,76,Train,308
replica3_6QTS_1,6QTS,9,4.8,76,Train,308
replica4_6QTS_1,6QTS,9,4.8,76,Train,308
replica5_6QTS_1,6QTS,9,4.8,76,Train,308
replica1_6QTS_34,6QTS,9,4.8,76,Train,308
replica2_6QTS_34,6QTS,9,4.8,76,Train,308
replica3_6QTS_34,6QTS,9,4.8,76,Train,308
replica4_6QTS_34,6QTS,9,4.8,76,Train,308
replica5_6QTS_34,6QTS,9,4.8,76,Train,308
replica1_6QTS_67,6QTS,9,4.8,76,Train,308
replica2_6QTS_67,6QTS,9,4.8,76,Train,308
replica3_6QTS_67,6QTS,9,4.8,76,Train,308
replica4_6QTS_67,6QTS,9,4.8,76,Train,308
replica5_6QTS_67,6QTS,9,4.8,76,Train,308
replica1_6QTS_100,6QTS,9,4.8,76,Train,308
replica2_6QTS_100,6QTS,9,4.8,76,Train,308
replica3_6QTS_100,6QTS,9,4.8,76,Train,308
replica4_6QTS_100,6QTS,9,4.8,76,Train,308
replica5_6QTS_100,6QTS,9,4.8,76,Train,308
replica1_6QTX_1,6QTX,10,4.41,76,Train,309
replica2_6QTX_1,6QTX,10,4.41,76,Train,309
replica3_6QTX_1,6QTX,10,4.41,76,Train,309
replica4_6QTX_1,6QTX,10,4.41,76,Train,309
replica5_6QTX_1,6QTX,10,4.41,76,Train,309
replica1_6QTX_34,6QTX,10,4.41,76,Train,309
replica2_6QTX_34,6QTX,10,4.41,76,Train,309
replica3_6QTX_34,6QTX,10,4.41,76,Train,309
replica4_6QTX_34,6QTX,10,4.41,76,Train,309
replica5_6QTX_34,6QTX,10,4.41,76,Train,309
replica1_6QTX_67,6QTX,10,4.41,76,Train,309
replica2_6QTX_67,6QTX,10,4.41,76,Train,309
replica3_6QTX_67,6QTX,10,4.41,76,Train,309
replica4_6QTX_67,6QTX,10,4.41,76,Train,309
replica5_6QTX_67,6QTX,10,4.41,76,Train,309
replica1_6QTX_100,6QTX,10,4.41,76,Train,309
replica2_6QTX_100,6QTX,10,4.41,76,Train,309
replica3_6QTX_100,6QTX,10,4.41,76,Train,309
replica4_6QTX_100,6QTX,10,4.41,76,Train,309
replica5_6QTX_100,6QTX,10,4.41,76,Train,309
